hora_do_dia,dia_semana,tipo_endereco,taxa_historica_cep,peso_kg,volume_l,chuva_mm,temperatura_c,tentativas_anteriores,motorista_experiente,probabilidade_verdadeira,rotulo_invertido,falhou
9,TUESDAY,COMERCIAL,0.0500,7.23,41.70,0.0,23.8,0,1,0.055911,0,0
6,MONDAY,COMERCIAL,0.1500,0.42,11.52,0.0,27.4,1,0,0.269843,0,1
17,SUNDAY,CONDOMINIO,0.1200,1.30,14.63,15.3,18.3,0,1,0.127363,0,0
17,FRIDAY,COMERCIAL,0.3100,3.52,61.65,0.6,19.7,1,1,0.376507,0,1
8,SUNDAY,RESIDENCIAL,0.1200,0.46,15.10,0.0,29.8,0,0,0.072286,0,0
20,FRIDAY,RESIDENCIAL,0.0900,2.66,42.00,10.6,25.7,0,1,0.152581,0,0
15,TUESDAY,RESIDENCIAL,0.1500,1.27,4.72,18.5,17.9,0,1,0.113159,0,0
8,SUNDAY,RESIDENCIAL,0.2200,0.80,33.50,0.0,23.4,0,1,0.060200,0,0
12,TUESDAY,RESIDENCIAL,0.2500,6.68,84.97,0.0,20.3,0,1,0.120562,0,0
9,FRIDAY,RESIDENCIAL,0.1100,0.67,17.42,0.0,28.1,0,0,0.075051,0,0
8,WEDNESDAY,RESIDENCIAL,0.0900,4.18,28.02,0.0,23.1,0,1,0.042639,0,0
16,SUNDAY,COMERCIAL,0.0600,3.34,31.91,0.0,20.9,0,1,0.177868,0,0
6,SUNDAY,CONDOMINIO,0.0900,3.38,42.62,0.0,33.7,0,1,0.075089,0,0
7,FRIDAY,RESIDENCIAL,0.0500,4.04,44.59,4.3,27.7,0,0,0.085244,0,0
17,WEDNESDAY,CONDOMINIO,0.2800,4.69,28.39,25.0,16.4,0,0,0.475971,0,1
10,WEDNESDAY,COMERCIAL,0.2800,1.68,25.31,0.0,22.9,1,1,0.263325,0,0
9,WEDNESDAY,RESIDENCIAL,0.2500,4.99,66.19,0.0,23.5,0,1,0.091914,0,0
20,SATURDAY,RESIDENCIAL,0.0800,10.74,70.73,21.1,23.9,1,0,0.633885,0,1
6,WEDNESDAY,CONDOMINIO,0.1100,1.19,25.62,3.6,26.8,0,1,0.080931,0,0
6,SUNDAY,COMERCIAL,0.1200,2.16,32.01,3.6,28.4,1,1,0.460592,0,1
17,FRIDAY,CONDOMINIO,0.0600,8.60,42.10,0.0,22.5,0,0,0.138644,0,0
7,MONDAY,COMERCIAL,0.3100,1.73,68.20,0.0,30.9,1,0,0.493513,0,0
11,TUESDAY,COMERCIAL,0.1900,20.14,137.74,1.7,20.6,0,0,0.269524,0,0
10,WEDNESDAY,RESIDENCIAL,0.1100,0.83,23.70,15.8,27.8,1,1,0.226628,0,0
11,THURSDAY,RURAL,0.2200,4.11,39.08,1.4,17.1,0,0,0.204903,0,0
7,MONDAY,RURAL,0.1900,2.60,56.36,0.5,23.5,1,1,0.308517,0,0
8,SUNDAY,COMERCIAL,0.1200,3.55,64.28,0.0,28.0,0,1,0.220264,0,0
16,SUNDAY,RESIDENCIAL,0.1900,2.54,23.55,10.3,21.1,0,0,0.161542,0,1
5,SATURDAY,COMERCIAL,0.0900,1.82,34.99,0.0,27.1,1,1,0.534311,0,1
18,THURSDAY,CONDOMINIO,0.0800,12.26,173.18,20.8,20.5,0,0,0.590303,0,0
6,THURSDAY,COMERCIAL,0.1200,4.38,44.43,0.0,21.3,0,0,0.108440,0,0
11,SATURDAY,RESIDENCIAL,0.0800,1.50,27.87,0.0,14.4,0,1,0.029511,0,0
21,MONDAY,RESIDENCIAL,0.2200,8.14,34.49,1.7,23.7,0,0,0.273281,0,0
21,FRIDAY,RESIDENCIAL,0.3100,1.70,30.34,0.0,21.6,3,1,0.862458,0,0
10,THURSDAY,RESIDENCIAL,0.0600,3.07,26.18,0.0,22.7,0,0,0.061541,0,0
6,TUESDAY,RESIDENCIAL,0.1500,0.53,45.71,3.3,22.6,0,0,0.099445,0,1
6,WEDNESDAY,RESIDENCIAL,0.0800,2.23,13.29,1.5,26.5,1,1,0.116748,0,0
9,FRIDAY,COMERCIAL,0.2200,3.15,45.63,0.0,23.2,3,1,0.741786,0,0
10,SATURDAY,RESIDENCIAL,0.1100,3.39,44.94,0.0,26.6,0,1,0.046820,0,0
11,FRIDAY,COMERCIAL,0.3100,5.89,78.37,0.6,22.3,1,1,0.359791,0,0
8,TUESDAY,RESIDENCIAL,0.1200,2.65,22.60,1.0,22.0,0,0,0.077390,0,0
7,THURSDAY,RESIDENCIAL,0.1200,3.09,57.73,5.8,28.9,0,1,0.074273,0,0
7,FRIDAY,RESIDENCIAL,0.0600,7.69,65.03,0.0,28.9,0,1,0.053170,0,0
17,THURSDAY,CONDOMINIO,0.1900,2.01,43.19,0.0,18.2,0,0,0.174655,0,0
14,SUNDAY,CONDOMINIO,0.1200,1.74,18.93,5.1,19.5,0,1,0.088565,0,0
17,TUESDAY,RESIDENCIAL,0.2800,0.99,50.37,0.0,16.3,0,0,0.157391,0,0
8,TUESDAY,RESIDENCIAL,0.0600,0.23,17.29,0.0,23.6,0,0,0.056621,0,0
20,TUESDAY,CONDOMINIO,0.2500,2.55,29.48,0.1,18.0,0,0,0.319987,0,0
13,WEDNESDAY,RESIDENCIAL,0.0800,4.63,80.02,0.0,17.3,1,1,0.154704,0,0
21,WEDNESDAY,CONDOMINIO,0.0600,4.12,55.15,0.0,21.3,0,0,0.212420,1,0
15,SATURDAY,COMERCIAL,0.1200,1.20,23.81,0.0,13.0,0,0,0.271948,0,1
10,MONDAY,COMERCIAL,0.2500,4.94,49.91,0.0,19.6,0,1,0.105754,0,0
16,WEDNESDAY,COMERCIAL,0.1200,7.13,36.67,0.0,15.5,0,1,0.076911,0,0
9,MONDAY,COMERCIAL,0.0900,1.70,28.31,14.5,22.1,3,0,0.833445,0,1
15,SATURDAY,COMERCIAL,0.1100,0.97,45.98,0.0,12.0,0,1,0.180668,0,1
10,MONDAY,RESIDENCIAL,0.1900,2.15,48.85,0.0,18.1,0,0,0.097189,0,0
15,FRIDAY,RESIDENCIAL,0.1200,1.01,20.76,8.3,22.4,0,1,0.076547,0,0
9,WEDNESDAY,CONDOMINIO,0.2200,1.21,34.93,0.0,25.7,0,1,0.105644,0,0
15,WEDNESDAY,RESIDENCIAL,0.1100,2.33,52.14,0.0,22.8,2,1,0.368842,0,0
8,TUESDAY,COMERCIAL,0.3100,2.58,27.50,4.9,26.2,2,1,0.624572,0,1
12,TUESDAY,RESIDENCIAL,0.0800,1.64,29.90,7.9,22.8,0,0,0.113257,0,0
9,SUNDAY,COMERCIAL,0.2500,3.87,33.44,0.3,22.5,2,1,0.776261,0,0
11,MONDAY,RESIDENCIAL,0.1100,3.36,43.36,0.0,25.6,3,0,0.712886,0,0
17,WEDNESDAY,COMERCIAL,0.0600,23.03,250.00,0.0,20.3,0,1,0.201290,0,1
13,MONDAY,COMERCIAL,0.2500,1.99,46.28,5.1,18.4,0,0,0.228354,0,0
12,WEDNESDAY,RESIDENCIAL,0.1100,4.10,56.62,11.6,18.6,0,1,0.096475,0,1
15,SUNDAY,RESIDENCIAL,0.0500,0.77,22.53,1.5,13.1,0,1,0.033533,0,0
16,SUNDAY,COMERCIAL,0.2500,4.14,64.96,0.0,17.1,0,0,0.463898,0,0
8,SUNDAY,RESIDENCIAL,0.0500,0.30,20.12,0.0,28.0,0,0,0.054577,0,0
2,SATURDAY,RURAL,0.2800,2.54,50.84,0.0,31.3,0,1,0.281478,0,0
10,THURSDAY,RURAL,0.2800,3.12,68.04,0.0,24.5,1,1,0.403756,0,1
15,SUNDAY,RESIDENCIAL,0.0800,2.17,20.76,0.0,14.3,0,1,0.037087,0,0
8,THURSDAY,RESIDENCIAL,0.1900,0.57,22.57,3.8,21.1,0,0,0.105037,0,0
13,SATURDAY,COMERCIAL,0.1200,3.17,43.46,0.0,15.7,0,1,0.205395,0,0
2,FRIDAY,RESIDENCIAL,0.0900,9.70,143.27,0.7,26.9,1,1,0.330722,0,0
8,MONDAY,RESIDENCIAL,0.0900,1.24,12.38,0.0,19.9,1,1,0.098724,0,0
19,SUNDAY,CONDOMINIO,0.2800,3.67,30.12,2.4,22.0,0,0,0.372906,0,1
10,SUNDAY,CONDOMINIO,0.0800,0.99,12.75,6.3,19.4,0,1,0.061068,0,0
13,SUNDAY,RESIDENCIAL,0.0600,2.08,19.30,0.0,20.9,0,0,0.065204,0,0
10,FRIDAY,COMERCIAL,0.2200,5.57,22.91,0.0,23.0,0,0,0.150701,0,0
6,MONDAY,RESIDENCIAL,0.2500,3.74,47.74,5.8,25.3,0,1,0.109239,0,0
16,THURSDAY,COMERCIAL,0.2500,3.28,61.38,0.0,24.1,0,1,0.143014,0,0
19,WEDNESDAY,COMERCIAL,0.2800,4.91,48.86,0.3,20.1,1,1,0.488425,0,1
9,FRIDAY,RURAL,0.1900,3.06,87.50,0.0,22.3,0,1,0.139734,0,0
20,WEDNESDAY,RESIDENCIAL,0.1100,6.14,68.71,4.1,23.0,0,0,0.224931,0,0
14,THURSDAY,RESIDENCIAL,0.1500,1.55,10.52,0.0,19.6,0,1,0.055873,0,0
15,FRIDAY,RESIDENCIAL,0.0600,6.19,60.91,0.0,14.3,1,0,0.209886,0,0
14,FRIDAY,CONDOMINIO,0.1900,4.25,42.82,18.9,17.4,0,1,0.228999,0,0
7,TUESDAY,RURAL,0.1900,6.76,44.75,0.0,19.5,2,0,0.689546,0,1
15,SATURDAY,RESIDENCIAL,0.1900,0.78,23.28,0.0,17.1,0,0,0.096618,0,0
17,SUNDAY,RESIDENCIAL,0.0800,1.57,5.18,0.0,17.3,0,1,0.036473,0,0
6,THURSDAY,COMERCIAL,0.1200,4.01,29.34,4.0,28.6,1,1,0.214099,0,1
13,THURSDAY,COMERCIAL,0.2800,1.14,15.17,0.0,19.9,1,1,0.290528,0,1
10,FRIDAY,COMERCIAL,0.0900,0.82,11.73,0.0,23.2,0,0,0.082521,0,0
7,TUESDAY,RESIDENCIAL,0.3100,0.74,27.25,0.0,23.5,0,0,0.146478,0,0
11,WEDNESDAY,CONDOMINIO,0.2200,2.18,29.16,0.0,23.5,0,0,0.163987,0,1
14,THURSDAY,RESIDENCIAL,0.0600,2.86,57.35,0.0,13.3,0,0,0.072891,0,0
17,WEDNESDAY,RESIDENCIAL,0.1500,4.01,74.52,16.4,18.4,0,1,0.142379,0,0
9,MONDAY,COMERCIAL,0.3100,3.35,82.21,0.0,25.5,1,0,0.490649,0,1
23,TUESDAY,RESIDENCIAL,0.0900,3.93,38.30,0.0,23.1,0,0,0.127133,0,1
6,THURSDAY,COMERCIAL,0.2500,1.23,11.99,3.9,31.2,0,1,0.122197,0,0
14,SUNDAY,COMERCIAL,0.3100,15.21,129.56,24.8,19.1,0,0,0.856496,0,1
7,TUESDAY,COMERCIAL,0.0600,2.40,69.66,0.0,29.7,1,1,0.171170,0,0
7,SATURDAY,COMERCIAL,0.2500,2.65,34.50,0.0,29.4,0,0,0.423664,1,1
8,THURSDAY,CONDOMINIO,0.1500,1.58,27.81,0.0,25.3,0,1,0.079933,0,0
10,FRIDAY,RESIDENCIAL,0.0800,5.12,19.40,0.0,23.8,0,0,0.069241,0,0
13,TUESDAY,COMERCIAL,0.1100,5.91,88.09,3.8,18.1,0,1,0.106511,0,0
11,FRIDAY,RESIDENCIAL,0.2500,0.80,7.54,1.7,21.2,2,1,0.401471,0,0
13,WEDNESDAY,CONDOMINIO,0.0500,0.95,17.95,0.0,19.1,1,0,0.245557,0,0
13,FRIDAY,RESIDENCIAL,0.1900,16.64,163.48,7.9,20.6,1,1,0.449527,0,1
14,FRIDAY,CONDOMINIO,0.2200,1.94,21.21,0.0,14.7,2,1,0.514331,0,0
9,FRIDAY,COMERCIAL,0.0800,2.34,19.94,0.0,22.8,0,0,0.084267,0,0
8,FRIDAY,RESIDENCIAL,0.2200,2.99,68.72,4.7,28.6,0,1,0.105565,0,0
17,THURSDAY,RESIDENCIAL,0.1200,1.35,48.07,0.0,21.3,0,1,0.059080,0,1
6,TUESDAY,RESIDENCIAL,0.1900,2.06,41.97,2.3,30.7,1,1,0.205361,0,0
9,MONDAY,COMERCIAL,0.2800,3.87,50.27,0.0,17.1,1,0,0.391700,0,0
10,SATURDAY,CONDOMINIO,0.3100,2.14,41.99,0.0,22.6,0,0,0.208080,0,0
21,WEDNESDAY,RESIDENCIAL,0.1200,2.93,41.03,0.0,27.4,0,0,0.184729,0,0
12,SUNDAY,RESIDENCIAL,0.2800,2.56,25.98,7.8,20.7,1,1,0.300046,0,0
13,TUESDAY,COMERCIAL,0.3100,5.66,114.78,0.0,18.8,0,0,0.302931,0,1
14,WEDNESDAY,CONDOMINIO,0.2200,0.92,21.18,0.0,20.5,0,0,0.182086,0,0
13,WEDNESDAY,COMERCIAL,0.1900,19.63,101.23,0.0,19.5,0,0,0.268091,0,1
17,SUNDAY,CONDOMINIO,0.1100,3.59,67.77,0.0,14.8,0,1,0.079207,0,0
11,SATURDAY,RESIDENCIAL,0.0900,5.60,76.92,0.0,20.5,0,0,0.077107,0,0
9,THURSDAY,RESIDENCIAL,0.1500,2.79,70.54,6.4,29.1,1,0,0.336688,0,0
11,TUESDAY,CONDOMINIO,0.2800,1.95,20.54,0.0,25.4,1,1,0.301305,0,0
6,WEDNESDAY,RESIDENCIAL,0.2500,3.05,26.04,0.0,35.4,0,0,0.152958,0,1
6,THURSDAY,RESIDENCIAL,0.1500,3.08,54.96,12.1,34.3,2,1,0.544219,0,1
11,WEDNESDAY,COMERCIAL,0.0800,1.03,25.21,0.0,14.2,0,1,0.042314,0,0
10,WEDNESDAY,RESIDENCIAL,0.3100,2.61,32.09,7.7,20.2,0,1,0.122831,0,0
13,TUESDAY,COMERCIAL,0.0900,1.69,30.84,0.0,16.2,0,0,0.099715,0,0
16,SUNDAY,CONDOMINIO,0.2800,3.65,58.87,0.0,17.0,0,0,0.229123,0,0
20,FRIDAY,COMERCIAL,0.0500,4.59,58.31,2.4,23.3,0,0,0.209489,0,1
15,THURSDAY,CONDOMINIO,0.1100,1.69,31.65,0.0,19.3,0,1,0.079063,0,0
8,FRIDAY,RESIDENCIAL,0.2800,2.98,56.12,0.0,18.7,0,0,0.140999,0,0
1,WEDNESDAY,COMERCIAL,0.0800,9.22,40.16,7.7,27.3,1,1,0.366709,0,0
6,FRIDAY,CONDOMINIO,0.2200,6.41,83.72,10.7,31.7,2,1,0.729212,0,0
12,TUESDAY,RESIDENCIAL,0.1500,2.65,60.53,0.0,23.9,0,0,0.123075,0,0
8,MONDAY,RESIDENCIAL,0.0500,3.15,43.69,0.0,25.2,0,1,0.039449,0,0
6,FRIDAY,RESIDENCIAL,0.0800,3.01,36.62,0.0,23.9,0,0,0.070419,1,1
9,TUESDAY,CONDOMINIO,0.2500,1.57,25.31,0.0,23.1,0,1,0.109339,0,0
3,WEDNESDAY,RESIDENCIAL,0.0800,0.87,34.88,0.0,23.2,0,1,0.068835,0,0
13,MONDAY,COMERCIAL,0.1500,2.07,43.08,2.6,22.4,0,0,0.159637,0,0
20,WEDNESDAY,CONDOMINIO,0.1500,0.72,6.38,3.2,23.4,0,1,0.168755,0,0
16,FRIDAY,COMERCIAL,0.2500,4.27,79.54,0.0,17.7,0,0,0.219071,0,0
8,THURSDAY,COMERCIAL,0.0600,1.25,31.09,0.0,24.5,1,0,0.211753,0,0
15,WEDNESDAY,CONDOMINIO,0.2800,1.70,32.80,0.0,21.0,0,1,0.149784,0,0
16,THURSDAY,CONDOMINIO,0.3100,2.03,43.19,0.0,15.1,0,1,0.156502,0,0
7,SATURDAY,RESIDENCIAL,0.2500,2.18,95.56,0.0,28.9,0,0,0.156400,0,0
16,SUNDAY,COMERCIAL,0.1200,6.67,37.82,0.0,14.3,2,0,0.807528,0,1
9,MONDAY,COMERCIAL,0.1100,0.75,14.56,0.0,26.8,0,1,0.057486,0,0
8,SUNDAY,RESIDENCIAL,0.0800,0.63,10.29,0.0,23.8,0,0,0.054832,0,0
14,SUNDAY,RESIDENCIAL,0.2800,0.72,23.77,0.0,18.9,1,1,0.216036,0,0
9,WEDNESDAY,RESIDENCIAL,0.0900,4.82,38.31,3.1,28.7,0,0,0.095112,0,0
8,WEDNESDAY,CONDOMINIO,0.0900,1.35,31.33,0.0,26.8,0,1,0.066302,0,1
18,SUNDAY,RESIDENCIAL,0.2500,2.33,53.11,5.2,24.7,0,0,0.299158,0,0
19,SATURDAY,COMERCIAL,0.0600,5.75,95.90,0.7,24.8,0,1,0.376331,0,0
5,MONDAY,RESIDENCIAL,0.1200,19.25,250.00,2.4,27.5,1,1,0.542212,0,1
8,SATURDAY,RESIDENCIAL,0.2200,4.33,29.02,8.4,24.3,0,0,0.150374,0,0
17,MONDAY,RESIDENCIAL,0.1100,3.35,31.68,0.0,20.4,0,1,0.055121,0,0
18,THURSDAY,RESIDENCIAL,0.0900,4.57,71.32,1.2,16.7,0,1,0.104101,0,0
16,THURSDAY,RESIDENCIAL,0.2500,0.55,16.19,0.0,19.9,1,1,0.210238,0,0
19,SATURDAY,CONDOMINIO,0.1200,14.71,113.08,9.4,26.5,1,1,0.599425,0,0
21,WEDNESDAY,COMERCIAL,0.0600,3.53,66.44,6.1,27.2,0,1,0.169737,0,0
13,SATURDAY,CONDOMINIO,0.0800,4.26,42.03,0.0,17.3,0,1,0.068537,0,1
9,MONDAY,RESIDENCIAL,0.3100,2.78,66.01,0.0,22.7,1,0,0.384034,0,0
3,WEDNESDAY,RESIDENCIAL,0.0800,7.61,77.21,0.0,28.0,1,0,0.372639,0,1
7,SATURDAY,CONDOMINIO,0.0800,12.00,98.46,0.0,35.5,0,0,0.178556,0,0
7,FRIDAY,RESIDENCIAL,0.0800,2.36,19.06,18.6,20.2,0,0,0.129684,0,1
13,FRIDAY,COMERCIAL,0.0900,1.52,42.80,0.0,17.1,0,1,0.063637,0,0
17,FRIDAY,COMERCIAL,0.0900,2.69,40.43,0.0,21.9,2,0,0.544127,0,1
6,TUESDAY,CONDOMINIO,0.1500,7.06,107.98,2.6,28.5,0,0,0.221908,0,0
20,SATURDAY,RESIDENCIAL,0.1500,2.67,43.59,1.6,19.6,1,0,0.390576,0,1
11,MONDAY,CONDOMINIO,0.1100,17.41,161.79,0.0,24.2,0,0,0.241662,0,1
8,TUESDAY,COMERCIAL,0.1900,3.82,32.70,0.0,26.7,0,0,0.144340,0,0
8,SUNDAY,RESIDENCIAL,0.3100,1.17,36.95,17.4,27.3,0,1,0.181837,0,0
10,THURSDAY,CONDOMINIO,0.1500,2.77,43.46,0.0,28.9,0,1,0.092885,0,0
21,SUNDAY,RESIDENCIAL,0.1900,4.49,46.25,10.1,22.3,0,1,0.191197,1,1
10,SUNDAY,CONDOMINIO,0.0500,10.79,85.69,0.0,25.7,0,0,0.127473,0,0
8,SUNDAY,RESIDENCIAL,0.2500,2.50,19.09,0.0,23.1,1,0,0.269111,0,0
10,SUNDAY,RURAL,0.2200,2.14,30.87,3.6,18.8,1,0,0.424331,0,0
16,FRIDAY,RESIDENCIAL,0.0600,3.39,81.55,17.7,14.1,1,1,0.255299,0,1
8,MONDAY,COMERCIAL,0.2800,2.26,46.02,11.7,27.8,0,1,0.196720,0,0
17,MONDAY,RESIDENCIAL,0.1100,2.58,19.65,0.0,22.4,0,1,0.053713,0,0
10,TUESDAY,CONDOMINIO,0.0800,2.81,26.98,0.0,26.1,0,0,0.106231,0,0
12,TUESDAY,RESIDENCIAL,0.0800,0.72,25.23,0.0,18.3,0,0,0.072758,0,1
12,FRIDAY,CONDOMINIO,0.0900,8.80,48.45,2.7,22.4,1,1,0.267626,0,1
13,SUNDAY,RESIDENCIAL,0.1100,1.63,31.68,6.4,18.5,0,0,0.101148,0,0
7,MONDAY,RESIDENCIAL,0.1200,0.63,20.39,0.0,29.0,1,1,0.130938,1,0
14,WEDNESDAY,COMERCIAL,0.2200,2.00,11.74,0.0,14.3,0,0,0.143436,0,0
14,TUESDAY,RESIDENCIAL,0.1100,7.67,139.13,0.0,17.6,0,1,0.086295,0,1
16,TUESDAY,COMERCIAL,0.0900,3.90,53.02,0.0,12.0,0,1,0.063541,0,0
16,MONDAY,RESIDENCIAL,0.0500,1.93,12.02,0.0,12.0,0,0,0.056590,0,0
7,SUNDAY,CONDOMINIO,0.0900,11.26,54.82,0.0,28.1,0,1,0.084926,0,0
7,SATURDAY,COMERCIAL,0.1900,5.89,36.41,0.0,25.9,0,1,0.253674,0,1
18,SATURDAY,COMERCIAL,0.2800,2.38,59.33,0.0,15.5,0,1,0.481713,0,1
15,SATURDAY,RESIDENCIAL,0.1100,3.95,14.77,0.0,17.1,0,1,0.044780,0,0
2,THURSDAY,RESIDENCIAL,0.1500,1.47,22.56,0.0,29.6,0,1,0.097000,0,0
8,THURSDAY,CONDOMINIO,0.1500,8.40,51.38,0.0,23.3,2,0,0.629838,0,1
9,WEDNESDAY,COMERCIAL,0.1200,4.84,92.72,2.1,22.2,0,0,0.143119,0,0
22,FRIDAY,RURAL,0.1900,4.34,49.60,0.0,25.7,1,0,0.594090,0,1
18,MONDAY,RESIDENCIAL,0.1900,2.62,16.00,0.0,20.9,1,1,0.290594,0,0
13,SATURDAY,CONDOMINIO,0.0800,3.04,36.31,0.0,19.2,0,1,0.067562,0,0
20,TUESDAY,CONDOMINIO,0.2200,3.16,50.19,0.0,23.8,0,1,0.228952,0,0
11,TUESDAY,COMERCIAL,0.1100,2.80,53.92,0.0,18.3,0,0,0.099006,0,1
15,TUESDAY,CONDOMINIO,0.1200,1.87,26.99,0.0,18.0,0,0,0.129511,0,0
6,FRIDAY,RESIDENCIAL,0.2800,9.57,71.99,0.0,24.7,1,1,0.287248,0,0
8,SUNDAY,COMERCIAL,0.0500,4.68,56.27,0.0,25.0,1,1,0.375681,0,0
8,MONDAY,RESIDENCIAL,0.2500,1.79,39.12,0.0,24.6,0,0,0.129344,0,0
10,SATURDAY,RESIDENCIAL,0.0500,1.23,64.14,0.0,23.4,0,1,0.035754,0,0
11,FRIDAY,RESIDENCIAL,0.1500,0.86,7.42,0.0,24.5,0,1,0.047029,0,0
10,THURSDAY,RURAL,0.1900,2.49,37.78,4.9,27.0,0,1,0.152370,0,0
7,THURSDAY,RESIDENCIAL,0.1900,0.97,38.00,0.0,26.9,2,0,0.518554,0,1
8,WEDNESDAY,RESIDENCIAL,0.3100,1.70,57.33,0.0,23.6,1,0,0.373746,0,0
3,FRIDAY,RESIDENCIAL,0.0600,0.84,16.23,1.1,28.0,0,1,0.068206,0,0
20,WEDNESDAY,CONDOMINIO,0.0900,1.19,25.79,12.4,24.9,1,1,0.449896,0,1
13,THURSDAY,COMERCIAL,0.1900,1.49,24.22,0.0,16.9,0,1,0.085656,0,0
17,WEDNESDAY,RESIDENCIAL,0.0800,7.96,60.79,2.2,18.7,0,1,0.065080,0,0
13,TUESDAY,RURAL,0.2500,5.06,67.56,0.0,16.7,0,1,0.187055,0,1
12,SATURDAY,COMERCIAL,0.1200,1.85,52.54,0.0,17.2,0,1,0.210887,0,0
17,FRIDAY,RURAL,0.3100,6.72,98.83,0.6,16.6,2,1,0.761754,0,1
12,SUNDAY,CONDOMINIO,0.0800,1.98,46.38,0.0,18.8,0,1,0.067927,0,0
13,TUESDAY,RESIDENCIAL,0.2800,3.17,18.87,0.0,16.4,0,1,0.091349,0,0
18,WEDNESDAY,RURAL,0.2500,5.65,88.74,8.5,19.4,0,0,0.553966,0,0
8,TUESDAY,COMERCIAL,0.2800,1.72,34.40,0.0,27.5,1,1,0.289174,0,1
9,SATURDAY,RESIDENCIAL,0.1100,9.48,150.86,0.0,23.3,1,0,0.298687,0,1
16,FRIDAY,RESIDENCIAL,0.0900,5.02,64.13,0.0,12.0,0,1,0.051272,0,0
8,TUESDAY,COMERCIAL,0.0600,3.36,39.87,0.8,27.5,0,1,0.058386,0,0
11,SATURDAY,RESIDENCIAL,0.1900,1.93,32.18,0.0,18.5,0,1,0.050067,1,1
12,MONDAY,CONDOMINIO,0.1100,1.83,14.96,0.0,18.9,1,0,0.293922,0,0
7,FRIDAY,COMERCIAL,0.1900,2.71,50.01,7.9,31.4,0,0,0.216071,0,1
11,WEDNESDAY,RESIDENCIAL,0.3100,2.50,29.54,0.0,14.0,1,1,0.205978,0,0
16,SATURDAY,CONDOMINIO,0.1900,3.65,51.01,0.0,13.9,1,1,0.246622,0,1
19,WEDNESDAY,COMERCIAL,0.2500,1.94,35.71,0.0,22.3,0,0,0.307324,0,1
20,SUNDAY,RESIDENCIAL,0.1900,4.55,69.94,0.0,19.1,0,0,0.211736,0,0
14,FRIDAY,CONDOMINIO,0.1100,4.60,83.79,0.0,16.4,0,1,0.096927,0,0
8,SUNDAY,COMERCIAL,0.0900,2.08,34.08,0.0,22.7,0,0,0.250175,0,0
11,WEDNESDAY,COMERCIAL,0.0600,0.99,19.66,0.0,21.0,0,0,0.073331,0,0
16,FRIDAY,COMERCIAL,0.0600,3.19,51.54,0.0,19.1,0,1,0.063442,0,0
13,SATURDAY,COMERCIAL,0.2500,1.87,21.71,1.8,22.3,0,1,0.323133,0,1
9,FRIDAY,RESIDENCIAL,0.1100,0.84,18.31,0.0,25.6,0,1,0.042952,0,0
18,TUESDAY,COMERCIAL,0.2200,1.74,51.75,0.0,23.4,0,0,0.299118,0,0
9,THURSDAY,RESIDENCIAL,0.1900,3.55,80.84,18.2,25.1,0,1,0.160180,0,0
15,MONDAY,COMERCIAL,0.0900,1.79,31.76,0.0,21.8,0,1,0.067094,0,0
12,THURSDAY,RESIDENCIAL,0.0800,3.63,57.86,0.0,21.3,0,0,0.092641,0,0
20,MONDAY,COMERCIAL,0.0800,7.24,83.73,0.0,26.8,0,1,0.164094,0,1
16,SATURDAY,RESIDENCIAL,0.2200,1.15,29.43,4.1,23.1,2,0,0.604194,0,0
12,SUNDAY,COMERCIAL,0.2200,1.34,69.63,0.0,20.3,1,0,0.700152,0,0
13,SUNDAY,CONDOMINIO,0.1200,0.27,6.88,1.7,14.9,0,0,0.108010,0,0
11,TUESDAY,CONDOMINIO,0.1200,4.52,61.20,0.0,25.8,0,1,0.087368,0,0
10,THURSDAY,COMERCIAL,0.0800,3.05,54.24,0.0,23.3,3,1,0.629299,0,1
8,MONDAY,CONDOMINIO,0.1900,0.37,41.10,0.0,27.6,1,0,0.362542,0,0
11,SATURDAY,CONDOMINIO,0.1200,2.97,35.28,3.4,24.2,0,1,0.078159,0,0
11,THURSDAY,RESIDENCIAL,0.1100,0.97,12.08,2.8,25.6,3,1,0.574582,0,1
13,WEDNESDAY,RESIDENCIAL,0.0500,3.39,39.46,0.0,18.7,0,0,0.073549,0,0
10,WEDNESDAY,RESIDENCIAL,0.0900,1.76,64.84,0.0,25.8,0,1,0.048770,0,0
10,FRIDAY,RURAL,0.1500,2.59,51.71,21.8,23.2,2,0,0.834324,0,1
7,WEDNESDAY,RESIDENCIAL,0.0800,3.16,63.07,0.0,29.9,0,1,0.052118,1,1
7,MONDAY,CONDOMINIO,0.0600,5.27,52.37,0.0,29.3,0,1,0.073593,0,0
14,SATURDAY,CONDOMINIO,0.3100,3.34,54.46,0.0,19.8,0,1,0.166220,0,0
14,MONDAY,CONDOMINIO,0.1900,2.24,66.58,0.0,12.8,1,0,0.386587,0,0
23,TUESDAY,RESIDENCIAL,0.1100,1.54,40.37,4.5,25.5,2,0,0.634711,0,1
17,SATURDAY,RESIDENCIAL,0.2200,4.30,62.61,4.9,17.0,0,0,0.160898,0,0
13,MONDAY,RESIDENCIAL,0.2800,6.19,36.38,0.0,22.8,0,1,0.116734,0,0
7,TUESDAY,RESIDENCIAL,0.0900,3.76,43.03,0.0,23.7,1,1,0.124566,0,0
9,SUNDAY,COMERCIAL,0.0800,3.84,54.70,0.0,25.7,0,1,0.182247,0,0
7,MONDAY,RESIDENCIAL,0.2800,2.26,7.60,0.0,26.9,0,0,0.135275,0,0
20,MONDAY,RESIDENCIAL,0.1900,4.92,15.55,16.5,23.9,1,1,0.491426,0,0
15,FRIDAY,RESIDENCIAL,0.0800,2.07,15.25,0.0,18.3,0,1,0.043056,0,0
17,MONDAY,COMERCIAL,0.1200,2.46,30.50,0.4,12.7,0,0,0.107695,0,0
8,THURSDAY,RURAL,0.2500,11.63,107.34,9.7,25.4,1,1,0.578010,0,1
9,SATURDAY,RESIDENCIAL,0.2200,1.54,27.51,8.7,22.3,2,1,0.454139,1,1
6,FRIDAY,COMERCIAL,0.2200,1.21,7.28,0.0,28.3,1,1,0.223631,0,1
13,TUESDAY,RESIDENCIAL,0.1100,4.70,72.22,0.0,22.9,1,1,0.183080,0,0
15,THURSDAY,RESIDENCIAL,0.3100,2.36,53.91,8.1,21.1,0,0,0.259444,0,0
17,SATURDAY,COMERCIAL,0.1200,0.81,6.27,0.0,18.5,0,1,0.181730,0,0
14,WEDNESDAY,RURAL,0.1900,2.92,42.08,0.4,18.3,0,1,0.140073,0,1
20,SUNDAY,RESIDENCIAL,0.0500,1.94,28.12,0.0,17.3,1,1,0.168959,0,0
7,MONDAY,RESIDENCIAL,0.2500,8.35,70.27,0.0,24.8,0,1,0.103014,0,1
18,MONDAY,COMERCIAL,0.1900,5.37,42.21,0.0,18.3,1,0,0.519762,0,1
8,SATURDAY,COMERCIAL,0.0500,0.88,37.86,0.7,23.2,0,0,0.225996,0,0
12,FRIDAY,RESIDENCIAL,0.2200,5.00,35.71,0.0,20.0,0,0,0.141588,0,0
6,THURSDAY,COMERCIAL,0.1900,3.98,79.40,0.0,30.3,1,1,0.275499,0,1
13,SATURDAY,COMERCIAL,0.0800,2.01,24.20,0.0,16.2,1,1,0.375440,0,0
15,FRIDAY,RESIDENCIAL,0.2500,3.53,70.66,0.0,19.9,0,1,0.106110,0,0
10,THURSDAY,RESIDENCIAL,0.0800,4.92,20.73,0.0,19.9,0,0,0.064400,0,0
21,SATURDAY,RESIDENCIAL,0.1900,6.63,59.81,1.9,24.4,0,0,0.247589,0,0
16,SATURDAY,COMERCIAL,0.1900,1.36,17.37,0.0,17.6,0,1,0.234240,0,0
7,TUESDAY,COMERCIAL,0.0900,4.06,43.03,0.0,29.8,1,1,0.179406,0,0
10,FRIDAY,COMERCIAL,0.1200,1.41,20.98,0.0,21.9,0,1,0.056635,0,0
3,SATURDAY,COMERCIAL,0.0600,9.59,51.09,0.0,23.5,0,1,0.289896,0,0
9,THURSDAY,COMERCIAL,0.0900,2.58,93.12,0.0,27.0,1,1,0.195758,0,1
8,MONDAY,RESIDENCIAL,0.1100,2.95,35.32,0.0,28.4,1,1,0.138600,0,0
11,FRIDAY,RESIDENCIAL,0.2500,5.07,82.75,0.0,22.1,0,1,0.095328,0,0
12,SATURDAY,RESIDENCIAL,0.1900,2.54,65.87,0.0,24.3,0,1,0.081135,0,0
13,SATURDAY,COMERCIAL,0.1900,1.31,26.55,0.6,15.1,1,1,0.481995,0,1
19,SATURDAY,RESIDENCIAL,0.2200,2.11,40.32,2.1,16.8,0,1,0.132910,0,0
19,MONDAY,RESIDENCIAL,0.1500,3.10,41.24,7.3,16.5,1,0,0.462809,0,1
14,FRIDAY,CONDOMINIO,0.0900,3.76,64.57,0.0,15.1,0,1,0.080489,0,0
17,THURSDAY,CONDOMINIO,0.1900,1.20,32.25,3.1,12.0,1,0,0.377188,0,0
13,SUNDAY,RURAL,0.1900,3.93,47.46,1.0,15.1,0,0,0.205069,0,1
8,TUESDAY,COMERCIAL,0.1200,0.60,13.46,2.7,25.0,0,1,0.064184,0,0
8,FRIDAY,RESIDENCIAL,0.2200,4.35,56.22,0.0,28.5,1,1,0.219879,0,0
9,WEDNESDAY,RESIDENCIAL,0.0600,0.86,10.41,0.0,27.4,0,1,0.035610,0,0
13,MONDAY,RESIDENCIAL,0.1500,1.56,43.65,0.0,16.9,0,1,0.060177,0,0
11,THURSDAY,RESIDENCIAL,0.1500,2.83,47.21,0.0,22.3,0,0,0.091587,0,0
14,MONDAY,RESIDENCIAL,0.2800,3.63,64.62,1.1,17.3,0,1,0.115549,0,0
17,TUESDAY,RESIDENCIAL,0.2500,1.63,17.83,0.0,17.0,0,1,0.079590,0,0
16,THURSDAY,COMERCIAL,0.2200,6.21,39.38,0.0,16.3,0,1,0.110935,0,0
7,SUNDAY,RESIDENCIAL,0.1900,4.09,33.84,0.0,25.5,0,0,0.100436,0,0
22,MONDAY,CONDOMINIO,0.2800,0.78,13.73,0.0,28.6,0,1,0.208568,0,0
7,TUESDAY,RESIDENCIAL,0.0500,2.82,62.43,0.0,31.6,0,0,0.079601,0,0
9,SUNDAY,RESIDENCIAL,0.2500,0.50,69.47,3.1,26.7,2,0,0.613934,0,1
19,WEDNESDAY,CONDOMINIO,0.2800,9.70,130.50,12.6,22.6,0,0,0.646457,0,0
13,TUESDAY,CONDOMINIO,0.3100,1.82,45.97,0.0,12.0,0,0,0.233148,0,0
9,SATURDAY,CONDOMINIO,0.1500,1.83,24.51,0.0,26.0,2,0,0.553245,0,0
13,SATURDAY,RESIDENCIAL,0.0500,5.01,21.98,0.0,17.7,1,1,0.105947,0,0
20,TUESDAY,RESIDENCIAL,0.2500,8.36,101.78,2.9,21.0,0,1,0.243538,0,0
14,THURSDAY,RESIDENCIAL,0.2200,1.81,65.04,0.0,17.2,0,1,0.085443,0,0
13,SUNDAY,RESIDENCIAL,0.2800,0.96,13.37,4.0,16.3,1,0,0.343774,0,0
8,FRIDAY,RESIDENCIAL,0.1100,2.75,54.27,12.3,23.2,0,0,0.135092,0,0
18,THURSDAY,RURAL,0.3100,2.79,39.58,3.3,21.4,0,0,0.498643,0,1
0,WEDNESDAY,COMERCIAL,0.1900,1.92,37.38,5.9,29.1,0,1,0.190775,0,0
12,SATURDAY,RESIDENCIAL,0.2200,5.93,29.51,9.2,19.8,0,0,0.183366,0,1
17,WEDNESDAY,RESIDENCIAL,0.1900,4.98,52.51,0.0,18.7,0,0,0.132221,0,0
21,WEDNESDAY,RESIDENCIAL,0.3100,1.89,34.59,0.1,23.8,1,1,0.427052,0,0
15,MONDAY,RESIDENCIAL,0.0500,8.03,103.20,0.0,22.5,0,1,0.066829,0,0
12,SATURDAY,RESIDENCIAL,0.0600,8.12,110.32,0.0,20.9,0,1,0.063108,0,0
15,TUESDAY,RESIDENCIAL,0.0800,5.88,39.53,2.6,22.0,1,0,0.255806,0,0
6,SUNDAY,COMERCIAL,0.1500,5.38,89.31,1.7,30.4,0,0,0.419760,0,0
15,WEDNESDAY,COMERCIAL,0.0900,5.71,83.31,0.0,19.5,1,1,0.218572,0,0
12,TUESDAY,RESIDENCIAL,0.0900,2.50,59.33,0.0,19.1,0,1,0.054260,0,0
8,SUNDAY,RURAL,0.1500,3.64,35.65,0.0,25.4,0,1,0.098999,0,0
11,FRIDAY,COMERCIAL,0.0600,2.19,31.23,0.0,21.2,0,1,0.047141,0,0
16,MONDAY,RESIDENCIAL,0.0900,5.56,71.86,0.0,19.1,1,1,0.163617,0,0
22,MONDAY,RESIDENCIAL,0.2500,1.24,52.41,0.1,24.0,0,1,0.138852,0,0
18,TUESDAY,COMERCIAL,0.1900,5.83,72.95,0.0,18.7,1,0,0.555162,0,0
14,WEDNESDAY,RESIDENCIAL,0.2800,6.63,35.79,8.0,12.1,1,0,0.445446,0,0
17,TUESDAY,RESIDENCIAL,0.2500,0.26,6.84,0.0,18.7,1,1,0.199066,0,0
10,WEDNESDAY,CONDOMINIO,0.3100,3.49,46.54,0.0,22.4,1,0,0.477867,0,0
6,TUESDAY,RESIDENCIAL,0.1500,0.80,13.82,0.0,26.3,2,1,0.321100,0,0
14,SATURDAY,RURAL,0.2500,1.18,16.04,0.0,12.5,0,1,0.123864,0,0
13,THURSDAY,RESIDENCIAL,0.1200,0.77,24.89,0.0,21.4,2,1,0.337783,0,0
21,MONDAY,RESIDENCIAL,0.3100,4.24,41.02,0.0,21.5,2,1,0.698482,0,1
11,SUNDAY,RURAL,0.2200,6.39,90.48,15.8,24.0,0,1,0.277413,0,0
7,SUNDAY,RURAL,0.2800,2.05,42.48,1.8,24.1,0,1,0.161673,0,0
12,FRIDAY,RESIDENCIAL,0.0800,1.46,35.46,0.0,20.4,0,1,0.047713,0,0
12,SATURDAY,COMERCIAL,0.2500,12.00,105.73,14.9,25.3,0,1,0.622323,0,0
9,THURSDAY,RESIDENCIAL,0.2500,1.84,25.33,0.3,28.2,0,0,0.132943,0,0
9,SUNDAY,CONDOMINIO,0.1100,4.54,46.24,0.0,19.6,0,0,0.107212,0,0
16,MONDAY,RESIDENCIAL,0.0600,2.46,57.08,0.0,20.7,0,1,0.049445,0,0
12,SATURDAY,RESIDENCIAL,0.0600,4.11,71.75,0.0,16.9,0,1,0.045990,0,0
15,MONDAY,COMERCIAL,0.0600,3.64,54.23,0.0,19.5,0,1,0.065248,0,0
14,WEDNESDAY,RESIDENCIAL,0.0900,1.90,27.82,0.8,23.7,0,1,0.053595,0,0
13,THURSDAY,RURAL,0.2800,2.04,27.48,0.0,13.5,2,0,0.750432,0,1
10,SATURDAY,RESIDENCIAL,0.2500,1.54,48.43,1.8,23.8,0,1,0.078654,0,0
18,THURSDAY,COMERCIAL,0.1900,11.84,49.16,0.0,19.8,1,1,0.437489,0,0
11,THURSDAY,RURAL,0.2200,1.00,19.23,0.0,22.3,1,1,0.284534,0,0
7,THURSDAY,COMERCIAL,0.1100,6.87,120.22,6.8,25.7,0,0,0.199828,0,0
7,WEDNESDAY,COMERCIAL,0.2200,5.08,41.63,0.0,23.9,0,0,0.161314,0,0
19,TUESDAY,RESIDENCIAL,0.0600,1.66,35.80,4.6,19.8,0,0,0.151575,0,1
21,FRIDAY,COMERCIAL,0.1500,3.08,46.40,5.9,24.4,0,0,0.302821,0,1
6,THURSDAY,RURAL,0.2800,1.26,10.79,20.5,24.7,0,1,0.301779,0,1
13,MONDAY,COMERCIAL,0.1200,1.12,17.06,9.5,22.3,0,1,0.104307,0,0
15,TUESDAY,RESIDENCIAL,0.3100,10.64,119.74,5.2,20.6,1,1,0.457840,0,1
6,MONDAY,CONDOMINIO,0.0500,4.50,69.95,1.2,26.1,1,1,0.192834,0,0
19,SATURDAY,RESIDENCIAL,0.0800,16.07,85.65,0.0,20.3,0,0,0.201065,0,0
17,TUESDAY,COMERCIAL,0.0600,3.66,59.02,0.0,22.4,3,1,0.671633,0,1
17,TUESDAY,RESIDENCIAL,0.1900,0.68,32.06,0.0,16.9,1,0,0.267614,0,1
14,SATURDAY,CONDOMINIO,0.1900,3.17,45.49,0.0,25.9,1,0,0.410768,0,0
8,TUESDAY,RESIDENCIAL,0.3100,0.83,8.83,0.0,26.3,2,0,0.603978,0,1
16,TUESDAY,RESIDENCIAL,0.0900,2.53,31.27,0.0,16.1,1,0,0.201062,0,1
13,FRIDAY,RESIDENCIAL,0.1900,1.97,34.62,9.0,15.6,0,0,0.156399,0,0
7,THURSDAY,RESIDENCIAL,0.0500,7.07,108.00,0.0,28.1,0,1,0.058456,0,0
17,MONDAY,RESIDENCIAL,0.2500,1.90,39.18,21.0,19.3,0,0,0.306873,0,0
9,SATURDAY,RESIDENCIAL,0.0500,1.22,29.78,0.0,24.9,1,1,0.090926,0,1
7,SUNDAY,RESIDENCIAL,0.1900,0.17,35.66,0.0,23.1,1,0,0.225987,0,0
20,THURSDAY,RESIDENCIAL,0.2800,30.00,250.00,0.0,23.8,0,0,0.644741,0,0
8,SUNDAY,RURAL,0.1500,3.96,36.90,4.9,27.1,0,1,0.125549,0,0
13,SATURDAY,CONDOMINIO,0.1500,1.99,31.57,0.9,22.2,0,1,0.091999,0,1
12,TUESDAY,RESIDENCIAL,0.1100,7.02,107.19,8.1,20.1,0,0,0.176646,0,1
21,TUESDAY,COMERCIAL,0.1500,8.13,51.24,0.5,25.8,0,1,0.189496,0,0
16,TUESDAY,RESIDENCIAL,0.1900,2.29,44.76,0.0,20.4,0,1,0.076159,0,0
20,WEDNESDAY,CONDOMINIO,0.1500,0.82,48.27,0.8,17.6,1,1,0.366231,0,0
9,THURSDAY,RESIDENCIAL,0.0500,5.07,75.73,0.0,27.1,1,0,0.209436,0,1
18,WEDNESDAY,RESIDENCIAL,0.0500,3.11,47.77,18.5,18.2,0,1,0.163192,0,0
9,TUESDAY,COMERCIAL,0.0900,3.55,45.68,0.0,20.8,0,0,0.095131,0,0
11,FRIDAY,COMERCIAL,0.0800,2.53,33.99,1.6,21.7,0,0,0.093232,0,0
17,MONDAY,RESIDENCIAL,0.0800,1.44,21.39,0.6,17.3,1,0,0.192252,0,0
15,SUNDAY,RESIDENCIAL,0.0600,3.94,20.62,0.0,12.0,0,1,0.034257,0,0
12,TUESDAY,COMERCIAL,0.1500,5.26,56.04,0.0,15.9,3,1,0.725848,0,1
12,TUESDAY,RURAL,0.3100,4.38,80.52,0.0,16.3,0,0,0.342444,0,0
14,SUNDAY,COMERCIAL,0.0600,1.60,49.58,0.0,19.3,0,0,0.271766,0,0
9,MONDAY,CONDOMINIO,0.1200,1.13,14.15,0.0,27.3,0,1,0.069840,0,0
10,MONDAY,COMERCIAL,0.0900,4.91,27.75,0.0,22.5,0,1,0.056987,0,0
16,SUNDAY,RESIDENCIAL,0.0800,12.17,108.69,0.0,20.5,0,0,0.121213,0,0
7,MONDAY,COMERCIAL,0.1500,3.21,56.92,0.0,23.2,2,1,0.430927,1,0
8,MONDAY,COMERCIAL,0.2200,6.97,31.89,19.2,29.5,0,1,0.228961,0,1
12,TUESDAY,CONDOMINIO,0.3100,2.05,34.22,0.0,16.7,1,0,0.490534,0,1
13,TUESDAY,RESIDENCIAL,0.3100,1.57,47.07,0.0,14.9,3,1,0.762336,0,1
9,FRIDAY,RESIDENCIAL,0.2800,1.28,20.82,0.1,24.0,0,1,0.080897,0,0
11,WEDNESDAY,CONDOMINIO,0.0600,1.56,21.12,7.3,21.4,0,0,0.116087,0,1
17,THURSDAY,RESIDENCIAL,0.0900,4.50,20.83,0.0,19.1,0,0,0.082249,0,0
18,TUESDAY,CONDOMINIO,0.3100,0.76,7.79,5.0,21.8,1,1,0.550121,0,1
19,MONDAY,CONDOMINIO,0.2200,1.32,29.26,0.0,23.7,0,1,0.206532,0,1
11,SUNDAY,RURAL,0.2200,3.24,42.37,1.4,22.8,1,1,0.309914,0,0
8,SATURDAY,RESIDENCIAL,0.1500,1.64,9.64,0.0,26.8,0,1,0.045894,0,0
13,SATURDAY,RESIDENCIAL,0.0600,3.34,37.98,4.2,21.8,3,1,0.598789,0,0
14,TUESDAY,COMERCIAL,0.2800,1.62,27.95,0.0,13.6,1,1,0.277740,0,1
9,THURSDAY,RESIDENCIAL,0.1500,4.98,39.87,0.0,28.6,0,1,0.063327,0,0
10,THURSDAY,RESIDENCIAL,0.1100,4.55,85.18,0.0,19.8,0,0,0.090337,0,0
6,MONDAY,COMERCIAL,0.2500,1.87,39.92,0.0,33.4,2,1,0.555873,0,1
20,SATURDAY,COMERCIAL,0.2500,3.99,42.66,5.0,34.4,1,1,0.815084,0,0
11,FRIDAY,RESIDENCIAL,0.1900,3.23,36.85,0.0,24.4,1,1,0.171668,0,1
9,FRIDAY,RESIDENCIAL,0.0900,4.51,80.81,1.4,25.2,0,1,0.058030,0,0
10,SUNDAY,RURAL,0.2200,0.39,31.68,3.3,24.5,1,0,0.439047,0,0
12,WEDNESDAY,COMERCIAL,0.1500,2.75,42.61,8.7,22.5,0,0,0.202731,1,1
20,THURSDAY,RESIDENCIAL,0.2200,9.82,152.37,0.8,23.0,1,0,0.641293,0,0
8,TUESDAY,COMERCIAL,0.0900,10.27,147.32,0.0,26.6,0,0,0.173364,1,1
12,MONDAY,COMERCIAL,0.1900,1.19,23.64,0.0,19.6,1,0,0.337671,0,1
10,TUESDAY,RESIDENCIAL,0.2500,10.99,160.05,0.0,24.4,0,0,0.232000,0,0
17,SUNDAY,RESIDENCIAL,0.0500,1.94,20.28,0.0,20.8,0,1,0.037170,0,0
11,FRIDAY,RURAL,0.1900,1.11,21.40,0.2,24.8,1,1,0.274552,0,0
10,TUESDAY,COMERCIAL,0.1100,5.94,79.84,0.0,23.6,0,1,0.077978,0,0
19,WEDNESDAY,RESIDENCIAL,0.0600,6.95,55.82,7.1,22.7,0,0,0.207597,0,0
15,WEDNESDAY,RURAL,0.2200,7.03,49.45,0.0,14.5,0,0,0.248533,0,0
16,SUNDAY,RURAL,0.1900,1.51,16.16,0.0,21.1,2,0,0.675768,0,0
16,SATURDAY,RESIDENCIAL,0.1500,8.74,96.38,0.0,16.3,0,1,0.077990,0,0
11,SATURDAY,CONDOMINIO,0.0500,10.00,43.66,0.0,20.7,0,0,0.098735,0,0
16,TUESDAY,RESIDENCIAL,0.0600,0.90,14.09,3.2,18.4,1,1,0.122481,0,0
20,MONDAY,RURAL,0.1500,2.56,21.31,0.0,19.3,0,1,0.187740,0,0
8,THURSDAY,RESIDENCIAL,0.2200,4.57,37.54,0.0,27.6,0,0,0.129703,0,0
16,WEDNESDAY,RESIDENCIAL,0.1200,3.37,46.05,0.0,17.5,2,1,0.353989,0,1
17,SUNDAY,RESIDENCIAL,0.0500,2.23,39.02,0.0,18.2,3,1,0.518948,0,1
1,WEDNESDAY,CONDOMINIO,0.0500,0.92,39.08,8.6,29.2,0,1,0.148088,0,0
15,SATURDAY,COMERCIAL,0.2800,0.81,24.19,0.0,12.9,0,1,0.288026,0,1
13,TUESDAY,RESIDENCIAL,0.1100,1.56,31.82,0.0,16.3,0,1,0.048906,0,1
15,TUESDAY,RESIDENCIAL,0.0600,1.11,35.98,0.0,18.3,0,1,0.042196,0,0
13,THURSDAY,CONDOMINIO,0.0500,1.68,33.75,0.0,14.5,1,1,0.156699,0,1
21,SUNDAY,CONDOMINIO,0.2200,0.78,2.49,0.0,21.6,1,1,0.375536,0,1
14,SUNDAY,COMERCIAL,0.3100,2.93,29.62,0.0,20.1,0,1,0.362098,0,1
9,TUESDAY,RESIDENCIAL,0.0600,2.90,29.22,0.0,24.0,0,1,0.037665,0,0
19,SUNDAY,RESIDENCIAL,0.2500,24.54,192.86,9.8,20.1,1,1,0.716657,0,1
4,SUNDAY,RESIDENCIAL,0.1100,1.72,34.29,0.0,34.0,0,0,0.141871,1,0
19,WEDNESDAY,RESIDENCIAL,0.2200,2.94,51.76,0.0,17.4,0,0,0.224182,0,0
7,FRIDAY,RESIDENCIAL,0.1200,2.86,48.85,0.0,24.4,0,1,0.051412,0,0
9,FRIDAY,COMERCIAL,0.0600,6.76,119.91,0.0,23.8,0,1,0.076891,0,0
17,SATURDAY,CONDOMINIO,0.2500,0.67,45.74,12.2,23.9,2,1,0.706140,0,1
14,SUNDAY,RESIDENCIAL,0.1200,9.19,64.35,0.0,20.5,2,0,0.531745,0,1
15,TUESDAY,RURAL,0.3100,5.11,54.13,0.0,12.7,0,1,0.203959,0,0
7,FRIDAY,RESIDENCIAL,0.1500,9.58,121.32,0.0,35.0,0,1,0.106670,0,0
13,MONDAY,COMERCIAL,0.3100,1.59,22.18,0.0,18.1,1,0,0.445337,0,1
11,FRIDAY,CONDOMINIO,0.1100,1.49,9.15,0.0,19.5,0,1,0.057533,0,0
6,FRIDAY,RURAL,0.2200,2.99,34.24,7.3,34.4,2,1,0.702287,0,1
7,WEDNESDAY,COMERCIAL,0.0500,1.61,35.98,2.2,31.0,0,0,0.100036,0,1
15,FRIDAY,RESIDENCIAL,0.2200,2.04,28.20,0.0,19.2,0,0,0.127616,0,0
13,TUESDAY,RESIDENCIAL,0.1100,2.40,27.15,3.1,20.9,0,1,0.061002,0,1
10,MONDAY,RESIDENCIAL,0.0500,2.00,8.66,0.0,20.5,0,0,0.051889,0,0
8,WEDNESDAY,CONDOMINIO,0.0900,1.15,28.97,0.0,26.2,1,1,0.172021,0,0
9,MONDAY,RESIDENCIAL,0.2800,1.11,19.11,0.0,21.8,0,0,0.125669,0,0
14,SUNDAY,RESIDENCIAL,0.0800,7.14,106.28,0.0,17.6,0,0,0.102075,0,0
6,THURSDAY,RESIDENCIAL,0.2500,2.43,36.60,11.4,29.9,1,0,0.454662,0,0
18,SATURDAY,COMERCIAL,0.1900,0.98,26.18,0.0,23.3,0,1,0.390603,0,0
9,TUESDAY,CONDOMINIO,0.1900,1.03,41.17,0.0,19.0,1,1,0.219331,0,0
21,SUNDAY,COMERCIAL,0.0600,3.25,37.99,0.0,24.5,1,0,0.692793,0,0
8,WEDNESDAY,RESIDENCIAL,0.2500,4.09,61.92,0.0,26.9,0,1,0.094313,0,0
16,FRIDAY,CONDOMINIO,0.1200,5.22,77.11,0.0,19.2,0,0,0.168393,0,1
10,WEDNESDAY,COMERCIAL,0.0600,1.41,42.41,0.5,22.9,0,0,0.085129,0,0
0,SUNDAY,RESIDENCIAL,0.1500,1.53,48.20,0.0,30.6,0,1,0.099128,0,0
11,SUNDAY,RESIDENCIAL,0.2800,3.37,65.70,0.0,17.9,1,1,0.209996,0,0
4,FRIDAY,CONDOMINIO,0.1100,0.41,38.10,0.0,29.5,0,0,0.204671,0,1
11,WEDNESDAY,RESIDENCIAL,0.1100,5.06,67.32,9.3,24.8,0,0,0.135906,0,0
17,FRIDAY,RESIDENCIAL,0.0500,4.27,64.54,0.0,17.0,0,1,0.047648,0,0
14,SUNDAY,CONDOMINIO,0.0600,8.21,134.62,0.0,13.5,0,0,0.148518,0,0
15,THURSDAY,CONDOMINIO,0.0800,3.37,69.66,0.0,19.6,0,1,0.085090,0,0
16,TUESDAY,COMERCIAL,0.0900,0.60,14.94,0.0,21.8,0,0,0.101630,0,1
11,WEDNESDAY,CONDOMINIO,0.1200,0.88,8.29,0.0,24.8,1,1,0.172382,0,0
15,SATURDAY,COMERCIAL,0.3100,11.20,142.04,0.0,14.3,0,1,0.493540,0,0
11,FRIDAY,COMERCIAL,0.0800,3.20,47.82,0.0,25.0,0,1,0.059596,0,0
8,FRIDAY,CONDOMINIO,0.0500,3.21,52.84,0.0,23.7,0,0,0.101161,0,1
9,WEDNESDAY,RESIDENCIAL,0.2200,4.30,35.12,0.0,21.9,0,0,0.115677,0,0
12,SATURDAY,CONDOMINIO,0.1500,1.69,21.73,1.7,15.0,0,0,0.130752,0,0
6,SUNDAY,RESIDENCIAL,0.0500,1.40,17.60,0.7,27.8,0,1,0.033663,0,0
1,SUNDAY,COMERCIAL,0.3100,1.01,17.21,0.8,29.9,0,0,0.614932,0,1
19,FRIDAY,COMERCIAL,0.2200,2.18,35.91,0.0,24.9,1,1,0.419735,0,1
13,WEDNESDAY,RESIDENCIAL,0.0600,3.71,42.43,0.0,13.5,0,1,0.041986,0,1
14,FRIDAY,RESIDENCIAL,0.1200,1.90,29.92,0.0,17.6,0,0,0.087001,0,0
14,FRIDAY,RESIDENCIAL,0.1100,2.25,48.94,0.0,16.6,0,1,0.053353,0,0
15,THURSDAY,RESIDENCIAL,0.1900,3.98,19.19,0.0,25.6,1,1,0.205586,0,0
11,MONDAY,RESIDENCIAL,0.1500,2.25,10.33,10.8,26.3,0,1,0.080141,0,0
11,MONDAY,RESIDENCIAL,0.1500,1.58,15.75,0.0,28.0,1,1,0.143380,0,0
13,SUNDAY,RESIDENCIAL,0.0500,1.79,32.07,0.0,17.6,1,0,0.164521,0,0
6,SUNDAY,CONDOMINIO,0.0800,6.69,87.24,0.0,29.1,1,0,0.324802,0,0
19,TUESDAY,COMERCIAL,0.1500,4.84,65.23,3.2,16.8,0,1,0.176815,0,0
7,TUESDAY,CONDOMINIO,0.0900,0.95,53.49,0.0,24.5,0,0,0.112816,0,0
13,SATURDAY,RESIDENCIAL,0.3100,3.50,32.15,5.2,13.1,0,1,0.114265,0,0
8,THURSDAY,COMERCIAL,0.3100,4.25,81.25,0.0,25.7,0,0,0.246986,0,1
6,THURSDAY,RESIDENCIAL,0.0800,1.57,40.13,5.6,28.6,1,0,0.239353,0,0
12,THURSDAY,RESIDENCIAL,0.2500,1.55,10.79,0.0,18.8,0,1,0.080019,0,0
16,MONDAY,RESIDENCIAL,0.0500,3.58,63.26,8.4,18.5,0,1,0.068532,0,0
14,SATURDAY,CONDOMINIO,0.1900,8.34,87.25,0.0,17.1,0,1,0.131187,1,1
17,MONDAY,RESIDENCIAL,0.0900,2.13,23.27,4.3,20.5,0,1,0.057858,0,0
3,TUESDAY,RESIDENCIAL,0.1900,2.65,23.03,0.0,24.0,0,0,0.167754,0,0
10,THURSDAY,RESIDENCIAL,0.1100,3.93,16.84,0.0,19.6,0,1,0.040997,0,0
6,MONDAY,COMERCIAL,0.0600,1.03,16.91,0.0,31.0,0,0,0.087336,0,0
10,FRIDAY,RESIDENCIAL,0.2200,6.10,88.07,0.0,19.3,1,1,0.217683,0,1
18,SATURDAY,RESIDENCIAL,0.0500,7.80,110.05,1.9,22.5,0,1,0.116161,0,0
12,MONDAY,COMERCIAL,0.0800,1.15,24.58,0.0,20.4,0,1,0.060374,1,1
9,MONDAY,COMERCIAL,0.0600,3.77,60.94,5.8,24.9,0,0,0.123144,0,0
9,SATURDAY,CONDOMINIO,0.2800,6.02,72.50,3.0,24.9,0,1,0.167075,0,0
16,SUNDAY,RESIDENCIAL,0.2200,4.86,79.47,0.0,18.2,0,0,0.145963,0,0
10,TUESDAY,COMERCIAL,0.3100,2.00,52.48,0.0,23.1,2,0,0.703062,0,1
6,MONDAY,COMERCIAL,0.0500,0.99,38.05,0.0,27.8,0,1,0.051317,0,0
10,SUNDAY,CONDOMINIO,0.2200,5.76,68.77,0.4,28.7,0,0,0.204416,0,0
6,FRIDAY,CONDOMINIO,0.2800,4.37,28.94,0.0,29.4,2,0,0.727705,0,1
10,THURSDAY,COMERCIAL,0.0500,3.04,56.14,0.0,21.2,0,1,0.050910,0,0
17,WEDNESDAY,COMERCIAL,0.2500,2.45,31.51,1.5,15.9,0,0,0.185849,0,0
7,WEDNESDAY,RESIDENCIAL,0.0900,1.30,47.65,0.0,25.2,0,0,0.074959,0,0
11,MONDAY,RESIDENCIAL,0.0900,2.31,31.70,0.0,18.7,0,1,0.037999,0,0
12,SATURDAY,RESIDENCIAL,0.2800,0.65,33.54,0.0,24.6,1,0,0.357188,0,0
7,SATURDAY,RESIDENCIAL,0.0800,1.09,11.19,0.0,28.5,1,1,0.100834,0,0
7,TUESDAY,CONDOMINIO,0.0800,1.56,35.33,0.0,23.7,1,0,0.254324,0,1
6,THURSDAY,CONDOMINIO,0.2200,0.47,21.49,0.0,27.7,1,1,0.255728,0,0
0,MONDAY,COMERCIAL,0.0900,4.84,29.28,0.0,28.6,0,1,0.111068,0,0
9,WEDNESDAY,RESIDENCIAL,0.0600,1.81,45.74,0.0,21.2,0,1,0.037048,0,0
9,SATURDAY,RURAL,0.2500,1.11,48.16,22.5,21.3,1,1,0.552033,0,0
18,TUESDAY,RESIDENCIAL,0.0900,0.55,19.82,0.0,20.4,0,0,0.131362,0,0
9,SATURDAY,COMERCIAL,0.1500,4.23,35.57,0.0,21.8,0,0,0.306620,0,0
13,FRIDAY,RURAL,0.2800,1.07,57.03,0.0,12.1,0,1,0.170353,0,0
14,MONDAY,RESIDENCIAL,0.0600,1.69,9.81,0.0,20.1,0,0,0.067452,0,0
10,WEDNESDAY,RESIDENCIAL,0.1900,0.89,17.87,0.0,22.1,0,1,0.054461,0,0
12,MONDAY,RESIDENCIAL,0.2200,15.90,235.68,1.3,20.3,1,1,0.471212,0,0
2,SATURDAY,RURAL,0.2500,4.57,55.97,2.5,26.6,0,0,0.397146,0,0
10,MONDAY,CONDOMINIO,0.0500,3.38,63.43,4.5,23.6,0,1,0.076755,0,0
8,SUNDAY,COMERCIAL,0.2500,1.80,40.09,12.9,23.4,0,1,0.402240,0,0
12,SATURDAY,RESIDENCIAL,0.3100,11.45,71.16,0.0,19.3,0,1,0.141473,1,1
9,WEDNESDAY,CONDOMINIO,0.1900,1.07,18.28,0.0,21.0,0,0,0.133527,1,1
7,MONDAY,CONDOMINIO,0.2500,1.15,42.48,11.7,27.0,0,1,0.192347,1,1
8,TUESDAY,RESIDENCIAL,0.1100,0.84,10.58,2.3,27.3,0,1,0.047553,0,0
16,FRIDAY,RESIDENCIAL,0.2500,7.92,118.69,0.0,18.1,1,1,0.317510,0,0
17,MONDAY,RESIDENCIAL,0.2200,1.03,14.48,8.9,18.5,1,1,0.256197,0,1
9,TUESDAY,CONDOMINIO,0.0500,1.53,22.82,0.0,28.1,0,0,0.094621,0,0
17,THURSDAY,RESIDENCIAL,0.2200,1.28,36.44,0.0,21.1,2,0,0.581701,0,1
21,THURSDAY,RESIDENCIAL,0.1900,2.07,33.83,22.5,24.4,0,1,0.298923,0,0
19,THURSDAY,RESIDENCIAL,0.3100,3.28,55.10,0.0,22.5,1,1,0.448286,0,1
11,WEDNESDAY,RESIDENCIAL,0.0500,13.36,56.23,2.2,24.7,0,0,0.095515,1,1
14,THURSDAY,RESIDENCIAL,0.0500,7.48,41.38,7.7,14.9,0,1,0.062798,0,0
17,FRIDAY,RESIDENCIAL,0.0800,4.77,62.32,25.0,17.4,1,0,0.477897,0,0
11,SATURDAY,RESIDENCIAL,0.0600,2.33,58.94,0.0,22.5,0,1,0.036757,0,0
1,SUNDAY,RESIDENCIAL,0.1100,2.19,52.19,0.0,26.7,0,0,0.134413,0,0
17,THURSDAY,CONDOMINIO,0.0500,5.66,113.11,0.0,17.9,0,0,0.148292,0,0
21,WEDNESDAY,COMERCIAL,0.2800,1.81,32.21,6.4,27.4,1,0,0.685700,0,0
21,SUNDAY,RESIDENCIAL,0.0800,1.94,25.50,0.0,26.0,0,1,0.082451,0,0
6,WEDNESDAY,RESIDENCIAL,0.0800,2.44,13.95,0.0,27.5,0,0,0.068294,0,0
15,SATURDAY,RESIDENCIAL,0.1900,3.88,45.48,4.5,18.3,0,1,0.083740,0,1
12,MONDAY,COMERCIAL,0.1200,2.36,11.39,0.0,20.6,0,0,0.113705,0,0
8,FRIDAY,CONDOMINIO,0.0500,7.62,45.77,0.0,24.3,0,1,0.066582,0,0
10,SATURDAY,CONDOMINIO,0.1100,1.16,30.30,0.0,21.3,0,1,0.058206,0,0
9,TUESDAY,RURAL,0.2500,6.60,28.84,7.4,27.3,3,1,0.881776,0,0
7,FRIDAY,RESIDENCIAL,0.0900,11.31,171.58,15.0,27.7,0,1,0.169113,0,0
6,SUNDAY,RESIDENCIAL,0.1900,6.73,29.07,1.5,27.5,0,1,0.069917,0,0
10,SUNDAY,COMERCIAL,0.1100,4.34,33.28,2.3,24.6,0,0,0.305153,0,0
19,THURSDAY,CONDOMINIO,0.3100,1.16,43.43,0.0,19.5,0,1,0.265558,0,0
10,FRIDAY,COMERCIAL,0.0900,1.34,24.51,0.0,21.3,0,1,0.050572,0,0
7,SATURDAY,RESIDENCIAL,0.3100,1.35,28.11,0.0,28.2,1,0,0.343032,0,0
15,THURSDAY,RESIDENCIAL,0.0600,3.39,54.58,0.0,16.6,0,1,0.046312,0,0
17,SUNDAY,RESIDENCIAL,0.2800,6.01,100.40,0.0,17.9,0,1,0.122373,0,1
14,SUNDAY,COMERCIAL,0.0800,11.83,95.98,0.7,25.7,0,1,0.298421,0,1
10,WEDNESDAY,RESIDENCIAL,0.0800,0.78,14.47,5.7,23.6,0,1,0.046348,0,0
21,FRIDAY,CONDOMINIO,0.3100,8.57,123.94,2.1,26.8,0,0,0.569671,0,0
12,MONDAY,CONDOMINIO,0.0900,1.29,19.34,1.8,18.5,1,1,0.193194,0,0
11,FRIDAY,RURAL,0.2800,1.69,25.66,0.0,20.8,1,1,0.338696,0,0
17,TUESDAY,COMERCIAL,0.0500,8.51,111.45,0.0,20.9,3,1,0.726423,0,1
4,MONDAY,RESIDENCIAL,0.1500,5.06,88.82,0.0,34.0,0,1,0.143291,0,0
14,TUESDAY,CONDOMINIO,0.1100,0.85,61.38,0.0,18.8,0,1,0.085706,1,1
15,WEDNESDAY,RESIDENCIAL,0.1200,7.39,52.25,0.0,20.1,0,1,0.067594,0,0
6,FRIDAY,COMERCIAL,0.1900,1.12,40.25,1.6,29.3,0,0,0.155382,0,1
12,SUNDAY,RESIDENCIAL,0.0600,1.93,24.67,0.0,19.3,0,0,0.064340,0,0
21,WEDNESDAY,RESIDENCIAL,0.0800,1.42,21.70,5.1,26.0,1,1,0.267332,0,0
17,WEDNESDAY,COMERCIAL,0.2800,1.41,27.65,0.2,27.2,0,1,0.144161,0,1
4,TUESDAY,COMERCIAL,0.1500,9.26,164.45,0.0,28.7,0,0,0.345993,0,0
10,WEDNESDAY,RURAL,0.2200,0.89,21.51,0.0,26.0,0,1,0.125460,0,0
8,MONDAY,RESIDENCIAL,0.0600,1.44,14.54,0.0,24.7,0,1,0.034830,0,0
18,FRIDAY,CONDOMINIO,0.2200,0.59,38.81,2.6,17.3,0,1,0.208002,0,0
6,WEDNESDAY,COMERCIAL,0.2500,3.50,17.83,9.1,26.6,1,1,0.343062,0,0
7,MONDAY,CONDOMINIO,0.0900,4.30,80.10,0.0,26.1,0,0,0.137039,0,0
14,FRIDAY,RESIDENCIAL,0.0500,4.48,34.81,0.0,19.5,2,0,0.423417,0,0
12,FRIDAY,CONDOMINIO,0.2200,1.00,36.95,8.0,14.3,1,1,0.342719,0,1
10,FRIDAY,RESIDENCIAL,0.0500,4.38,27.66,0.0,18.6,3,0,0.620610,0,0
16,FRIDAY,CONDOMINIO,0.0900,10.06,98.11,0.0,21.6,0,0,0.187847,0,0
17,SATURDAY,RESIDENCIAL,0.0900,4.94,74.75,0.0,16.2,0,1,0.052476,0,0
19,FRIDAY,COMERCIAL,0.0900,1.09,9.20,0.0,27.0,0,1,0.115480,0,0
16,MONDAY,COMERCIAL,0.3100,1.40,32.43,0.4,20.7,3,1,0.822987,0,1
14,MONDAY,RESIDENCIAL,0.0600,1.29,20.73,0.0,19.3,0,1,0.040745,0,0
6,THURSDAY,RESIDENCIAL,0.1200,0.41,23.40,0.0,27.9,0,1,0.047059,0,0
10,MONDAY,RESIDENCIAL,0.0500,0.76,14.72,2.2,24.0,2,1,0.251031,0,0
9,SATURDAY,CONDOMINIO,0.0500,1.94,58.21,0.0,19.8,0,0,0.085281,0,0
14,THURSDAY,RESIDENCIAL,0.1100,0.72,33.45,10.5,12.0,0,1,0.069416,0,0
9,FRIDAY,COMERCIAL,0.0800,4.50,31.69,0.0,22.4,0,1,0.055058,0,0
12,FRIDAY,COMERCIAL,0.2200,0.77,21.94,0.9,20.0,1,1,0.254930,0,0
2,SUNDAY,COMERCIAL,0.2800,2.35,49.88,0.0,28.5,0,1,0.474589,0,1
15,SATURDAY,COMERCIAL,0.1200,1.52,20.51,9.5,16.1,0,1,0.259137,0,0
21,FRIDAY,CONDOMINIO,0.0900,1.05,29.04,5.1,24.0,0,1,0.162725,0,0
17,WEDNESDAY,RESIDENCIAL,0.1900,3.18,63.35,7.6,14.1,2,1,0.504225,0,1
17,TUESDAY,RESIDENCIAL,0.0500,1.49,30.71,0.0,23.4,0,0,0.074336,0,0
17,SUNDAY,CONDOMINIO,0.2200,0.55,16.35,0.0,20.5,1,0,0.370319,0,0
8,FRIDAY,CONDOMINIO,0.0900,1.31,22.37,0.0,33.6,0,1,0.072711,0,0
12,WEDNESDAY,RURAL,0.2200,1.59,16.11,0.0,22.8,0,0,0.229735,0,0
9,THURSDAY,RESIDENCIAL,0.2200,1.23,10.65,0.0,28.8,0,0,0.111982,0,0
11,MONDAY,COMERCIAL,0.2200,0.75,20.90,0.0,21.7,0,1,0.080642,0,0
11,FRIDAY,RESIDENCIAL,0.1500,11.20,118.24,0.0,21.3,1,1,0.219079,0,1
9,MONDAY,CONDOMINIO,0.3100,1.68,46.71,0.0,21.0,1,1,0.329343,0,1
7,SUNDAY,CONDOMINIO,0.1200,3.85,43.63,1.3,31.0,0,0,0.139346,0,0
17,TUESDAY,COMERCIAL,0.1900,2.54,14.30,0.0,19.2,1,1,0.225255,1,1
10,FRIDAY,RESIDENCIAL,0.1100,0.94,9.21,0.0,26.1,0,0,0.070590,0,0
9,SUNDAY,RESIDENCIAL,0.2800,4.48,63.03,5.0,27.0,1,1,0.288870,0,1
16,FRIDAY,COMERCIAL,0.2200,2.89,16.46,0.0,19.6,1,1,0.251635,0,0
18,WEDNESDAY,COMERCIAL,0.0600,8.26,31.20,12.2,18.6,0,1,0.181280,0,1
10,TUESDAY,RESIDENCIAL,0.2500,2.58,14.22,0.0,24.5,0,1,0.073195,0,0
13,WEDNESDAY,RESIDENCIAL,0.2500,5.06,84.57,1.7,21.5,0,0,0.201215,0,0
17,TUESDAY,RESIDENCIAL,0.2500,0.78,17.00,2.3,17.2,1,0,0.328495,0,0
13,MONDAY,RESIDENCIAL,0.1500,2.57,39.99,0.0,16.1,0,1,0.059873,0,0
14,MONDAY,RESIDENCIAL,0.0500,3.03,53.69,0.0,22.8,0,1,0.049572,0,1
16,FRIDAY,RESIDENCIAL,0.0500,1.31,44.72,11.0,17.2,0,1,0.066028,0,0
17,TUESDAY,RESIDENCIAL,0.0800,4.44,92.32,0.0,13.0,0,0,0.091978,0,0
12,SATURDAY,CONDOMINIO,0.0800,10.23,148.88,0.0,17.7,1,0,0.407399,0,0
6,SATURDAY,RESIDENCIAL,0.1200,1.50,23.32,7.8,27.1,0,1,0.060300,0,0
10,SATURDAY,COMERCIAL,0.3100,1.81,17.01,0.0,23.6,1,1,0.568391,0,0
11,FRIDAY,RURAL,0.2500,1.26,76.79,0.0,21.4,2,1,0.626366,0,1
14,SATURDAY,COMERCIAL,0.0500,1.23,15.89,0.0,24.7,0,1,0.166354,0,1
5,TUESDAY,COMERCIAL,0.0600,0.93,23.47,0.0,29.9,0,1,0.091549,0,0
9,TUESDAY,COMERCIAL,0.0900,4.23,38.79,18.9,28.0,0,0,0.219499,0,0
20,FRIDAY,CONDOMINIO,0.2200,0.78,31.80,0.0,24.2,3,0,0.924889,0,1
10,SATURDAY,RESIDENCIAL,0.2200,0.82,44.92,0.0,19.7,0,1,0.058645,0,0
14,THURSDAY,COMERCIAL,0.1100,7.28,104.62,0.0,15.3,0,0,0.154006,0,0
10,SUNDAY,CONDOMINIO,0.1100,1.59,30.81,0.0,19.8,0,1,0.057270,0,0
10,THURSDAY,RURAL,0.2200,1.52,24.27,0.0,21.4,0,0,0.188939,0,0
12,FRIDAY,COMERCIAL,0.1200,1.73,29.18,0.0,20.5,1,0,0.289044,0,0
11,TUESDAY,COMERCIAL,0.3100,3.54,45.35,8.0,23.9,0,0,0.278463,0,1
9,SATURDAY,RESIDENCIAL,0.3100,3.80,31.13,0.0,19.5,1,1,0.214084,0,0
19,MONDAY,RESIDENCIAL,0.1200,2.53,25.50,5.0,26.7,0,0,0.206566,0,0
18,WEDNESDAY,COMERCIAL,0.1500,1.36,16.97,0.0,22.7,0,0,0.215156,0,0
14,FRIDAY,COMERCIAL,0.0900,1.94,56.17,3.3,14.7,0,1,0.074171,1,1
15,THURSDAY,RESIDENCIAL,0.2800,1.49,24.34,0.0,14.7,0,0,0.141682,0,0
14,TUESDAY,RESIDENCIAL,0.2500,0.92,42.60,0.0,21.5,1,1,0.235664,0,0
20,SATURDAY,COMERCIAL,0.0900,0.59,24.53,0.0,27.3,0,0,0.442473,0,0
10,FRIDAY,RESIDENCIAL,0.1200,3.68,57.42,1.5,24.9,0,1,0.058260,0,0
20,FRIDAY,RESIDENCIAL,0.0600,0.82,18.64,0.0,18.2,1,1,0.182285,0,0
12,WEDNESDAY,RESIDENCIAL,0.1200,0.86,27.45,0.0,23.7,0,1,0.056535,0,0
16,THURSDAY,COMERCIAL,0.2800,6.96,109.55,0.0,17.2,0,1,0.178903,0,0
7,MONDAY,RESIDENCIAL,0.0600,4.69,31.28,3.9,25.3,1,0,0.208147,0,0
12,FRIDAY,RESIDENCIAL,0.0600,5.14,60.22,1.6,21.9,0,1,0.058380,0,0
13,THURSDAY,RESIDENCIAL,0.3100,5.75,53.19,0.0,22.2,1,0,0.447818,0,0
16,WEDNESDAY,RESIDENCIAL,0.0800,1.65,32.82,0.0,17.4,0,0,0.075197,0,0
10,SUNDAY,RESIDENCIAL,0.2500,6.45,39.41,0.0,19.7,0,1,0.073297,0,1
8,FRIDAY,RESIDENCIAL,0.2800,1.36,37.70,0.0,25.8,0,1,0.088733,0,1
2,SATURDAY,RESIDENCIAL,0.1200,1.25,16.41,0.0,33.8,0,1,0.083393,0,0
8,SUNDAY,CONDOMINIO,0.2800,3.46,65.15,9.1,26.1,2,1,0.689675,1,1
7,WEDNESDAY,CONDOMINIO,0.1900,1.34,50.91,0.0,24.1,0,1,0.097893,0,1
10,SATURDAY,RESIDENCIAL,0.2500,1.49,7.20,0.0,22.6,0,1,0.061114,0,0
8,WEDNESDAY,RESIDENCIAL,0.1200,1.33,23.28,0.0,26.8,1,1,0.129247,0,0
14,SATURDAY,RESIDENCIAL,0.0800,1.54,21.55,0.6,24.2,1,1,0.125176,0,0
9,THURSDAY,CONDOMINIO,0.2500,0.40,22.58,0.0,20.9,0,1,0.101408,1,1
9,SUNDAY,CONDOMINIO,0.1200,0.67,6.43,0.0,20.1,0,0,0.089031,0,0
7,THURSDAY,RESIDENCIAL,0.0600,2.22,33.06,0.0,31.5,0,1,0.043428,0,0
6,WEDNESDAY,COMERCIAL,0.0900,0.83,7.04,0.0,29.7,3,1,0.611331,0,1
18,SUNDAY,RESIDENCIAL,0.1900,3.44,46.92,2.4,19.3,2,0,0.706341,0,0
22,FRIDAY,RESIDENCIAL,0.0800,0.45,8.18,0.0,25.6,0,1,0.064523,0,0
16,THURSDAY,RESIDENCIAL,0.0900,3.85,79.44,0.0,14.7,0,1,0.055620,0,0
15,FRIDAY,RESIDENCIAL,0.1200,3.68,54.92,0.0,13.2,0,0,0.091594,0,0
10,SUNDAY,RESIDENCIAL,0.1900,2.10,15.92,0.0,23.0,2,1,0.328755,0,0
4,THURSDAY,RESIDENCIAL,0.0500,4.01,44.33,0.2,32.0,0,0,0.133145,0,0
19,SUNDAY,RESIDENCIAL,0.0600,2.80,40.13,0.7,20.9,1,1,0.201012,0,1
7,MONDAY,COMERCIAL,0.1200,2.14,30.62,0.0,28.0,0,1,0.066981,0,0
12,TUESDAY,CONDOMINIO,0.0800,1.41,40.55,0.0,19.3,0,1,0.072659,0,0
16,FRIDAY,RESIDENCIAL,0.1900,3.64,35.97,0.0,14.2,0,1,0.067791,0,0
16,THURSDAY,RESIDENCIAL,0.1500,1.46,15.11,0.1,16.3,0,1,0.053527,0,0
16,SUNDAY,RESIDENCIAL,0.1200,3.21,31.33,0.0,15.4,0,1,0.047136,0,0
8,SATURDAY,CONDOMINIO,0.0900,9.96,66.51,0.0,25.7,0,1,0.082341,0,0
17,SATURDAY,RESIDENCIAL,0.1200,4.81,29.97,0.0,14.0,1,1,0.130123,0,0
12,WEDNESDAY,RESIDENCIAL,0.0800,2.70,33.73,0.0,23.6,2,0,0.461183,0,0
21,THURSDAY,COMERCIAL,0.0800,2.95,38.51,0.0,21.9,1,1,0.286139,0,0
7,MONDAY,RURAL,0.3100,1.37,26.16,0.0,27.3,0,1,0.178710,0,1
6,SUNDAY,RESIDENCIAL,0.1200,3.84,43.55,0.0,26.3,1,1,0.133103,0,1
7,FRIDAY,RESIDENCIAL,0.0600,1.66,4.44,0.0,28.4,0,1,0.036168,0,0
9,FRIDAY,RESIDENCIAL,0.0900,0.84,8.50,1.2,22.7,0,1,0.038162,0,0
7,THURSDAY,RESIDENCIAL,0.1900,1.63,14.98,3.2,26.5,1,1,0.180150,0,0
8,WEDNESDAY,RESIDENCIAL,0.0900,2.80,42.21,0.0,22.5,2,0,0.413101,0,0
6,THURSDAY,CONDOMINIO,0.0600,9.68,74.10,0.0,23.7,0,0,0.130380,0,1
9,THURSDAY,RESIDENCIAL,0.0900,2.84,29.36,0.0,28.7,0,0,0.077446,0,0
21,WEDNESDAY,RESIDENCIAL,0.0900,2.43,19.51,0.0,24.9,0,0,0.147643,0,0
14,THURSDAY,RESIDENCIAL,0.0900,1.57,36.72,0.0,20.8,2,1,0.323470,0,0
14,TUESDAY,RESIDENCIAL,0.1500,0.85,29.61,0.0,19.1,0,1,0.058508,0,0
14,TUESDAY,CONDOMINIO,0.2200,3.95,45.66,0.0,20.6,2,1,0.580150,0,1
6,SUNDAY,RURAL,0.2800,1.66,7.65,0.0,23.1,0,1,0.130573,0,0
5,THURSDAY,COMERCIAL,0.0600,1.22,58.13,0.0,28.1,0,1,0.101107,0,0
13,SATURDAY,COMERCIAL,0.1500,2.03,63.34,0.0,19.7,0,1,0.249386,0,0
14,TUESDAY,CONDOMINIO,0.2500,3.90,48.26,0.0,20.1,1,1,0.341310,0,1
10,MONDAY,RESIDENCIAL,0.2500,2.72,45.57,0.3,22.4,1,1,0.207803,0,1
16,WEDNESDAY,COMERCIAL,0.1500,5.30,78.78,0.0,20.9,0,1,0.105800,0,0
8,FRIDAY,COMERCIAL,0.1200,1.77,73.48,0.0,27.9,0,1,0.077713,0,0
7,TUESDAY,RESIDENCIAL,0.0800,3.12,59.14,7.2,31.5,0,1,0.071662,0,0
10,FRIDAY,RESIDENCIAL,0.0800,2.07,29.25,0.0,24.8,1,1,0.112520,0,0
13,THURSDAY,RESIDENCIAL,0.2500,2.65,36.15,0.9,16.5,0,1,0.089590,1,1
6,TUESDAY,RESIDENCIAL,0.1500,1.20,32.35,0.0,29.9,0,0,0.095990,0,0
9,WEDNESDAY,RESIDENCIAL,0.2500,4.42,24.32,0.0,24.6,0,1,0.079422,0,1
14,MONDAY,RESIDENCIAL,0.0900,0.83,22.01,0.0,18.6,0,1,0.044822,0,1
12,THURSDAY,CONDOMINIO,0.1900,4.09,65.26,3.0,17.2,0,1,0.136142,0,0
17,SUNDAY,CONDOMINIO,0.0600,1.23,14.34,0.0,20.5,0,0,0.094329,0,0
21,WEDNESDAY,COMERCIAL,0.2500,3.36,77.40,0.0,24.1,0,1,0.245196,0,1
12,MONDAY,RESIDENCIAL,0.0800,7.04,55.79,0.0,15.8,0,0,0.089901,0,0
18,WEDNESDAY,CONDOMINIO,0.0500,2.81,59.06,0.0,18.1,0,0,0.192864,0,0
7,MONDAY,RESIDENCIAL,0.2800,6.49,99.42,0.0,25.0,3,1,0.790829,0,1
18,WEDNESDAY,RESIDENCIAL,0.1900,4.14,54.30,9.4,18.2,2,1,0.683023,0,1
7,SUNDAY,RURAL,0.2800,8.99,101.43,0.0,34.1,2,1,0.746961,0,0
14,FRIDAY,RESIDENCIAL,0.1100,4.05,48.29,0.0,17.8,0,0,0.094525,0,0
9,SUNDAY,RESIDENCIAL,0.2800,3.01,63.49,0.0,17.7,0,1,0.079674,0,0
20,MONDAY,COMERCIAL,0.2800,6.74,100.53,6.2,17.7,0,0,0.468447,0,1
8,MONDAY,COMERCIAL,0.1500,1.25,35.55,12.4,29.8,0,0,0.202208,0,1
13,WEDNESDAY,RURAL,0.2800,2.20,28.72,6.6,22.1,0,1,0.236653,0,0
13,TUESDAY,CONDOMINIO,0.1100,3.87,55.77,0.0,16.2,1,0,0.328237,0,1
8,SATURDAY,RESIDENCIAL,0.0900,3.44,79.61,20.2,30.1,0,1,0.121900,0,0
11,SATURDAY,RESIDENCIAL,0.0900,0.83,45.89,0.0,15.2,0,0,0.055636,0,0
9,FRIDAY,RURAL,0.2200,6.20,46.80,6.0,22.3,0,1,0.180672,0,0
10,SUNDAY,RESIDENCIAL,0.1200,5.15,38.18,0.0,23.5,0,0,0.078094,0,0
12,SATURDAY,CONDOMINIO,0.0800,3.48,52.13,0.0,17.1,0,0,0.114814,0,0
7,SUNDAY,RESIDENCIAL,0.1100,6.03,98.29,2.3,27.1,2,1,0.396376,0,1
6,FRIDAY,RESIDENCIAL,0.0500,5.08,61.08,8.8,29.9,0,0,0.115610,0,1
14,SUNDAY,RESIDENCIAL,0.0600,3.84,53.79,0.0,12.9,0,0,0.066556,0,0
11,THURSDAY,COMERCIAL,0.1900,1.83,18.48,0.0,27.7,1,1,0.211430,0,0
16,MONDAY,COMERCIAL,0.1900,2.75,66.80,3.1,17.9,0,1,0.118517,0,0
18,THURSDAY,RESIDENCIAL,0.3100,2.05,13.51,0.0,18.1,0,0,0.260627,0,0
16,SUNDAY,RURAL,0.2500,8.10,68.53,0.0,21.5,1,0,0.563805,0,1
6,FRIDAY,CONDOMINIO,0.0600,0.77,10.30,0.0,24.1,1,1,0.139728,0,1
17,WEDNESDAY,RESIDENCIAL,0.0900,1.07,42.19,0.0,18.7,0,1,0.048777,0,0
18,THURSDAY,RESIDENCIAL,0.2200,3.05,41.23,11.1,20.4,0,1,0.219030,0,0
7,SUNDAY,RESIDENCIAL,0.2800,0.92,10.90,1.1,21.2,0,1,0.069791,0,0
21,MONDAY,CONDOMINIO,0.1500,3.30,38.47,5.0,22.7,0,1,0.208396,0,0
14,TUESDAY,CONDOMINIO,0.1500,1.24,11.37,4.4,20.9,0,1,0.103631,0,0
11,SUNDAY,COMERCIAL,0.1100,3.35,67.18,0.0,18.3,1,0,0.539535,0,1
8,MONDAY,COMERCIAL,0.1500,5.28,73.05,0.0,25.0,1,1,0.226917,0,0
14,SATURDAY,RESIDENCIAL,0.1900,3.31,57.31,0.0,15.5,0,1,0.067988,0,0
9,SUNDAY,COMERCIAL,0.1500,0.72,29.85,10.2,23.1,0,0,0.391360,0,0
6,WEDNESDAY,RESIDENCIAL,0.1900,2.61,31.24,6.7,29.9,1,1,0.231424,0,1
7,FRIDAY,RESIDENCIAL,0.0500,2.37,25.04,19.0,25.7,0,0,0.133358,0,0
18,FRIDAY,RURAL,0.2800,2.62,48.27,0.0,23.9,0,0,0.451795,0,0
14,TUESDAY,RESIDENCIAL,0.1100,2.69,60.74,0.0,18.0,0,0,0.096234,0,0
18,FRIDAY,COMERCIAL,0.3100,2.88,51.98,0.3,16.8,1,1,0.492356,0,0
6,SATURDAY,RESIDENCIAL,0.0900,1.71,54.20,0.0,26.1,0,1,0.042760,0,0
6,FRIDAY,RESIDENCIAL,0.3100,4.39,51.38,0.0,23.8,1,1,0.265275,0,1
7,THURSDAY,RESIDENCIAL,0.3100,0.40,21.14,0.0,18.8,1,1,0.207602,0,0
19,TUESDAY,RESIDENCIAL,0.0500,3.43,55.97,0.0,17.1,2,0,0.574841,0,0
15,WEDNESDAY,RESIDENCIAL,0.0600,4.18,60.50,1.1,15.6,0,1,0.049642,0,0
19,THURSDAY,RESIDENCIAL,0.1200,3.98,12.45,0.0,16.2,0,1,0.087328,0,1
1,SUNDAY,CONDOMINIO,0.2800,1.14,70.07,0.0,33.4,0,1,0.249137,0,0
10,SUNDAY,RESIDENCIAL,0.0600,1.01,18.42,0.0,20.7,0,1,0.029396,0,0
7,MONDAY,RESIDENCIAL,0.2800,1.62,23.72,0.6,26.1,1,1,0.223459,0,1
11,WEDNESDAY,COMERCIAL,0.0500,0.91,13.10,5.7,18.7,0,1,0.050004,0,0
11,FRIDAY,COMERCIAL,0.2200,6.80,33.44,0.0,20.0,2,1,0.483446,0,1
18,MONDAY,RESIDENCIAL,0.0600,1.54,25.83,0.5,21.0,0,1,0.077581,0,0
15,TUESDAY,COMERCIAL,0.0900,1.66,44.56,0.0,15.3,0,0,0.103006,0,0
11,SUNDAY,COMERCIAL,0.0800,2.00,39.27,2.1,25.6,0,1,0.179989,0,1
19,SATURDAY,RESIDENCIAL,0.1500,0.85,9.18,0.0,19.4,2,0,0.597719,0,0
9,TUESDAY,RESIDENCIAL,0.1500,1.89,28.29,0.0,26.0,0,1,0.053677,0,0
15,FRIDAY,RESIDENCIAL,0.0500,1.14,16.56,1.3,14.8,0,0,0.062929,0,0
19,TUESDAY,COMERCIAL,0.2800,0.79,40.13,0.0,20.9,0,1,0.217256,0,0
10,MONDAY,COMERCIAL,0.1200,1.43,34.40,1.6,25.5,0,1,0.068202,0,0
0,THURSDAY,RURAL,0.1500,1.78,11.37,0.0,28.1,0,0,0.259605,0,0
9,FRIDAY,RESIDENCIAL,0.1100,1.93,21.43,11.9,26.3,0,0,0.122978,0,0
20,TUESDAY,COMERCIAL,0.2200,8.13,40.33,1.9,20.6,0,1,0.221330,0,0
12,WEDNESDAY,RESIDENCIAL,0.3100,3.49,33.68,0.0,13.5,1,0,0.373313,1,1
11,SATURDAY,COMERCIAL,0.0500,0.41,38.89,0.0,18.5,0,0,0.203560,0,0
14,TUESDAY,CONDOMINIO,0.0500,1.58,17.91,0.0,15.4,0,1,0.055679,0,0
13,SATURDAY,RESIDENCIAL,0.2500,3.18,27.46,21.0,14.8,0,1,0.172265,0,0
11,SATURDAY,CONDOMINIO,0.2500,4.24,16.24,0.2,21.6,2,1,0.502990,0,0
13,WEDNESDAY,RESIDENCIAL,0.1900,6.39,98.75,0.0,22.1,0,1,0.104964,0,0
14,SATURDAY,CONDOMINIO,0.1200,3.53,20.17,0.0,22.1,1,0,0.308089,0,0
11,TUESDAY,RESIDENCIAL,0.0800,11.55,94.31,0.0,23.0,1,1,0.167422,0,0
18,WEDNESDAY,RESIDENCIAL,0.0600,1.25,23.54,0.6,17.1,0,1,0.071386,0,0
11,SUNDAY,CONDOMINIO,0.2200,12.71,96.18,6.9,19.1,2,1,0.662615,0,0
7,WEDNESDAY,RESIDENCIAL,0.0500,3.81,18.08,0.0,28.3,0,1,0.038552,0,0
19,MONDAY,COMERCIAL,0.2200,1.35,24.72,1.4,23.8,1,0,0.550237,0,1
17,FRIDAY,RESIDENCIAL,0.2500,2.11,26.72,0.0,14.4,1,1,0.205483,0,0
7,FRIDAY,RESIDENCIAL,0.0600,20.40,130.59,0.0,26.9,1,1,0.224499,0,0
11,TUESDAY,RESIDENCIAL,0.1900,5.98,38.99,3.4,24.2,2,0,0.575044,0,1
6,TUESDAY,COMERCIAL,0.0500,1.05,29.86,0.0,25.5,0,1,0.047684,0,0
15,THURSDAY,CONDOMINIO,0.0600,6.11,63.83,0.0,19.9,0,0,0.135412,0,0
17,SATURDAY,RESIDENCIAL,0.0600,3.01,14.91,0.8,14.5,1,0,0.161229,0,0
16,WEDNESDAY,RESIDENCIAL,0.0500,2.44,16.62,0.0,20.0,0,0,0.067703,0,0
19,FRIDAY,COMERCIAL,0.0900,0.93,17.10,0.0,22.7,1,0,0.390705,0,1
14,SATURDAY,RESIDENCIAL,0.0500,10.88,139.76,0.0,16.2,0,0,0.109588,0,0
18,FRIDAY,COMERCIAL,0.0900,5.40,73.27,4.6,16.0,0,0,0.243254,0,0
14,WEDNESDAY,RESIDENCIAL,0.2200,1.73,22.69,0.0,20.2,0,1,0.077130,0,0
22,SUNDAY,RESIDENCIAL,0.2200,0.83,26.81,0.0,25.4,0,0,0.170228,0,0
6,SATURDAY,COMERCIAL,0.0800,2.66,23.48,0.0,23.1,0,1,0.153478,0,1
6,THURSDAY,COMERCIAL,0.2200,6.43,80.24,0.0,31.2,1,1,0.317716,0,0
16,MONDAY,RESIDENCIAL,0.0600,0.56,6.27,0.0,21.9,2,0,0.393429,0,0
21,SATURDAY,RESIDENCIAL,0.2500,3.08,27.36,2.0,24.7,0,1,0.163891,0,0
17,SUNDAY,RURAL,0.2500,1.65,26.55,0.0,21.5,0,1,0.151543,0,1
12,SATURDAY,COMERCIAL,0.2500,1.80,48.78,5.3,19.7,0,1,0.371128,0,0
9,THURSDAY,COMERCIAL,0.2200,6.90,53.97,0.0,23.8,0,1,0.108552,0,1
4,WEDNESDAY,RESIDENCIAL,0.2200,5.95,25.84,0.0,26.4,0,0,0.207528,0,0
20,MONDAY,RESIDENCIAL,0.2200,6.17,77.53,8.4,30.4,0,1,0.274954,0,1
6,TUESDAY,COMERCIAL,0.0600,0.77,8.14,0.0,31.0,0,0,0.084078,0,0
11,SATURDAY,RURAL,0.2500,4.25,62.18,0.0,19.0,0,1,0.140031,0,0
7,THURSDAY,RESIDENCIAL,0.1200,0.85,19.05,0.0,33.0,0,1,0.051537,0,0
13,WEDNESDAY,CONDOMINIO,0.0600,3.19,50.56,0.0,21.4,1,0,0.299431,0,0
16,MONDAY,RESIDENCIAL,0.0500,2.47,32.06,1.2,20.3,0,1,0.045217,0,0
8,MONDAY,CONDOMINIO,0.1100,3.36,62.50,21.6,25.7,2,0,0.787513,0,1
4,SATURDAY,COMERCIAL,0.0600,2.86,64.02,0.0,27.1,0,1,0.280816,0,0
13,SATURDAY,RESIDENCIAL,0.2200,1.43,28.50,12.7,22.3,0,0,0.197380,0,0
20,FRIDAY,COMERCIAL,0.2500,0.91,14.38,2.3,24.4,0,0,0.314701,0,0
5,THURSDAY,RESIDENCIAL,0.2800,2.56,30.64,11.1,33.4,0,0,0.371464,0,0
18,SATURDAY,CONDOMINIO,0.0900,3.22,40.23,0.0,21.8,0,0,0.203821,0,0
20,SUNDAY,RESIDENCIAL,0.2200,9.55,35.36,0.0,24.9,0,0,0.251278,0,0
12,SUNDAY,RURAL,0.2500,2.02,29.27,0.0,24.0,1,0,0.499395,0,0
17,SUNDAY,RESIDENCIAL,0.2800,2.43,25.49,0.0,22.0,0,0,0.150935,0,0
7,THURSDAY,RESIDENCIAL,0.2800,2.90,30.55,0.0,26.5,0,0,0.147380,0,0
13,SATURDAY,COMERCIAL,0.0900,1.89,35.20,0.0,16.5,0,1,0.179175,0,0
13,WEDNESDAY,RESIDENCIAL,0.3100,17.73,160.91,0.0,20.0,0,0,0.349074,0,0
16,MONDAY,RURAL,0.1500,3.49,96.45,0.0,24.7,0,1,0.163427,0,0
8,THURSDAY,RESIDENCIAL,0.2800,1.57,9.94,0.0,25.0,0,0,0.129996,0,1
7,MONDAY,COMERCIAL,0.0800,1.29,14.70,0.0,27.5,0,0,0.087948,0,0
17,FRIDAY,RURAL,0.3100,1.90,51.84,0.0,22.1,0,1,0.220434,0,0
7,SUNDAY,CONDOMINIO,0.0600,1.21,19.82,0.0,30.1,0,1,0.054760,0,0
9,MONDAY,CONDOMINIO,0.2800,4.62,40.06,0.0,24.8,0,1,0.140849,0,0
6,WEDNESDAY,CONDOMINIO,0.0900,1.06,18.71,0.0,27.2,0,1,0.063289,0,0
10,WEDNESDAY,RESIDENCIAL,0.0600,6.75,101.85,6.5,22.1,0,1,0.069180,0,0
20,TUESDAY,COMERCIAL,0.1200,7.40,41.00,0.0,21.5,0,1,0.149186,0,1
14,FRIDAY,CONDOMINIO,0.0500,1.53,47.22,0.0,23.2,1,0,0.287231,0,0
8,SUNDAY,RESIDENCIAL,0.2500,1.25,22.32,0.0,24.9,0,1,0.067140,0,0
17,TUESDAY,COMERCIAL,0.0900,2.06,23.87,0.0,17.2,1,0,0.249924,0,0
13,FRIDAY,RESIDENCIAL,0.0500,4.78,74.15,0.0,19.0,0,0,0.086756,0,0
16,FRIDAY,RURAL,0.1500,2.01,24.27,0.5,17.2,0,0,0.177093,0,0
11,THURSDAY,RESIDENCIAL,0.0600,0.69,21.29,16.7,17.1,1,1,0.166022,0,0
9,SATURDAY,RESIDENCIAL,0.0600,1.21,16.84,0.0,25.2,0,0,0.054249,0,0
12,SUNDAY,RESIDENCIAL,0.0800,2.51,23.41,0.0,16.9,0,1,0.039711,0,0
14,THURSDAY,RESIDENCIAL,0.0900,1.06,14.05,0.0,18.7,0,0,0.073556,0,0
7,WEDNESDAY,RURAL,0.2200,4.55,68.80,0.0,25.6,0,1,0.158551,0,0
9,THURSDAY,RESIDENCIAL,0.1200,2.71,96.21,3.0,26.3,0,0,0.118532,0,0
12,MONDAY,RESIDENCIAL,0.2800,1.87,41.68,7.0,18.1,1,0,0.440402,0,0
17,WEDNESDAY,RESIDENCIAL,0.3100,1.56,19.11,2.0,20.1,0,1,0.113794,0,0
0,TUESDAY,RESIDENCIAL,0.0500,1.81,45.46,0.0,30.2,0,0,0.122506,0,0
17,SATURDAY,RESIDENCIAL,0.1500,4.30,62.17,0.0,21.4,1,1,0.180078,0,0
12,MONDAY,RESIDENCIAL,0.3100,4.52,37.96,0.0,17.3,0,1,0.114137,0,0
10,SATURDAY,COMERCIAL,0.2200,3.00,11.14,1.5,23.0,0,0,0.360559,0,0
17,MONDAY,RESIDENCIAL,0.2800,0.61,19.40,0.0,15.0,1,1,0.216336,0,0
7,MONDAY,RESIDENCIAL,0.0800,20.38,50.86,1.9,29.2,0,0,0.130385,0,0
5,THURSDAY,CONDOMINIO,0.1500,4.05,53.66,0.0,28.4,0,1,0.165742,0,0
6,SUNDAY,RESIDENCIAL,0.1200,5.25,83.86,9.5,22.5,0,1,0.081226,0,0
7,SUNDAY,CONDOMINIO,0.2500,3.87,42.40,0.0,24.0,0,1,0.113684,0,1
9,TUESDAY,CONDOMINIO,0.2200,4.45,88.05,25.0,24.4,1,0,0.712273,0,1
16,SUNDAY,COMERCIAL,0.1900,4.08,66.55,0.0,16.7,1,1,0.540461,0,0
15,FRIDAY,COMERCIAL,0.1500,18.54,189.14,0.0,16.8,0,0,0.290297,0,0
9,SATURDAY,RESIDENCIAL,0.1100,1.92,41.89,0.0,24.8,0,0,0.072531,0,0
18,FRIDAY,RESIDENCIAL,0.0800,11.07,55.92,0.0,19.0,0,0,0.175148,0,0
11,MONDAY,RESIDENCIAL,0.1500,6.67,44.09,0.0,27.8,1,1,0.174958,0,0
7,FRIDAY,RESIDENCIAL,0.0600,1.97,40.96,0.0,30.4,0,1,0.043567,0,0
12,MONDAY,RESIDENCIAL,0.1900,16.94,184.96,0.0,17.2,1,0,0.504335,0,1
1,MONDAY,RESIDENCIAL,0.3100,6.35,82.00,7.9,23.7,1,1,0.526538,0,0
6,SATURDAY,RURAL,0.1900,1.39,29.73,0.0,25.4,0,0,0.171032,0,1
4,SATURDAY,RESIDENCIAL,0.0600,5.31,50.77,0.0,29.3,0,0,0.125849,0,0
9,SUNDAY,COMERCIAL,0.2200,4.22,42.77,0.0,26.1,0,0,0.396177,0,0
13,TUESDAY,COMERCIAL,0.1100,6.32,57.85,0.0,16.1,0,0,0.130267,0,0
8,TUESDAY,RESIDENCIAL,0.1100,3.75,54.82,0.0,28.8,0,1,0.056201,0,0
22,SATURDAY,RESIDENCIAL,0.1900,9.80,125.26,0.0,30.5,1,0,0.528977,0,1
19,MONDAY,RESIDENCIAL,0.0800,2.01,29.50,0.0,21.0,0,0,0.136844,0,0
8,FRIDAY,COMERCIAL,0.2500,5.04,50.78,1.6,24.5,0,1,0.123588,0,0
13,SUNDAY,RURAL,0.2500,0.57,56.23,0.0,20.6,0,1,0.161267,0,0
20,MONDAY,CONDOMINIO,0.0800,4.81,27.37,0.0,23.6,0,1,0.138444,0,0
8,SATURDAY,COMERCIAL,0.1900,6.14,57.01,7.7,25.1,0,0,0.472538,0,0
14,FRIDAY,RESIDENCIAL,0.1200,17.99,192.63,1.4,17.3,0,0,0.224309,0,0
14,WEDNESDAY,COMERCIAL,0.2200,1.58,31.69,25.0,18.8,1,1,0.511813,0,0
14,THURSDAY,CONDOMINIO,0.2200,2.57,54.89,10.9,18.1,2,1,0.682722,0,0
9,THURSDAY,RESIDENCIAL,0.0500,0.84,19.78,0.0,25.7,0,0,0.058092,0,0
21,SATURDAY,CONDOMINIO,0.3100,2.11,44.19,2.1,26.7,0,1,0.299016,0,0
11,SATURDAY,RESIDENCIAL,0.0600,2.42,40.60,0.0,24.5,0,1,0.035671,0,0
19,SUNDAY,RESIDENCIAL,0.1900,3.91,12.60,0.0,20.8,1,1,0.273716,0,0
6,WEDNESDAY,RESIDENCIAL,0.1900,1.90,25.95,1.0,31.4,1,1,0.187597,0,0
12,TUESDAY,RESIDENCIAL,0.0800,1.84,40.13,0.0,22.4,0,1,0.050908,0,0
13,TUESDAY,COMERCIAL,0.1500,2.20,53.97,0.0,15.8,0,1,0.082178,0,0
19,SUNDAY,RESIDENCIAL,0.2800,0.92,15.58,0.0,19.2,1,1,0.329449,0,0
11,SUNDAY,CONDOMINIO,0.1100,2.47,39.93,0.0,22.0,0,1,0.063060,0,0
14,THURSDAY,COMERCIAL,0.0500,3.87,40.66,0.0,13.7,0,1,0.053829,1,0
19,TUESDAY,RESIDENCIAL,0.2500,2.14,10.60,0.0,19.8,0,1,0.140868,0,0
17,SATURDAY,RESIDENCIAL,0.1200,5.39,34.76,0.0,20.1,0,1,0.054981,0,0
8,SATURDAY,RURAL,0.2800,1.59,36.67,0.0,22.1,1,0,0.462180,0,0
11,SATURDAY,RURAL,0.3100,3.41,38.50,3.1,20.7,1,1,0.397175,0,1
9,TUESDAY,RESIDENCIAL,0.1900,8.25,55.19,0.0,21.2,0,0,0.120364,0,0
8,FRIDAY,RESIDENCIAL,0.2200,2.63,42.00,8.6,21.5,0,1,0.098035,0,0
8,TUESDAY,CONDOMINIO,0.0800,1.92,28.32,0.0,24.5,0,0,0.101678,0,0
20,FRIDAY,CONDOMINIO,0.1900,1.05,6.80,0.4,23.5,0,1,0.175296,0,0
7,FRIDAY,COMERCIAL,0.0900,2.88,28.97,0.0,30.9,0,1,0.063917,0,0
12,SATURDAY,COMERCIAL,0.0500,0.83,20.49,0.0,25.3,0,0,0.260901,0,1
0,TUESDAY,RESIDENCIAL,0.3100,5.65,81.31,3.7,25.7,3,1,0.894447,0,1
6,WEDNESDAY,CONDOMINIO,0.1200,2.42,34.85,0.0,29.5,0,0,0.132377,0,0
7,SATURDAY,RESIDENCIAL,0.3100,3.37,34.76,0.0,26.0,0,1,0.093918,0,0
15,TUESDAY,COMERCIAL,0.2800,3.03,32.16,0.0,21.1,0,1,0.135450,0,1
7,TUESDAY,CONDOMINIO,0.1500,3.47,85.46,0.0,28.2,0,1,0.108379,0,0
11,SATURDAY,RESIDENCIAL,0.2500,9.64,89.98,0.0,22.1,0,1,0.099117,0,0
15,WEDNESDAY,COMERCIAL,0.0500,2.53,23.97,0.0,15.3,0,0,0.084334,0,0
16,MONDAY,RESIDENCIAL,0.1100,2.93,61.25,3.7,13.7,0,1,0.062900,0,0
15,FRIDAY,RESIDENCIAL,0.1100,1.42,22.68,0.0,20.4,0,0,0.085038,0,0
6,TUESDAY,RESIDENCIAL,0.0500,1.94,51.21,0.0,26.0,1,1,0.111386,0,0
15,TUESDAY,RURAL,0.2800,2.10,57.52,0.0,24.7,0,1,0.213590,0,0
20,SUNDAY,COMERCIAL,0.1100,6.65,99.28,5.5,24.9,0,0,0.622194,0,0
12,FRIDAY,CONDOMINIO,0.1100,1.25,49.86,0.0,22.4,0,1,0.088563,0,0
6,TUESDAY,COMERCIAL,0.1200,3.24,59.83,1.1,26.2,0,0,0.127174,0,0
9,SUNDAY,COMERCIAL,0.1500,11.32,91.98,0.0,21.3,0,1,0.274267,0,1
16,SUNDAY,CONDOMINIO,0.1900,1.26,25.27,0.0,20.0,1,0,0.352648,0,0
18,MONDAY,RESIDENCIAL,0.2200,2.93,46.31,4.0,19.9,0,1,0.170299,0,0
12,SUNDAY,RESIDENCIAL,0.0800,1.17,36.21,5.2,24.6,1,1,0.157107,0,0
15,WEDNESDAY,RESIDENCIAL,0.1200,4.66,38.20,0.0,17.2,0,1,0.056963,0,0
19,MONDAY,RURAL,0.2500,3.21,39.27,4.5,22.3,1,1,0.595278,0,1
10,THURSDAY,RESIDENCIAL,0.0600,1.83,64.69,0.0,26.9,1,1,0.122659,0,0
6,TUESDAY,RESIDENCIAL,0.1100,13.13,224.59,7.1,30.0,0,0,0.266219,0,0
22,FRIDAY,CONDOMINIO,0.0900,0.58,18.99,0.0,30.2,0,0,0.183092,0,1
13,WEDNESDAY,COMERCIAL,0.1100,5.87,84.43,0.0,14.7,1,1,0.217290,0,1
13,WEDNESDAY,COMERCIAL,0.0800,1.63,43.70,3.5,18.4,0,1,0.073172,0,0
10,THURSDAY,RESIDENCIAL,0.2500,5.35,70.60,0.0,20.4,1,1,0.226909,0,0
21,FRIDAY,RESIDENCIAL,0.0600,1.67,33.24,4.4,21.4,0,1,0.094551,0,1
13,TUESDAY,RESIDENCIAL,0.3100,2.57,58.20,0.0,17.4,0,0,0.187711,0,0
8,TUESDAY,RURAL,0.2500,18.61,250.00,2.1,22.8,1,1,0.660551,0,1
6,FRIDAY,RESIDENCIAL,0.2500,5.41,111.28,0.0,28.9,0,1,0.120085,0,0
12,FRIDAY,RESIDENCIAL,0.1100,2.15,40.13,0.0,17.4,0,1,0.052266,0,0
18,SUNDAY,COMERCIAL,0.0600,1.30,32.38,5.0,18.6,0,0,0.437582,0,1
12,MONDAY,RESIDENCIAL,0.1900,3.67,43.15,0.0,20.9,0,1,0.078881,0,0
14,THURSDAY,CONDOMINIO,0.1500,1.36,20.00,4.0,16.8,2,1,0.495000,0,1
11,SUNDAY,COMERCIAL,0.3100,6.41,43.46,0.0,17.2,0,1,0.324776,0,0
9,MONDAY,RESIDENCIAL,0.0600,2.12,25.72,0.0,20.0,0,1,0.033761,0,0
14,FRIDAY,COMERCIAL,0.2800,4.57,71.33,0.0,18.5,0,1,0.153108,0,0
6,TUESDAY,RESIDENCIAL,0.0900,3.07,15.64,0.0,23.8,0,1,0.040129,0,0
10,WEDNESDAY,CONDOMINIO,0.1100,0.70,8.65,0.0,24.3,1,0,0.255042,0,0
12,FRIDAY,COMERCIAL,0.1200,4.59,34.89,0.0,21.0,0,0,0.130597,0,1
15,MONDAY,COMERCIAL,0.0600,1.07,29.16,0.0,17.1,0,0,0.089105,0,0
18,TUESDAY,RESIDENCIAL,0.1200,3.42,97.73,0.0,16.7,0,1,0.118201,0,0
11,MONDAY,RESIDENCIAL,0.2800,1.25,43.97,9.9,19.6,2,0,0.682358,0,0
20,WEDNESDAY,RESIDENCIAL,0.0800,1.23,31.67,0.0,23.1,0,1,0.086229,0,1
13,THURSDAY,RURAL,0.2800,2.52,57.81,17.7,22.3,0,1,0.367430,0,1
16,THURSDAY,RESIDENCIAL,0.1100,1.63,6.00,0.0,18.7,0,0,0.077898,0,0
16,FRIDAY,COMERCIAL,0.0800,1.86,24.92,4.1,19.2,0,0,0.117604,0,0
18,WEDNESDAY,COMERCIAL,0.1900,2.29,29.08,0.0,20.9,0,1,0.161321,0,1
2,THURSDAY,RESIDENCIAL,0.2200,7.09,29.60,0.7,30.4,0,0,0.234181,0,0
19,MONDAY,COMERCIAL,0.2200,2.03,27.74,0.0,18.8,0,0,0.262640,0,0
12,SATURDAY,RESIDENCIAL,0.0800,13.61,64.77,0.0,16.3,1,1,0.160479,0,0
6,TUESDAY,RURAL,0.2800,6.11,55.85,2.0,29.8,0,1,0.219626,0,0
15,SUNDAY,RESIDENCIAL,0.0900,1.31,9.76,0.0,18.2,0,0,0.065730,0,0
8,WEDNESDAY,RESIDENCIAL,0.0800,2.97,37.03,0.0,28.6,0,0,0.076872,0,0
13,WEDNESDAY,COMERCIAL,0.2200,1.90,39.82,25.0,22.2,1,1,0.538866,0,1
15,MONDAY,CONDOMINIO,0.0600,8.83,80.34,0.0,20.8,1,1,0.240144,0,1
22,MONDAY,RESIDENCIAL,0.0800,9.42,56.23,1.5,20.3,0,1,0.091448,0,0
21,SATURDAY,COMERCIAL,0.1100,1.50,22.04,0.0,27.0,1,1,0.600047,0,1
8,SATURDAY,RESIDENCIAL,0.0800,0.65,5.86,0.0,22.1,0,1,0.030819,0,0
13,SUNDAY,RESIDENCIAL,0.2800,3.40,52.32,0.0,21.1,0,1,0.103056,0,1
16,MONDAY,RESIDENCIAL,0.0800,4.57,72.69,0.0,18.0,0,0,0.094064,0,0
16,SUNDAY,CONDOMINIO,0.1500,2.67,31.33,0.0,16.3,0,1,0.080770,0,0
19,FRIDAY,CONDOMINIO,0.1200,2.88,30.16,14.0,17.6,0,1,0.232302,0,0
19,SATURDAY,RESIDENCIAL,0.2500,2.28,18.67,0.0,23.0,0,0,0.221263,0,0
17,MONDAY,RESIDENCIAL,0.1900,3.19,45.66,0.0,20.2,0,0,0.127460,0,0
16,TUESDAY,RESIDENCIAL,0.2500,3.44,19.49,0.0,16.7,0,1,0.083017,0,0
20,MONDAY,COMERCIAL,0.2800,2.92,38.23,19.2,19.6,0,1,0.401774,0,0
17,MONDAY,COMERCIAL,0.0500,2.51,69.39,2.4,20.3,2,0,0.550901,0,0
20,SATURDAY,RESIDENCIAL,0.1900,3.06,35.13,9.2,24.3,1,0,0.531712,0,1
14,WEDNESDAY,RURAL,0.2500,3.38,47.02,0.0,21.8,0,1,0.183709,0,0
14,MONDAY,RESIDENCIAL,0.0500,0.84,26.42,0.0,18.1,1,1,0.108001,0,0
19,SATURDAY,RESIDENCIAL,0.0900,5.02,70.33,0.0,22.3,0,1,0.100908,0,0
12,WEDNESDAY,RESIDENCIAL,0.0800,4.41,46.74,0.0,18.8,0,0,0.086528,0,0
22,THURSDAY,COMERCIAL,0.3100,3.21,21.06,0.0,29.6,0,1,0.222093,0,0
7,THURSDAY,RESIDENCIAL,0.1500,1.35,15.12,0.0,26.3,0,0,0.084728,0,0
10,WEDNESDAY,RESIDENCIAL,0.1200,1.59,26.33,2.2,26.4,0,0,0.087230,0,0
15,TUESDAY,COMERCIAL,0.0900,0.22,32.09,7.0,18.0,0,0,0.132258,0,0
19,SATURDAY,RESIDENCIAL,0.3100,3.14,54.40,0.0,17.9,0,0,0.277700,0,0
9,SATURDAY,RESIDENCIAL,0.1100,0.50,27.95,0.0,27.6,0,0,0.070195,0,0
6,WEDNESDAY,RESIDENCIAL,0.0500,0.35,11.97,0.0,33.8,0,0,0.064926,1,1
9,TUESDAY,RESIDENCIAL,0.1200,2.04,14.00,1.4,21.6,0,1,0.044447,0,0
18,TUESDAY,RESIDENCIAL,0.1900,2.05,54.22,0.6,19.4,0,0,0.213011,0,1
6,THURSDAY,CONDOMINIO,0.1900,7.08,84.81,0.0,24.2,0,0,0.199446,0,0
3,WEDNESDAY,CONDOMINIO,0.3100,1.24,22.40,0.0,35.1,3,0,0.943353,0,1
20,SUNDAY,RESIDENCIAL,0.2500,2.12,26.78,0.0,17.4,1,1,0.311765,0,1
18,FRIDAY,CONDOMINIO,0.0900,8.78,132.33,0.0,21.1,0,0,0.316657,0,0
14,MONDAY,COMERCIAL,0.3100,5.51,104.36,6.2,17.8,2,1,0.736953,0,1
10,FRIDAY,CONDOMINIO,0.2500,9.00,140.76,8.1,23.5,0,0,0.371109,0,0
7,SATURDAY,CONDOMINIO,0.0900,1.06,50.13,0.0,27.5,0,0,0.107842,0,0
19,THURSDAY,RESIDENCIAL,0.2800,5.77,62.61,0.0,21.4,0,1,0.204678,0,0
14,TUESDAY,RESIDENCIAL,0.1200,0.98,14.65,5.9,14.4,0,1,0.058228,0,1
7,WEDNESDAY,RESIDENCIAL,0.2800,4.25,55.33,21.6,26.0,0,0,0.340643,0,0
13,TUESDAY,RURAL,0.2200,2.96,17.89,0.0,21.4,1,0,0.475909,0,0
13,TUESDAY,RESIDENCIAL,0.0900,6.35,77.10,0.0,21.1,0,1,0.065937,0,0
17,WEDNESDAY,CONDOMINIO,0.0600,7.13,108.35,9.6,18.3,1,1,0.331735,0,0
11,SUNDAY,COMERCIAL,0.1500,1.89,19.45,0.0,24.9,0,1,0.193574,0,0
13,SATURDAY,COMERCIAL,0.2800,5.61,67.66,0.0,26.1,0,1,0.414083,0,0
17,THURSDAY,COMERCIAL,0.2500,0.90,30.73,0.0,16.3,0,1,0.106350,0,0
10,SATURDAY,COMERCIAL,0.2800,1.34,12.97,0.0,20.4,0,1,0.261803,0,0
13,THURSDAY,RESIDENCIAL,0.0800,1.27,24.41,0.0,15.3,0,0,0.069486,0,0
14,FRIDAY,COMERCIAL,0.1100,0.93,14.20,1.8,12.0,0,1,0.059583,0,0
10,SUNDAY,RESIDENCIAL,0.1200,2.49,50.46,0.0,25.5,0,0,0.079738,0,0
14,TUESDAY,RESIDENCIAL,0.1900,2.20,8.30,0.0,17.6,0,0,0.104350,0,0
9,SUNDAY,COMERCIAL,0.1500,1.01,21.90,0.0,25.6,0,1,0.193855,0,0
18,THURSDAY,CONDOMINIO,0.0600,1.40,35.70,0.0,18.4,0,1,0.112625,0,0
6,FRIDAY,RESIDENCIAL,0.1200,5.68,59.67,0.0,27.9,0,1,0.061150,0,1
13,FRIDAY,RURAL,0.1900,14.45,149.11,7.0,18.7,2,1,0.803243,0,1
13,SUNDAY,CONDOMINIO,0.0800,3.22,97.92,2.7,21.4,0,1,0.099006,0,0
14,SATURDAY,RESIDENCIAL,0.1900,1.17,29.45,0.0,17.7,0,0,0.100747,0,0
6,SUNDAY,CONDOMINIO,0.0800,5.51,87.36,0.9,24.7,2,1,0.435779,0,1
10,TUESDAY,RESIDENCIAL,0.1900,1.83,38.13,0.0,19.8,0,1,0.057555,0,1
21,WEDNESDAY,RESIDENCIAL,0.3100,2.50,56.23,8.8,22.4,1,1,0.542750,0,1
23,TUESDAY,CONDOMINIO,0.0800,1.22,77.27,0.0,21.5,0,1,0.118113,0,0
20,MONDAY,RESIDENCIAL,0.1200,6.27,45.59,0.0,20.1,0,0,0.178156,0,0
14,WEDNESDAY,COMERCIAL,0.1200,2.99,49.44,0.0,20.1,0,0,0.130620,0,0
8,SATURDAY,RESIDENCIAL,0.3100,8.21,148.66,2.3,28.1,0,0,0.270002,0,0
12,THURSDAY,RESIDENCIAL,0.3100,4.69,17.77,0.0,20.0,0,0,0.179216,0,0
9,TUESDAY,COMERCIAL,0.2500,1.99,9.29,0.0,23.4,1,1,0.232350,0,0
11,SUNDAY,RESIDENCIAL,0.1200,2.38,34.48,0.0,16.8,0,1,0.037812,0,0
10,TUESDAY,CONDOMINIO,0.1200,8.49,52.09,0.0,15.2,0,0,0.125057,0,0
8,MONDAY,COMERCIAL,0.0800,1.21,26.00,0.0,23.4,2,0,0.455679,0,0
8,SATURDAY,COMERCIAL,0.1500,1.56,13.64,0.0,29.2,0,0,0.305246,0,0
6,SUNDAY,RESIDENCIAL,0.0600,1.07,50.82,0.0,36.0,0,1,0.044789,0,0
11,WEDNESDAY,RESIDENCIAL,0.1200,2.24,31.23,0.0,23.6,0,1,0.046660,0,0
16,THURSDAY,COMERCIAL,0.2500,7.22,96.80,0.0,17.9,2,0,0.745679,0,0
16,THURSDAY,COMERCIAL,0.1200,2.32,19.29,0.0,17.7,1,1,0.177871,0,0
9,WEDNESDAY,RESIDENCIAL,0.0900,4.57,60.96,0.0,26.1,0,0,0.086281,0,0
14,WEDNESDAY,RESIDENCIAL,0.0900,1.12,51.85,0.0,20.4,0,1,0.052322,0,0
12,SUNDAY,COMERCIAL,0.0500,2.15,41.81,0.0,18.7,0,0,0.258264,0,0
15,TUESDAY,RESIDENCIAL,0.2500,2.15,55.87,0.0,21.7,1,0,0.368474,0,0
21,WEDNESDAY,COMERCIAL,0.0500,0.84,25.12,25.0,25.6,2,1,0.761056,0,1
12,MONDAY,COMERCIAL,0.1100,0.50,5.19,0.0,22.0,0,0,0.105577,0,0
10,MONDAY,CONDOMINIO,0.2800,1.95,25.84,0.0,24.5,0,1,0.125880,0,0
20,THURSDAY,RESIDENCIAL,0.1900,2.19,32.85,0.4,18.6,0,0,0.195628,0,0
14,THURSDAY,RURAL,0.3100,2.76,39.09,8.6,12.0,2,0,0.837856,0,1
7,FRIDAY,RESIDENCIAL,0.1200,6.15,37.05,0.0,30.8,0,1,0.059971,0,0
21,TUESDAY,RESIDENCIAL,0.1100,3.30,26.23,0.0,28.5,0,1,0.108846,0,0
16,SUNDAY,RURAL,0.2200,6.25,31.33,0.0,18.0,3,0,0.888109,0,1
7,THURSDAY,CONDOMINIO,0.0500,2.79,22.31,1.2,22.0,1,1,0.148425,0,0
14,THURSDAY,RESIDENCIAL,0.1500,1.44,38.60,0.0,18.1,0,1,0.060222,0,0
10,SATURDAY,RESIDENCIAL,0.2200,8.67,166.90,0.0,23.3,3,0,0.861803,0,1
13,WEDNESDAY,COMERCIAL,0.2500,2.95,11.73,0.0,15.6,0,0,0.165573,0,0
3,TUESDAY,RESIDENCIAL,0.3100,1.99,53.83,0.6,28.4,2,0,0.785847,0,0
11,WEDNESDAY,CONDOMINIO,0.3100,5.24,54.81,0.0,14.7,1,1,0.328327,0,0
13,WEDNESDAY,RESIDENCIAL,0.2500,4.49,63.35,0.0,20.8,0,1,0.107326,0,0
14,THURSDAY,RESIDENCIAL,0.1500,4.02,95.97,0.0,15.6,0,1,0.075605,0,0
10,THURSDAY,RESIDENCIAL,0.0900,4.08,26.25,0.0,19.6,1,0,0.176390,0,0
19,SUNDAY,RESIDENCIAL,0.2200,3.65,51.16,0.0,17.6,0,0,0.210467,0,0
22,TUESDAY,RESIDENCIAL,0.1200,1.22,11.67,0.8,31.7,0,1,0.089251,0,0
8,TUESDAY,RESIDENCIAL,0.0900,2.24,33.01,0.0,21.8,0,1,0.040467,0,0
8,THURSDAY,RESIDENCIAL,0.0800,8.78,151.95,0.0,24.5,0,0,0.123175,0,0
15,WEDNESDAY,CONDOMINIO,0.0500,2.32,46.37,0.0,17.9,0,1,0.066080,0,0
7,WEDNESDAY,RESIDENCIAL,0.0900,0.58,10.37,0.0,26.1,0,1,0.038716,0,0
8,TUESDAY,COMERCIAL,0.2500,2.48,43.34,0.0,24.5,3,0,0.848818,0,1
8,THURSDAY,RESIDENCIAL,0.2200,2.19,46.74,0.0,26.9,0,1,0.076542,1,1
19,MONDAY,RESIDENCIAL,0.0500,3.11,46.49,3.6,19.6,1,0,0.346991,0,0
8,SUNDAY,RESIDENCIAL,0.2800,1.41,13.94,0.0,30.6,0,1,0.081138,0,0
10,SUNDAY,CONDOMINIO,0.0600,3.36,80.54,0.0,25.6,0,1,0.066494,0,0
8,FRIDAY,RESIDENCIAL,0.1500,0.32,11.22,0.0,27.8,0,1,0.050158,0,0
13,MONDAY,RESIDENCIAL,0.0800,1.29,27.85,0.0,22.4,1,0,0.207782,0,0
20,TUESDAY,CONDOMINIO,0.3100,1.45,48.37,0.0,24.7,0,1,0.291880,0,1
20,SATURDAY,RESIDENCIAL,0.2800,2.01,19.56,0.0,20.5,0,1,0.149121,0,1
7,MONDAY,RESIDENCIAL,0.3100,4.22,13.84,3.0,26.0,0,1,0.109668,0,0
13,WEDNESDAY,RESIDENCIAL,0.1900,7.50,47.75,0.0,16.0,0,1,0.080062,0,0
17,TUESDAY,RURAL,0.2500,2.64,54.70,18.1,16.2,0,1,0.315032,0,0
11,WEDNESDAY,RESIDENCIAL,0.3100,4.92,65.13,0.0,23.6,0,1,0.113600,0,0
17,WEDNESDAY,RESIDENCIAL,0.1500,7.69,108.76,8.9,21.4,1,1,0.322084,0,0
11,SATURDAY,RESIDENCIAL,0.0900,3.29,46.00,0.0,26.5,0,0,0.072847,0,0
8,TUESDAY,CONDOMINIO,0.3100,2.28,33.73,0.0,26.1,0,0,0.232173,0,1
12,TUESDAY,RESIDENCIAL,0.1200,5.86,104.44,0.2,15.8,0,1,0.073731,0,0
15,SUNDAY,RESIDENCIAL,0.0800,2.63,11.69,0.0,17.5,0,0,0.064919,0,0
18,THURSDAY,RURAL,0.2800,0.85,24.00,3.1,21.9,3,0,0.955415,0,1
17,FRIDAY,CONDOMINIO,0.1100,2.26,23.40,0.0,16.1,0,0,0.120479,0,0
12,TUESDAY,RESIDENCIAL,0.0600,10.30,122.49,0.0,18.6,0,0,0.120200,0,0
17,WEDNESDAY,RESIDENCIAL,0.0900,5.76,46.55,0.0,20.9,0,0,0.096059,0,0
11,SATURDAY,RESIDENCIAL,0.3100,3.72,32.41,0.0,21.6,0,1,0.086641,0,0
7,WEDNESDAY,CONDOMINIO,0.1500,6.29,66.15,0.0,27.2,1,1,0.262280,0,1
17,MONDAY,RESIDENCIAL,0.1100,6.69,89.75,1.8,21.4,0,0,0.132993,0,0
1,FRIDAY,RESIDENCIAL,0.0600,2.52,36.86,0.0,29.7,1,1,0.196935,0,0
6,SUNDAY,RESIDENCIAL,0.0600,2.16,53.90,2.0,30.7,0,1,0.045808,0,0
8,SATURDAY,RESIDENCIAL,0.3100,7.50,58.10,0.0,23.9,1,0,0.386488,0,0
8,WEDNESDAY,COMERCIAL,0.0600,0.99,14.02,0.0,25.8,0,1,0.046834,0,0
6,TUESDAY,COMERCIAL,0.1200,1.50,56.04,9.5,23.2,0,0,0.158846,0,0
16,FRIDAY,RESIDENCIAL,0.1100,8.21,136.42,0.0,17.2,0,1,0.085875,0,0
15,FRIDAY,RESIDENCIAL,0.0600,5.31,77.73,0.0,19.0,0,0,0.092261,0,0
17,FRIDAY,RESIDENCIAL,0.0900,1.18,57.88,0.0,20.8,1,0,0.229174,0,0
14,WEDNESDAY,RESIDENCIAL,0.2800,4.95,90.11,0.0,16.3,1,1,0.295294,0,0
9,SATURDAY,RESIDENCIAL,0.1100,0.87,41.74,2.7,24.9,0,1,0.047345,0,0
15,FRIDAY,CONDOMINIO,0.1900,0.89,13.43,0.0,15.4,0,1,0.090625,0,0
10,SATURDAY,CONDOMINIO,0.1200,1.54,25.83,1.6,20.5,2,1,0.378439,0,1
7,SUNDAY,RESIDENCIAL,0.0800,5.08,45.31,0.0,28.1,0,0,0.075177,0,0
19,WEDNESDAY,COMERCIAL,0.2200,4.10,49.50,0.9,25.0,0,1,0.217720,0,0
18,THURSDAY,RESIDENCIAL,0.0800,9.84,147.43,0.0,24.8,0,1,0.161342,0,0
16,THURSDAY,CONDOMINIO,0.1200,23.87,159.66,3.6,16.7,0,0,0.334342,0,1
17,SUNDAY,RESIDENCIAL,0.0500,5.42,38.31,3.6,23.1,0,0,0.088084,0,0
10,SATURDAY,RESIDENCIAL,0.0900,1.10,17.39,0.0,21.8,0,0,0.056950,1,1
11,MONDAY,RESIDENCIAL,0.1500,3.62,40.85,0.0,22.9,1,1,0.149554,0,0
22,MONDAY,RURAL,0.1500,15.16,98.11,0.0,29.9,1,0,0.683400,0,1
16,TUESDAY,RESIDENCIAL,0.0600,6.82,112.04,5.6,12.8,0,1,0.073554,0,0
10,MONDAY,RESIDENCIAL,0.0500,1.17,29.76,6.4,23.2,0,1,0.045230,0,0
10,TUESDAY,RESIDENCIAL,0.1900,1.37,17.40,0.0,20.8,0,1,0.053649,0,0
13,FRIDAY,COMERCIAL,0.1900,0.67,34.48,6.3,23.8,1,1,0.304528,0,0
8,SATURDAY,RURAL,0.2800,10.94,149.74,0.0,26.3,1,0,0.649868,0,0
15,FRIDAY,RESIDENCIAL,0.2200,2.89,49.38,0.0,13.8,1,0,0.304866,0,0
14,MONDAY,RESIDENCIAL,0.1900,3.82,44.33,0.0,21.1,0,0,0.130655,0,0
21,WEDNESDAY,COMERCIAL,0.2200,2.84,9.97,0.0,26.0,1,0,0.540133,0,0
14,MONDAY,RESIDENCIAL,0.2800,4.37,39.54,20.1,21.0,0,1,0.233601,0,0
12,FRIDAY,RESIDENCIAL,0.3100,13.36,121.51,0.0,23.7,0,1,0.203273,0,0
5,WEDNESDAY,COMERCIAL,0.2500,2.63,39.54,0.0,28.1,0,1,0.187843,0,0
10,FRIDAY,RESIDENCIAL,0.1200,3.86,60.47,0.0,22.5,0,0,0.088538,0,0
6,WEDNESDAY,RESIDENCIAL,0.1900,5.15,22.54,0.0,30.8,0,0,0.118670,0,0
16,MONDAY,RESIDENCIAL,0.0600,2.43,44.81,0.0,19.6,0,1,0.046176,0,0
20,WEDNESDAY,RESIDENCIAL,0.2800,2.30,42.81,16.4,27.1,0,0,0.469722,0,1
21,WEDNESDAY,CONDOMINIO,0.0600,3.61,47.73,0.0,26.4,0,1,0.141750,0,0
23,SATURDAY,COMERCIAL,0.0800,9.61,78.93,0.0,28.4,0,1,0.352965,0,1
17,SUNDAY,CONDOMINIO,0.2200,1.75,25.22,0.0,16.6,1,1,0.250984,0,0
18,TUESDAY,COMERCIAL,0.1900,3.73,23.78,4.2,15.8,0,1,0.175574,0,1
16,SATURDAY,RESIDENCIAL,0.2800,1.79,27.85,0.0,20.0,0,1,0.089167,0,0
17,TUESDAY,COMERCIAL,0.2800,3.46,28.88,0.0,14.4,0,1,0.120259,0,0
10,SUNDAY,RESIDENCIAL,0.2800,4.76,59.13,5.2,18.3,0,1,0.102066,0,0
14,WEDNESDAY,COMERCIAL,0.0900,1.73,56.98,15.5,17.9,0,1,0.128607,0,1
8,THURSDAY,RURAL,0.1900,1.32,22.37,11.9,27.9,2,1,0.673922,0,1
6,SATURDAY,CONDOMINIO,0.1900,0.45,60.18,7.0,26.8,0,1,0.125975,0,0
16,TUESDAY,RESIDENCIAL,0.0600,2.03,18.49,4.9,15.6,0,1,0.047300,0,0
9,MONDAY,RESIDENCIAL,0.2200,0.80,35.41,5.2,22.0,1,0,0.313381,0,1
12,SUNDAY,RESIDENCIAL,0.3100,2.68,45.53,5.6,20.8,2,1,0.588343,0,0
19,FRIDAY,RESIDENCIAL,0.0800,2.13,51.76,0.6,12.6,0,0,0.131164,0,0
6,SUNDAY,RESIDENCIAL,0.2800,2.02,27.46,0.0,28.6,0,1,0.083351,0,0
7,TUESDAY,RURAL,0.2800,6.39,113.19,0.0,32.1,0,1,0.254360,0,0
8,WEDNESDAY,CONDOMINIO,0.0800,0.73,17.62,0.0,28.0,0,0,0.101445,0,0
17,MONDAY,RURAL,0.1900,0.98,62.71,0.0,16.8,1,1,0.325489,0,0
9,WEDNESDAY,CONDOMINIO,0.2500,1.06,10.31,0.0,20.8,1,1,0.246706,0,0
15,FRIDAY,CONDOMINIO,0.0900,3.45,8.75,0.8,16.9,0,0,0.114584,0,0
8,SATURDAY,COMERCIAL,0.2800,1.46,13.75,7.5,27.6,0,1,0.366096,0,0
0,WEDNESDAY,RURAL,0.1500,3.29,38.07,10.9,24.1,0,1,0.260577,0,0
9,MONDAY,COMERCIAL,0.2500,0.68,7.37,0.0,25.3,3,1,0.731546,0,1
6,TUESDAY,RURAL,0.3100,3.65,38.90,0.0,27.4,0,0,0.296264,0,0
16,SATURDAY,RESIDENCIAL,0.0900,4.76,87.47,0.0,16.1,0,0,0.091196,0,0
13,FRIDAY,RESIDENCIAL,0.1500,11.87,119.86,0.0,16.8,0,1,0.100851,0,1
20,SATURDAY,CONDOMINIO,0.2500,7.98,133.26,1.1,23.1,0,0,0.461089,0,0
8,TUESDAY,RESIDENCIAL,0.2500,1.50,19.64,12.4,31.3,1,1,0.320834,0,1
13,SATURDAY,RESIDENCIAL,0.1100,2.70,28.13,0.0,18.4,0,1,0.046888,0,0
12,TUESDAY,RESIDENCIAL,0.2200,3.52,10.77,0.0,19.9,0,1,0.076497,0,0
10,THURSDAY,RESIDENCIAL,0.2500,3.92,58.11,0.0,22.6,2,0,0.594461,0,0
11,FRIDAY,RURAL,0.1900,1.78,21.41,1.5,20.0,1,0,0.391179,0,1
9,THURSDAY,RESIDENCIAL,0.2800,2.99,38.21,6.7,22.4,0,1,0.113759,0,0
15,WEDNESDAY,RESIDENCIAL,0.1500,1.96,22.52,0.0,19.8,1,1,0.159103,0,0
21,THURSDAY,RESIDENCIAL,0.1100,1.22,17.58,1.2,20.3,0,1,0.091191,0,0
23,TUESDAY,RESIDENCIAL,0.1100,2.38,42.53,0.0,24.0,0,1,0.083144,0,0
7,THURSDAY,CONDOMINIO,0.2800,4.02,49.22,0.0,27.3,0,1,0.149743,0,1
6,THURSDAY,COMERCIAL,0.2500,1.32,26.86,1.0,28.4,0,1,0.109432,0,0
17,MONDAY,RESIDENCIAL,0.0600,8.37,35.29,2.3,21.2,0,1,0.058300,0,0
5,FRIDAY,CONDOMINIO,0.0500,9.89,56.82,0.0,28.1,1,1,0.317893,0,0
7,FRIDAY,RESIDENCIAL,0.2500,0.95,32.55,16.6,29.0,0,0,0.246188,0,0
19,MONDAY,RESIDENCIAL,0.3100,1.45,35.13,0.0,22.4,1,1,0.416969,0,0
11,FRIDAY,RESIDENCIAL,0.0900,6.36,32.92,0.0,24.7,2,0,0.436515,1,1
6,WEDNESDAY,RURAL,0.3100,2.52,59.33,0.7,32.3,0,1,0.225800,0,1
6,TUESDAY,RESIDENCIAL,0.3100,1.34,24.19,0.0,24.8,0,0,0.150110,0,0
16,THURSDAY,CONDOMINIO,0.1500,9.89,135.48,0.0,20.8,0,1,0.161809,0,0
9,TUESDAY,RESIDENCIAL,0.1200,2.05,23.43,1.5,26.2,0,1,0.050521,0,0
3,THURSDAY,RESIDENCIAL,0.2200,3.71,70.86,0.0,28.7,0,0,0.236889,0,0
19,FRIDAY,COMERCIAL,0.1500,8.46,67.10,3.5,20.7,0,1,0.206099,0,0
18,MONDAY,RESIDENCIAL,0.0600,4.67,63.57,0.1,20.0,0,1,0.092417,0,0
10,MONDAY,COMERCIAL,0.0900,2.59,54.22,3.0,25.1,0,1,0.071004,1,1
17,MONDAY,CONDOMINIO,0.1200,4.25,77.21,4.9,19.2,1,1,0.299347,0,0
7,FRIDAY,CONDOMINIO,0.0800,5.92,55.83,3.3,31.2,0,0,0.156279,0,0
1,WEDNESDAY,RESIDENCIAL,0.2500,8.20,114.97,0.0,29.5,0,1,0.214987,0,0
9,FRIDAY,RESIDENCIAL,0.1100,0.29,35.17,0.0,22.7,0,1,0.042776,0,0
16,WEDNESDAY,RESIDENCIAL,0.0800,5.27,83.74,9.4,19.4,0,1,0.090933,0,0
6,SUNDAY,RESIDENCIAL,0.2200,3.37,44.38,0.0,27.1,1,1,0.187516,0,0
12,SATURDAY,RESIDENCIAL,0.0800,7.99,80.14,15.6,18.3,0,1,0.109907,0,0
10,FRIDAY,COMERCIAL,0.3100,4.24,21.28,1.3,24.7,0,1,0.133961,0,1
19,MONDAY,RESIDENCIAL,0.1500,2.51,40.73,0.6,18.4,0,1,0.111122,0,0
16,THURSDAY,COMERCIAL,0.0500,2.35,19.41,0.0,16.4,0,1,0.050421,0,0
8,SATURDAY,RESIDENCIAL,0.2800,5.73,88.55,3.6,25.0,1,1,0.295140,0,0
18,SUNDAY,CONDOMINIO,0.1900,1.97,30.75,3.6,19.1,0,1,0.186373,0,0
19,FRIDAY,RESIDENCIAL,0.3100,1.30,25.65,5.1,23.8,1,0,0.606017,0,0
20,MONDAY,RESIDENCIAL,0.2500,3.87,57.48,0.0,20.8,1,1,0.387619,0,1
19,WEDNESDAY,RESIDENCIAL,0.2800,4.24,40.58,3.9,25.4,2,0,0.820806,0,0
7,THURSDAY,RESIDENCIAL,0.0800,0.87,21.09,12.4,26.9,0,0,0.111264,0,0
19,MONDAY,CONDOMINIO,0.3100,1.67,32.49,8.8,23.1,0,0,0.492428,0,1
13,MONDAY,RESIDENCIAL,0.0900,1.34,18.00,0.0,17.4,0,1,0.043668,0,0
10,SATURDAY,RESIDENCIAL,0.0500,1.70,29.60,1.3,24.1,0,1,0.033941,0,1
11,WEDNESDAY,RESIDENCIAL,0.1900,3.23,67.01,0.0,21.5,0,0,0.112925,0,1
11,SATURDAY,RESIDENCIAL,0.1100,4.92,92.52,0.0,23.9,1,1,0.149450,0,0
15,FRIDAY,COMERCIAL,0.2200,13.47,134.62,0.0,18.9,0,1,0.187434,0,0
16,WEDNESDAY,RESIDENCIAL,0.0600,6.71,57.72,2.7,19.4,1,1,0.160856,0,0
19,MONDAY,RESIDENCIAL,0.1500,1.86,24.94,0.0,20.3,1,1,0.259659,0,1
17,SUNDAY,COMERCIAL,0.0900,1.12,41.56,0.0,24.4,0,0,0.308368,0,0
9,TUESDAY,RESIDENCIAL,0.2500,2.14,8.29,1.5,22.3,0,1,0.072437,0,0
8,THURSDAY,CONDOMINIO,0.2800,5.98,87.88,0.0,23.4,1,1,0.374964,0,1
10,TUESDAY,CONDOMINIO,0.1500,4.21,75.43,0.0,22.4,0,1,0.095779,0,0
8,THURSDAY,RESIDENCIAL,0.1900,2.54,22.00,0.0,26.3,2,1,0.374608,0,0
6,SATURDAY,RESIDENCIAL,0.0500,0.52,30.30,0.0,24.3,0,1,0.031377,0,0
14,FRIDAY,COMERCIAL,0.1100,1.55,49.49,1.1,17.0,0,1,0.073523,0,0
11,MONDAY,CONDOMINIO,0.0800,1.79,17.33,0.0,23.4,0,1,0.057436,0,0
8,TUESDAY,RESIDENCIAL,0.3100,2.00,27.29,0.0,23.0,0,1,0.091884,0,0
6,MONDAY,RESIDENCIAL,0.0800,1.22,28.88,0.0,24.8,1,0,0.176829,0,0
16,THURSDAY,COMERCIAL,0.2800,2.28,9.35,9.8,20.1,0,1,0.176158,0,0
12,SATURDAY,RESIDENCIAL,0.3100,8.30,114.26,0.0,19.1,1,1,0.351270,0,1
15,SATURDAY,RESIDENCIAL,0.3100,4.30,76.29,0.0,21.5,2,1,0.570198,0,1
15,MONDAY,COMERCIAL,0.0600,0.54,30.61,0.0,19.7,1,1,0.150580,0,0
14,SATURDAY,RESIDENCIAL,0.0800,2.09,65.65,0.0,19.6,0,0,0.081424,0,0
6,SATURDAY,RESIDENCIAL,0.1100,0.60,14.90,0.0,34.1,0,0,0.075620,0,0
8,FRIDAY,CONDOMINIO,0.0600,1.15,17.73,0.0,22.8,0,1,0.051940,0,0
9,WEDNESDAY,RURAL,0.2200,4.05,49.49,4.4,20.6,0,1,0.159656,0,0
9,MONDAY,CONDOMINIO,0.1900,1.09,36.01,0.0,19.2,0,0,0.137678,0,0
6,TUESDAY,COMERCIAL,0.2200,9.26,109.95,3.1,27.9,0,1,0.167814,0,0
13,THURSDAY,RESIDENCIAL,0.1900,1.41,18.15,0.0,19.5,0,1,0.066474,0,0
17,MONDAY,RESIDENCIAL,0.1100,1.80,13.34,0.0,16.4,0,0,0.077013,0,1
13,THURSDAY,COMERCIAL,0.1200,2.07,10.76,0.0,23.7,0,0,0.119076,0,0
9,WEDNESDAY,CONDOMINIO,0.1500,1.16,9.87,0.0,20.2,0,0,0.111301,0,1
18,THURSDAY,CONDOMINIO,0.1500,5.62,71.92,0.0,15.4,0,1,0.180373,0,0
12,SATURDAY,RESIDENCIAL,0.0900,1.31,35.12,0.6,20.9,1,1,0.127664,0,0
6,SUNDAY,RESIDENCIAL,0.2800,3.18,33.64,0.0,29.3,1,0,0.336275,0,0
16,FRIDAY,RESIDENCIAL,0.0800,2.50,41.55,0.4,20.7,1,0,0.219377,0,1
15,SUNDAY,RESIDENCIAL,0.0600,1.15,14.64,0.0,19.6,0,1,0.036240,0,0
15,FRIDAY,CONDOMINIO,0.1900,1.48,11.33,0.0,17.6,0,1,0.094861,0,0
20,MONDAY,CONDOMINIO,0.1200,2.58,57.38,5.6,18.5,0,1,0.189390,0,1
21,WEDNESDAY,COMERCIAL,0.2200,2.91,44.99,0.0,19.6,1,1,0.407263,0,0
10,SUNDAY,CONDOMINIO,0.1100,8.42,113.81,0.0,25.0,0,1,0.100267,0,0
13,THURSDAY,RESIDENCIAL,0.2800,1.97,38.88,0.0,21.3,0,1,0.104403,0,1
14,TUESDAY,RURAL,0.3100,9.11,104.95,0.0,18.3,0,1,0.279599,0,0
9,WEDNESDAY,RESIDENCIAL,0.0500,4.56,78.62,0.5,23.6,0,1,0.046220,0,0
16,SUNDAY,RESIDENCIAL,0.0600,4.64,43.82,0.0,20.6,0,0,0.075388,0,0
15,FRIDAY,RESIDENCIAL,0.1100,5.79,40.29,0.0,19.9,0,0,0.099205,0,0
20,TUESDAY,CONDOMINIO,0.1200,2.22,20.60,0.0,21.6,0,1,0.141839,0,0
7,SATURDAY,RESIDENCIAL,0.2200,1.30,49.22,0.0,28.2,0,0,0.116436,0,0
13,TUESDAY,RESIDENCIAL,0.0600,1.94,27.64,0.0,16.4,0,1,0.040197,0,0
17,WEDNESDAY,COMERCIAL,0.2800,5.69,80.99,0.0,17.4,0,0,0.246793,0,0
12,FRIDAY,RESIDENCIAL,0.2800,2.02,57.52,0.0,23.6,1,1,0.283448,0,1
10,MONDAY,RESIDENCIAL,0.3100,7.38,34.77,0.0,22.5,0,1,0.105607,0,1
12,SUNDAY,CONDOMINIO,0.0600,0.49,3.24,0.2,21.3,0,1,0.054692,0,0
19,SATURDAY,RESIDENCIAL,0.1100,4.18,42.40,10.1,19.1,0,1,0.135943,0,0
9,FRIDAY,RESIDENCIAL,0.0600,4.64,28.11,0.0,28.8,0,0,0.072054,0,0
10,SUNDAY,RESIDENCIAL,0.0800,1.91,25.34,0.0,27.0,0,0,0.063513,0,0
16,FRIDAY,RESIDENCIAL,0.0900,6.06,45.13,0.0,17.1,0,1,0.053861,0,1
8,TUESDAY,RESIDENCIAL,0.0900,2.26,79.15,0.0,22.8,1,0,0.212336,0,0
15,SUNDAY,RESIDENCIAL,0.0900,0.39,10.55,7.6,15.1,1,1,0.136573,1,1
12,SATURDAY,CONDOMINIO,0.0900,0.99,36.44,0.0,19.6,0,1,0.067390,0,0
20,FRIDAY,RURAL,0.2200,3.05,54.10,16.0,22.3,0,0,0.571666,0,0
10,SUNDAY,RESIDENCIAL,0.1900,1.32,33.13,0.0,22.5,0,0,0.089116,0,0
12,TUESDAY,RESIDENCIAL,0.1900,5.83,63.32,0.0,20.0,1,1,0.224267,0,0
9,TUESDAY,RESIDENCIAL,0.0900,1.87,30.52,0.0,22.6,0,1,0.040343,0,0
19,WEDNESDAY,RESIDENCIAL,0.2500,5.82,88.05,0.0,20.8,0,0,0.302315,0,0
6,SATURDAY,RESIDENCIAL,0.1100,0.43,29.74,0.0,32.0,0,1,0.045639,0,0
16,SUNDAY,RESIDENCIAL,0.0800,3.41,22.67,0.1,19.2,0,1,0.042470,0,0
10,SUNDAY,RESIDENCIAL,0.1900,5.72,23.59,11.3,24.2,0,0,0.153146,0,0
12,THURSDAY,RURAL,0.1900,1.90,64.10,3.4,14.6,1,1,0.356383,0,1
8,SUNDAY,RESIDENCIAL,0.0600,1.29,24.77,0.0,27.9,0,1,0.034869,0,0
7,WEDNESDAY,RESIDENCIAL,0.0600,2.43,28.52,0.9,21.1,0,1,0.036521,0,0
15,SUNDAY,COMERCIAL,0.1100,3.68,38.59,0.0,12.1,0,0,0.284624,0,0
15,SUNDAY,RESIDENCIAL,0.1100,8.04,45.93,0.0,20.6,0,0,0.098564,0,0
20,SATURDAY,RESIDENCIAL,0.1100,1.55,32.43,0.0,18.3,0,1,0.081247,0,0
12,TUESDAY,RESIDENCIAL,0.1200,1.41,10.64,0.0,23.8,0,0,0.089791,0,0
14,MONDAY,COMERCIAL,0.2200,2.81,13.50,0.0,12.9,0,0,0.143349,0,0
12,FRIDAY,COMERCIAL,0.1200,1.77,18.45,0.0,19.5,0,1,0.068373,0,0
7,MONDAY,RESIDENCIAL,0.1100,1.47,6.98,0.0,22.6,0,1,0.039417,0,0
18,WEDNESDAY,CONDOMINIO,0.1200,4.83,83.01,0.0,20.6,0,0,0.277838,0,0
21,SUNDAY,RESIDENCIAL,0.1200,5.18,78.54,0.3,21.7,0,0,0.185603,0,0
12,TUESDAY,RESIDENCIAL,0.1200,0.94,16.42,2.6,21.5,0,0,0.096754,0,0
8,WEDNESDAY,COMERCIAL,0.0500,4.72,72.47,0.0,22.1,0,0,0.095339,0,0
9,TUESDAY,CONDOMINIO,0.3100,4.87,56.38,3.7,23.5,0,0,0.283690,0,1
10,SUNDAY,RESIDENCIAL,0.2200,4.08,48.84,0.5,25.7,2,1,0.416747,0,1
8,FRIDAY,COMERCIAL,0.1500,7.73,124.49,0.0,27.8,0,1,0.118910,0,0
19,TUESDAY,COMERCIAL,0.0900,4.23,26.15,5.6,20.0,1,1,0.336786,0,0
13,SATURDAY,RURAL,0.2800,3.61,33.22,0.0,25.0,0,1,0.188947,0,1
16,WEDNESDAY,CONDOMINIO,0.1100,4.38,53.45,0.0,18.8,1,1,0.229577,0,0
6,TUESDAY,RESIDENCIAL,0.0600,2.93,48.23,8.8,30.6,0,1,0.066868,0,0
19,MONDAY,CONDOMINIO,0.1200,7.08,51.11,0.0,23.8,1,1,0.398298,0,1
10,FRIDAY,COMERCIAL,0.3100,4.49,102.06,1.9,23.6,0,1,0.177700,0,0
18,SATURDAY,RESIDENCIAL,0.0900,7.00,101.61,12.1,20.3,1,1,0.399377,0,0
14,FRIDAY,RESIDENCIAL,0.1900,3.05,23.88,3.9,12.6,0,0,0.120180,0,1
16,SATURDAY,RESIDENCIAL,0.0900,0.50,31.96,0.7,21.7,0,0,0.076976,0,0
9,FRIDAY,COMERCIAL,0.1900,3.48,71.75,0.0,17.4,1,1,0.219600,0,1
8,FRIDAY,COMERCIAL,0.2500,3.26,43.84,0.1,29.1,0,1,0.118508,0,0
13,THURSDAY,COMERCIAL,0.2800,1.00,9.88,0.0,16.7,2,1,0.529595,0,0
17,TUESDAY,RESIDENCIAL,0.1100,2.07,42.72,6.1,16.1,0,1,0.066554,0,0
7,SATURDAY,RESIDENCIAL,0.1900,2.22,34.93,3.6,25.6,0,0,0.111969,1,1
12,SUNDAY,RESIDENCIAL,0.1100,4.85,49.26,0.0,23.9,0,1,0.059317,0,0
20,SUNDAY,RESIDENCIAL,0.0900,10.69,111.77,0.0,19.4,0,1,0.125904,0,1
17,WEDNESDAY,RESIDENCIAL,0.0900,8.44,77.63,0.0,15.2,0,0,0.102986,0,1
15,MONDAY,RESIDENCIAL,0.2200,2.76,37.57,1.0,20.3,0,0,0.141885,0,1
8,TUESDAY,RESIDENCIAL,0.2500,1.08,41.45,0.0,30.5,0,1,0.087289,0,0
16,SATURDAY,COMERCIAL,0.0600,6.29,43.86,0.0,16.0,0,1,0.181338,0,0
13,SUNDAY,CONDOMINIO,0.0600,2.80,23.97,16.1,14.6,0,1,0.106441,0,1
13,FRIDAY,CONDOMINIO,0.3100,5.87,46.87,0.0,20.2,0,1,0.186674,0,1
6,SUNDAY,RESIDENCIAL,0.1500,2.66,32.62,0.0,21.0,2,0,0.429714,0,0
14,THURSDAY,CONDOMINIO,0.0800,1.96,77.98,4.0,15.4,0,0,0.150449,0,0
11,SATURDAY,COMERCIAL,0.1100,10.06,47.84,3.2,22.2,0,1,0.235207,0,0
14,SATURDAY,CONDOMINIO,0.2200,4.14,33.07,0.0,16.8,0,0,0.175344,0,0
15,TUESDAY,RESIDENCIAL,0.0500,4.79,17.71,0.0,19.7,0,0,0.071398,0,1
6,SATURDAY,RURAL,0.3100,2.08,46.19,0.0,32.6,0,1,0.194467,0,0
9,TUESDAY,RESIDENCIAL,0.3100,4.11,81.10,0.0,30.6,1,0,0.445011,1,1
8,FRIDAY,CONDOMINIO,0.3100,3.69,51.23,0.0,23.5,0,0,0.241801,0,1
10,MONDAY,COMERCIAL,0.2500,0.64,12.26,1.1,20.3,0,0,0.144370,0,0
10,THURSDAY,RESIDENCIAL,0.1900,0.85,21.01,6.4,23.0,0,0,0.120605,0,0
16,THURSDAY,COMERCIAL,0.0900,6.91,92.73,0.0,17.9,0,1,0.087998,0,0
13,FRIDAY,COMERCIAL,0.0500,4.00,24.44,0.0,20.1,0,1,0.057311,1,1
7,WEDNESDAY,RESIDENCIAL,0.1900,2.57,31.02,0.1,25.4,1,1,0.169501,0,0
7,TUESDAY,CONDOMINIO,0.2500,0.97,14.72,0.0,26.2,0,1,0.109792,0,0
16,WEDNESDAY,CONDOMINIO,0.3100,4.24,57.40,0.0,19.7,0,0,0.282844,0,0
11,MONDAY,RESIDENCIAL,0.2800,2.49,20.92,3.8,16.4,1,0,0.324083,0,1
18,SUNDAY,RESIDENCIAL,0.1500,1.52,23.54,0.0,23.3,0,0,0.160860,0,0
10,WEDNESDAY,RESIDENCIAL,0.1900,2.11,32.72,8.6,26.1,0,1,0.091341,0,0
17,MONDAY,RESIDENCIAL,0.1500,3.29,13.40,7.1,19.5,0,1,0.079099,1,1
13,TUESDAY,RESIDENCIAL,0.0800,14.56,202.49,0.0,19.2,0,0,0.186633,0,0
18,THURSDAY,RESIDENCIAL,0.0900,0.61,11.93,2.3,22.1,0,0,0.144114,1,1
15,MONDAY,CONDOMINIO,0.0600,2.12,21.44,0.3,19.2,0,1,0.064541,0,0
13,SUNDAY,CONDOMINIO,0.1500,3.59,41.50,12.2,21.2,0,0,0.236629,0,0
13,SATURDAY,RESIDENCIAL,0.1500,5.73,86.79,0.0,17.5,0,1,0.071785,0,0
13,MONDAY,COMERCIAL,0.1200,6.78,79.63,1.7,18.4,0,1,0.100880,0,1
11,TUESDAY,CONDOMINIO,0.2500,1.23,9.93,0.0,22.2,0,0,0.163074,0,0
14,MONDAY,RESIDENCIAL,0.2500,3.91,50.38,0.0,20.2,0,1,0.100045,0,0
18,SUNDAY,RESIDENCIAL,0.0600,1.57,22.10,14.7,20.7,0,1,0.123808,0,0
8,TUESDAY,COMERCIAL,0.1200,3.04,41.80,0.0,25.5,1,0,0.275519,0,0
9,SATURDAY,RESIDENCIAL,0.1200,2.15,23.39,7.0,23.8,0,0,0.092651,0,0
9,SATURDAY,RESIDENCIAL,0.1900,10.39,148.06,0.0,21.5,0,1,0.099033,0,0
17,MONDAY,COMERCIAL,0.2500,16.68,111.94,6.6,19.1,0,0,0.376075,0,0
9,FRIDAY,COMERCIAL,0.1900,3.77,38.18,4.6,26.8,0,0,0.175082,0,0
7,MONDAY,RESIDENCIAL,0.0900,1.75,20.14,0.0,29.1,2,0,0.417343,0,1
14,WEDNESDAY,CONDOMINIO,0.1500,5.48,90.75,13.5,14.4,1,1,0.412292,0,0
12,SATURDAY,COMERCIAL,0.0500,11.69,174.55,0.0,18.3,0,0,0.427135,0,1
18,THURSDAY,RESIDENCIAL,0.3100,3.07,19.57,0.0,18.0,1,1,0.390557,0,0
8,TUESDAY,CONDOMINIO,0.0500,4.51,42.49,2.0,25.7,0,0,0.112716,0,0
6,SUNDAY,COMERCIAL,0.1900,2.69,41.61,0.0,23.8,1,0,0.615310,0,0
10,SATURDAY,COMERCIAL,0.0500,3.71,72.01,6.4,25.5,0,0,0.327127,0,0
16,MONDAY,COMERCIAL,0.0800,1.05,36.82,22.5,19.9,0,0,0.241226,0,1
14,THURSDAY,COMERCIAL,0.2500,10.93,70.47,20.4,19.6,0,1,0.324127,0,1
9,SUNDAY,RESIDENCIAL,0.0500,15.56,50.01,0.0,25.9,0,1,0.050070,0,0
10,TUESDAY,CONDOMINIO,0.2200,0.76,48.63,0.0,22.4,0,1,0.103541,0,0
16,TUESDAY,RESIDENCIAL,0.1200,1.33,15.93,0.0,20.0,0,0,0.085253,0,0
15,FRIDAY,RESIDENCIAL,0.2800,8.54,150.56,7.4,18.6,0,1,0.221101,0,0
13,MONDAY,COMERCIAL,0.2500,3.96,65.26,0.0,12.0,0,1,0.119207,0,0
12,MONDAY,RESIDENCIAL,0.2200,2.68,50.76,0.0,24.9,3,0,0.831744,0,1
20,MONDAY,RURAL,0.1900,1.36,13.36,0.0,21.0,0,1,0.208736,0,1
20,TUESDAY,RESIDENCIAL,0.2800,2.17,50.17,1.4,24.2,0,1,0.201319,0,0
14,THURSDAY,RESIDENCIAL,0.2500,2.65,36.34,0.0,26.5,3,1,0.757975,0,0
6,MONDAY,RESIDENCIAL,0.1200,9.06,112.23,0.0,30.3,0,0,0.137219,0,0
11,FRIDAY,COMERCIAL,0.2800,1.22,39.79,4.9,18.3,0,1,0.124135,0,1
11,WEDNESDAY,RESIDENCIAL,0.1500,2.46,10.33,0.0,20.7,0,0,0.077046,0,1
15,FRIDAY,RESIDENCIAL,0.2200,2.51,14.85,18.9,12.0,0,1,0.140959,0,0
12,WEDNESDAY,CONDOMINIO,0.1100,1.10,42.27,2.1,15.6,3,0,0.808931,0,1
9,SATURDAY,RESIDENCIAL,0.1200,7.04,39.82,0.0,25.3,0,1,0.050752,0,0
6,SATURDAY,RESIDENCIAL,0.0500,2.80,47.35,0.0,34.2,1,0,0.188988,0,0
14,SATURDAY,RESIDENCIAL,0.0900,1.03,16.41,0.0,16.2,0,0,0.064488,0,0
20,FRIDAY,RESIDENCIAL,0.3100,1.56,28.35,7.9,23.4,0,1,0.252731,0,0
17,SUNDAY,COMERCIAL,0.0600,7.94,93.48,0.0,15.9,1,1,0.457706,0,0
20,THURSDAY,RESIDENCIAL,0.1200,0.34,38.04,7.4,22.4,0,0,0.209434,0,0
14,MONDAY,RESIDENCIAL,0.1100,1.98,29.51,0.0,19.6,0,1,0.052131,0,0
13,SUNDAY,RESIDENCIAL,0.1100,1.64,45.12,0.0,20.7,0,1,0.050955,0,0
19,SATURDAY,CONDOMINIO,0.2800,1.19,10.30,0.0,19.1,1,0,0.567817,0,0
17,SUNDAY,RESIDENCIAL,0.0500,1.71,48.01,16.9,13.3,0,0,0.120393,0,0
21,SATURDAY,RESIDENCIAL,0.1500,2.64,49.75,1.3,23.0,0,0,0.187475,0,0
17,THURSDAY,RESIDENCIAL,0.2500,6.69,60.96,0.0,16.2,1,1,0.256372,0,0
12,FRIDAY,COMERCIAL,0.1500,2.94,63.63,0.0,17.7,0,0,0.145794,0,1
6,TUESDAY,RESIDENCIAL,0.1200,11.98,150.85,0.0,24.3,0,1,0.092700,0,0
11,THURSDAY,RESIDENCIAL,0.1200,4.98,89.43,0.0,19.7,0,1,0.057661,0,0
10,FRIDAY,CONDOMINIO,0.2800,2.81,24.93,0.0,25.6,0,0,0.206193,0,0
7,SUNDAY,RESIDENCIAL,0.0800,2.27,53.91,0.0,27.5,3,0,0.677518,0,1
6,MONDAY,CONDOMINIO,0.1900,1.03,17.62,0.0,30.5,0,0,0.156597,0,0
19,SATURDAY,RESIDENCIAL,0.0500,1.17,27.01,0.0,22.8,1,1,0.181427,0,0
11,WEDNESDAY,COMERCIAL,0.0800,1.49,17.93,0.0,20.0,0,0,0.077914,0,0
16,THURSDAY,RESIDENCIAL,0.0800,2.22,32.12,0.0,13.7,0,1,0.042208,0,0
16,SATURDAY,RESIDENCIAL,0.1200,1.28,28.45,0.0,17.8,0,0,0.078118,0,0
9,SUNDAY,COMERCIAL,0.2800,5.22,73.12,0.6,20.8,0,0,0.471526,0,1
15,TUESDAY,COMERCIAL,0.0600,3.00,41.96,2.2,18.0,1,1,0.173911,0,0
16,WEDNESDAY,RESIDENCIAL,0.0900,1.76,26.24,0.0,16.9,0,0,0.075645,0,0
21,THURSDAY,RURAL,0.1500,1.08,9.91,0.0,26.7,0,0,0.299567,0,0
15,THURSDAY,RESIDENCIAL,0.2800,5.08,90.64,0.0,17.6,2,0,0.692442,0,1
11,SATURDAY,CONDOMINIO,0.2200,4.64,66.76,0.0,23.1,0,1,0.111555,0,0
14,WEDNESDAY,CONDOMINIO,0.3100,1.30,11.70,0.0,24.4,3,0,0.900903,0,1
18,SATURDAY,COMERCIAL,0.2200,2.41,36.75,0.0,23.2,0,1,0.438131,0,0
18,TUESDAY,CONDOMINIO,0.1900,2.20,9.53,5.2,21.6,0,1,0.209014,0,0
20,SUNDAY,CONDOMINIO,0.2500,4.83,55.95,5.5,26.0,1,0,0.692546,0,0
12,FRIDAY,RESIDENCIAL,0.0600,3.23,67.78,0.0,18.4,1,1,0.137036,0,1
6,SATURDAY,CONDOMINIO,0.1900,3.79,14.72,0.0,25.4,2,0,0.591853,0,1
18,SATURDAY,RESIDENCIAL,0.0600,2.18,20.56,0.0,17.4,1,0,0.264004,0,1
20,MONDAY,RESIDENCIAL,0.1200,0.57,23.10,0.0,21.4,0,0,0.149905,0,0
11,TUESDAY,RESIDENCIAL,0.3100,2.01,39.98,1.6,20.5,0,1,0.098161,0,0
17,TUESDAY,RESIDENCIAL,0.1100,5.19,89.35,3.3,14.2,3,1,0.681278,0,1
21,SATURDAY,RURAL,0.3100,3.74,43.08,12.9,22.4,0,1,0.458674,0,0
10,TUESDAY,RESIDENCIAL,0.1500,1.72,18.04,0.2,16.2,0,1,0.043031,0,0
10,TUESDAY,CONDOMINIO,0.0900,1.64,23.74,0.0,24.8,0,1,0.062501,0,0
14,SATURDAY,RESIDENCIAL,0.1900,6.39,29.47,0.0,18.5,1,1,0.183566,0,0
17,WEDNESDAY,RESIDENCIAL,0.3100,4.00,73.09,9.9,21.8,0,1,0.200025,0,0
10,THURSDAY,RESIDENCIAL,0.3100,0.85,10.67,0.0,18.5,0,1,0.077553,0,0
6,TUESDAY,CONDOMINIO,0.2200,8.27,44.71,0.0,26.9,2,1,0.575320,0,0
17,TUESDAY,COMERCIAL,0.3100,2.66,30.45,0.0,21.7,0,0,0.233671,0,0
0,SUNDAY,COMERCIAL,0.2200,0.90,35.68,0.0,30.1,0,1,0.400645,0,0
16,SATURDAY,RESIDENCIAL,0.2800,0.69,48.61,0.0,12.0,2,1,0.443169,0,0
19,SUNDAY,CONDOMINIO,0.3100,1.56,49.58,0.0,21.0,0,0,0.376911,0,1
10,MONDAY,COMERCIAL,0.0900,1.42,31.20,0.0,23.3,0,0,0.089995,0,0
10,TUESDAY,CONDOMINIO,0.0800,3.59,86.91,10.4,24.0,0,1,0.119770,0,0
15,SATURDAY,CONDOMINIO,0.1200,1.86,22.67,0.0,16.0,0,0,0.112763,0,0
6,THURSDAY,COMERCIAL,0.1900,3.15,31.40,0.0,33.0,0,0,0.157672,0,0
12,THURSDAY,RESIDENCIAL,0.0600,3.43,19.13,0.0,23.8,0,0,0.077864,0,0
8,SUNDAY,RESIDENCIAL,0.3100,2.61,47.78,0.0,22.1,0,1,0.090164,0,0
13,SATURDAY,RESIDENCIAL,0.1900,8.20,109.90,0.0,16.4,0,1,0.093859,0,0
16,MONDAY,RESIDENCIAL,0.0500,0.68,34.31,0.0,16.1,0,1,0.038281,0,0
9,TUESDAY,RESIDENCIAL,0.1200,2.36,44.63,0.0,20.4,1,1,0.127363,0,0
9,THURSDAY,RESIDENCIAL,0.2500,5.95,89.56,0.0,21.6,0,0,0.159626,0,0
12,FRIDAY,RESIDENCIAL,0.2200,0.87,24.05,0.0,19.8,1,0,0.298165,0,1
21,WEDNESDAY,CONDOMINIO,0.1500,5.13,72.78,0.0,20.7,0,1,0.195190,0,0
21,FRIDAY,RESIDENCIAL,0.3100,3.75,35.73,0.0,26.4,0,1,0.214952,0,0
6,THURSDAY,RESIDENCIAL,0.1200,4.60,70.39,0.0,30.7,1,1,0.173727,0,0
9,TUESDAY,RESIDENCIAL,0.2500,25.47,70.70,0.0,27.1,2,0,0.742987,0,1
4,SUNDAY,COMERCIAL,0.0800,1.72,22.81,0.0,25.7,0,0,0.370106,0,0
13,SATURDAY,RESIDENCIAL,0.2200,1.37,16.95,0.0,18.4,1,0,0.268951,0,1
10,MONDAY,RESIDENCIAL,0.1900,2.56,37.60,0.0,25.2,0,0,0.107015,0,0
13,SUNDAY,RESIDENCIAL,0.3100,1.18,51.71,0.0,18.1,1,1,0.256992,0,0
13,SATURDAY,COMERCIAL,0.2200,2.35,14.01,0.0,15.1,0,1,0.249139,0,0
7,SUNDAY,COMERCIAL,0.1500,6.47,33.00,6.2,29.6,1,0,0.682384,0,1
8,MONDAY,RESIDENCIAL,0.1200,1.30,5.82,0.0,19.3,0,0,0.064271,0,0
18,WEDNESDAY,COMERCIAL,0.2200,2.77,53.73,0.0,22.6,0,0,0.302836,0,1
18,MONDAY,RESIDENCIAL,0.2500,1.67,42.92,2.0,20.6,1,1,0.381174,0,0
8,TUESDAY,RESIDENCIAL,0.0600,1.12,22.96,0.0,23.5,0,1,0.034886,0,0
6,TUESDAY,CONDOMINIO,0.1900,1.32,32.54,0.0,29.2,0,0,0.162079,0,0
13,TUESDAY,RESIDENCIAL,0.1100,4.43,68.60,0.0,16.9,0,1,0.060834,0,0
14,TUESDAY,COMERCIAL,0.0600,0.92,37.32,0.0,22.2,1,1,0.161960,0,0
11,SATURDAY,RURAL,0.2200,1.27,32.50,0.0,20.1,1,0,0.387876,0,0
21,SATURDAY,RESIDENCIAL,0.2800,1.38,33.13,4.7,23.3,1,0,0.553425,0,1
10,TUESDAY,CONDOMINIO,0.2500,9.65,128.75,0.0,19.6,0,0,0.268597,0,0
9,THURSDAY,RESIDENCIAL,0.0800,5.15,68.31,0.0,27.8,0,1,0.053555,0,0
12,MONDAY,CONDOMINIO,0.2500,6.18,69.83,0.0,22.3,0,1,0.172191,0,0
16,WEDNESDAY,RURAL,0.3100,3.47,30.57,0.0,12.0,1,1,0.398680,0,1
13,TUESDAY,RESIDENCIAL,0.1100,1.07,31.75,0.0,23.9,2,1,0.347907,0,0
5,TUESDAY,RURAL,0.2800,4.24,90.74,0.0,28.8,0,1,0.335137,0,0
19,SATURDAY,CONDOMINIO,0.2200,8.73,134.61,0.0,20.8,1,0,0.679765,0,0
23,THURSDAY,CONDOMINIO,0.0900,3.07,28.66,6.9,20.9,0,0,0.219238,0,0
2,MONDAY,RURAL,0.3100,0.46,35.18,12.9,30.7,1,1,0.697774,0,1
13,FRIDAY,CONDOMINIO,0.3100,0.93,38.44,0.0,21.8,1,1,0.378248,0,0
6,TUESDAY,COMERCIAL,0.3100,1.53,31.18,0.4,25.7,0,0,0.203424,0,0
14,WEDNESDAY,COMERCIAL,0.1100,2.12,39.68,0.0,23.3,0,0,0.126498,0,0
7,SATURDAY,RESIDENCIAL,0.1200,3.63,39.07,0.0,24.1,3,0,0.691903,0,1
8,MONDAY,CONDOMINIO,0.1100,1.82,48.37,0.0,25.2,0,0,0.122709,0,0
19,WEDNESDAY,CONDOMINIO,0.0800,1.13,23.71,20.0,20.5,0,0,0.366582,0,0
9,SUNDAY,CONDOMINIO,0.1100,6.64,74.74,0.0,22.6,0,1,0.079949,0,0
9,SATURDAY,RESIDENCIAL,0.3100,3.11,49.25,1.8,18.4,1,0,0.346095,0,0
15,FRIDAY,CONDOMINIO,0.0500,6.73,101.06,0.0,18.1,0,1,0.089847,0,1
12,WEDNESDAY,RESIDENCIAL,0.0800,1.89,27.02,0.0,20.2,0,1,0.046501,0,0
6,MONDAY,RESIDENCIAL,0.0600,1.44,58.84,0.0,30.8,0,1,0.046413,0,0
13,SUNDAY,CONDOMINIO,0.0500,0.92,14.22,15.7,16.3,0,0,0.156089,0,0
8,MONDAY,RESIDENCIAL,0.0900,7.46,57.80,0.0,23.2,0,0,0.086408,0,0
12,TUESDAY,RESIDENCIAL,0.0500,0.90,12.89,0.0,19.3,2,1,0.261162,0,0
9,THURSDAY,COMERCIAL,0.0800,1.01,21.44,0.8,22.8,0,1,0.050835,0,0
17,SATURDAY,COMERCIAL,0.0800,1.77,22.42,0.0,19.8,1,1,0.389344,0,1
12,MONDAY,COMERCIAL,0.2500,8.35,109.09,2.8,14.9,2,0,0.771907,0,1
11,MONDAY,RURAL,0.3100,1.69,19.29,0.0,17.7,2,0,0.733687,0,1
8,SUNDAY,COMERCIAL,0.1900,1.68,25.86,0.0,28.6,0,0,0.349199,0,0
21,THURSDAY,CONDOMINIO,0.3100,1.34,22.48,4.0,20.3,0,0,0.413242,0,1
8,MONDAY,COMERCIAL,0.0600,0.93,15.91,0.0,23.2,0,1,0.044826,0,0
14,FRIDAY,RESIDENCIAL,0.0600,3.85,44.88,0.0,16.3,0,0,0.075283,1,1
19,FRIDAY,RESIDENCIAL,0.3100,2.26,13.67,3.0,24.5,0,1,0.210183,0,0
14,FRIDAY,RESIDENCIAL,0.2800,1.57,14.14,0.3,20.8,2,1,0.486331,0,1
9,SUNDAY,COMERCIAL,0.0600,5.30,98.25,0.5,25.6,0,0,0.310026,0,0
10,FRIDAY,RESIDENCIAL,0.1900,1.30,14.74,0.0,22.0,0,1,0.054242,0,0
11,SATURDAY,RURAL,0.1500,4.98,76.83,2.3,17.6,0,1,0.112777,0,0
16,FRIDAY,CONDOMINIO,0.0500,1.70,17.59,0.0,12.0,0,1,0.052295,0,0
6,SUNDAY,RESIDENCIAL,0.0500,3.31,41.89,0.0,29.3,0,1,0.038654,0,0
16,SATURDAY,COMERCIAL,0.0900,6.12,99.33,0.0,15.1,0,1,0.233674,0,1
21,WEDNESDAY,RURAL,0.3100,1.86,22.42,0.0,26.6,0,0,0.464604,0,0
14,THURSDAY,RESIDENCIAL,0.0500,6.30,103.77,2.3,12.0,1,0,0.243438,0,0
14,WEDNESDAY,RESIDENCIAL,0.0600,2.47,58.09,2.1,22.6,1,1,0.151950,0,0
8,FRIDAY,RESIDENCIAL,0.2200,1.50,47.99,0.0,25.2,0,0,0.120623,0,0
6,THURSDAY,COMERCIAL,0.1900,4.21,66.87,0.0,26.9,0,1,0.101628,0,0
6,MONDAY,RESIDENCIAL,0.1500,2.68,39.03,4.2,27.6,0,0,0.115487,0,0
8,WEDNESDAY,RESIDENCIAL,0.1100,1.22,35.25,0.0,24.4,2,1,0.299328,0,0
8,FRIDAY,CONDOMINIO,0.1500,3.30,26.71,0.0,22.3,1,0,0.306898,0,1
7,TUESDAY,COMERCIAL,0.1100,1.41,34.60,1.7,32.0,0,0,0.122405,0,0
15,SATURDAY,RESIDENCIAL,0.0600,9.92,157.94,0.0,17.9,0,1,0.074314,0,0
17,TUESDAY,RESIDENCIAL,0.0600,4.25,27.85,0.0,23.7,3,1,0.582161,0,0
6,MONDAY,RESIDENCIAL,0.2800,2.13,23.37,2.0,29.1,2,1,0.497183,0,0
11,SUNDAY,COMERCIAL,0.0800,0.99,16.80,0.0,22.4,0,1,0.143067,0,0
6,TUESDAY,RESIDENCIAL,0.2500,1.11,27.39,0.0,21.7,0,1,0.070523,0,0
7,FRIDAY,RESIDENCIAL,0.0500,4.63,71.32,0.0,23.8,0,1,0.044236,0,0
12,SATURDAY,COMERCIAL,0.1900,4.58,34.55,9.2,24.6,0,1,0.381945,0,1
19,MONDAY,COMERCIAL,0.1200,4.91,38.87,0.0,28.1,0,0,0.244204,0,0
14,WEDNESDAY,RESIDENCIAL,0.0800,2.15,13.70,0.0,17.8,0,1,0.042474,0,0
20,SATURDAY,RESIDENCIAL,0.0500,4.14,41.95,0.0,21.5,0,0,0.124695,0,0
13,WEDNESDAY,RESIDENCIAL,0.0600,5.66,40.61,7.1,23.3,0,0,0.117061,0,0
9,SATURDAY,COMERCIAL,0.1500,2.14,58.67,0.4,26.7,2,0,0.823491,0,1
8,FRIDAY,COMERCIAL,0.3100,6.88,99.30,0.0,26.0,0,1,0.179344,0,0
8,THURSDAY,RESIDENCIAL,0.1900,0.46,17.26,0.6,32.0,3,1,0.658708,0,1
11,WEDNESDAY,COMERCIAL,0.1100,5.68,83.80,0.0,21.3,0,1,0.075383,0,0
11,SUNDAY,RESIDENCIAL,0.2500,1.87,6.78,0.0,22.7,1,1,0.164911,0,1
14,TUESDAY,COMERCIAL,0.0500,2.35,34.21,0.0,21.3,0,0,0.097228,0,0
9,TUESDAY,RESIDENCIAL,0.2500,9.60,54.18,0.0,25.7,2,0,0.638929,0,1
20,WEDNESDAY,COMERCIAL,0.1500,5.90,66.49,0.0,22.1,0,1,0.175876,0,0
20,SUNDAY,COMERCIAL,0.0600,1.82,32.91,0.0,16.2,1,1,0.510284,0,0
6,SUNDAY,RURAL,0.2500,1.33,28.82,0.0,28.3,0,1,0.137588,0,0
12,WEDNESDAY,RESIDENCIAL,0.2500,16.89,156.28,0.0,19.6,0,1,0.188371,0,0
14,MONDAY,CONDOMINIO,0.1100,7.52,69.12,0.0,23.3,1,1,0.272987,0,0
19,MONDAY,CONDOMINIO,0.0600,1.90,45.53,0.0,19.5,0,0,0.191487,0,0
18,TUESDAY,CONDOMINIO,0.1900,0.67,50.29,0.0,16.9,0,0,0.272081,0,0
9,WEDNESDAY,RESIDENCIAL,0.1100,4.90,76.51,5.1,29.1,0,1,0.077991,0,0
17,WEDNESDAY,RESIDENCIAL,0.2800,8.73,116.66,3.7,15.6,0,1,0.165673,0,0
13,TUESDAY,COMERCIAL,0.1200,3.00,45.04,0.0,14.5,0,0,0.116619,0,0
16,TUESDAY,CONDOMINIO,0.0900,0.91,15.82,0.0,22.5,0,1,0.072160,0,0
18,SATURDAY,COMERCIAL,0.3100,0.58,30.18,0.4,21.6,1,1,0.754956,0,1
10,THURSDAY,RESIDENCIAL,0.1900,6.34,126.91,5.9,23.8,1,0,0.417667,0,1
16,WEDNESDAY,RESIDENCIAL,0.0600,1.14,7.54,0.0,12.0,0,1,0.033526,0,0
16,THURSDAY,RESIDENCIAL,0.1500,3.27,15.62,0.6,17.7,0,0,0.097548,0,0
10,FRIDAY,CONDOMINIO,0.2500,4.78,54.18,0.0,28.1,1,1,0.331418,0,0
6,THURSDAY,RESIDENCIAL,0.0600,1.57,28.90,4.4,24.9,0,1,0.044824,0,0
12,FRIDAY,CONDOMINIO,0.3100,6.07,68.11,0.0,17.3,2,1,0.681395,0,0
10,TUESDAY,RESIDENCIAL,0.1100,1.00,9.88,0.0,18.4,1,0,0.164176,0,0
19,MONDAY,CONDOMINIO,0.2500,10.81,91.74,0.0,18.1,3,1,0.920504,0,1
9,SUNDAY,RESIDENCIAL,0.1900,30.00,250.00,3.4,24.1,0,0,0.364705,0,0
14,MONDAY,COMERCIAL,0.0900,1.52,33.51,0.0,21.6,2,1,0.392704,0,0
9,SUNDAY,RESIDENCIAL,0.3100,0.36,9.67,0.0,26.0,0,0,0.130980,0,1
9,MONDAY,CONDOMINIO,0.0500,2.02,34.12,0.0,18.2,0,0,0.083247,0,0
9,TUESDAY,COMERCIAL,0.3100,3.66,39.50,0.0,27.9,0,1,0.141547,0,0
14,TUESDAY,RESIDENCIAL,0.2500,0.62,22.51,0.0,21.0,0,1,0.085141,0,0
17,SATURDAY,RURAL,0.2200,0.81,10.01,0.0,19.5,0,1,0.122420,0,0
15,WEDNESDAY,RESIDENCIAL,0.0800,4.69,71.85,2.2,19.7,0,1,0.064023,1,1
10,FRIDAY,CONDOMINIO,0.3100,4.61,68.79,0.0,25.3,0,1,0.173132,0,0
9,THURSDAY,RESIDENCIAL,0.1100,2.30,26.25,0.5,19.6,0,1,0.041766,0,0
16,THURSDAY,RESIDENCIAL,0.3100,3.71,44.10,0.0,17.8,3,1,0.779911,0,0
6,FRIDAY,RURAL,0.3100,3.64,76.80,0.0,32.1,0,0,0.349827,0,0
15,THURSDAY,RESIDENCIAL,0.2200,8.10,23.90,0.0,17.1,1,1,0.217567,0,0
9,WEDNESDAY,RESIDENCIAL,0.2200,2.56,25.43,0.0,20.2,0,0,0.104305,0,0
13,SATURDAY,RESIDENCIAL,0.3100,5.52,54.11,2.8,16.8,0,0,0.198840,0,0
15,THURSDAY,RESIDENCIAL,0.0500,8.88,82.95,0.0,16.9,0,1,0.056883,0,0
8,MONDAY,RURAL,0.3100,1.19,40.55,0.0,22.2,0,1,0.171640,0,0
14,THURSDAY,RESIDENCIAL,0.2800,1.83,9.16,0.0,20.1,0,0,0.148602,0,0
15,WEDNESDAY,RESIDENCIAL,0.0800,1.07,16.72,0.0,17.2,0,1,0.041393,0,0
10,FRIDAY,RESIDENCIAL,0.0800,1.76,19.42,18.0,28.0,1,1,0.224729,0,0
7,THURSDAY,RURAL,0.2200,0.79,14.41,0.0,34.0,0,1,0.140323,0,0
12,WEDNESDAY,RESIDENCIAL,0.2800,6.93,81.05,1.0,21.0,0,0,0.219677,0,1
13,SUNDAY,RESIDENCIAL,0.0900,5.57,79.11,0.0,20.2,0,1,0.058398,0,0
10,WEDNESDAY,RESIDENCIAL,0.1100,4.55,58.19,0.0,26.5,0,0,0.092500,0,0
17,MONDAY,RESIDENCIAL,0.3100,0.60,12.16,0.0,21.9,1,1,0.257623,0,0
16,WEDNESDAY,RESIDENCIAL,0.0800,0.41,23.49,0.0,18.2,0,0,0.071638,0,0
15,THURSDAY,RURAL,0.2500,8.61,106.21,3.4,20.0,0,0,0.387719,0,0
11,THURSDAY,RESIDENCIAL,0.2800,4.76,36.77,0.0,24.3,2,0,0.615876,0,0
19,THURSDAY,RESIDENCIAL,0.1900,8.87,129.83,4.2,21.8,0,1,0.236145,0,0
15,SATURDAY,CONDOMINIO,0.1900,4.44,69.16,2.3,12.9,0,1,0.114979,0,0
10,TUESDAY,RESIDENCIAL,0.3100,1.91,32.30,0.9,24.7,2,1,0.500362,0,0
20,MONDAY,RESIDENCIAL,0.2500,2.78,11.56,0.0,20.7,2,1,0.605812,0,0
20,WEDNESDAY,RESIDENCIAL,0.2800,0.62,65.71,0.0,18.2,1,1,0.392299,0,0
12,MONDAY,RESIDENCIAL,0.0500,11.30,52.71,0.0,13.7,0,1,0.050562,0,0
10,FRIDAY,COMERCIAL,0.1100,2.24,37.87,1.4,23.3,0,1,0.064554,0,0
9,SUNDAY,CONDOMINIO,0.1500,0.79,28.25,2.2,28.6,0,1,0.083459,0,0
9,SUNDAY,CONDOMINIO,0.1200,1.30,24.19,0.0,22.0,1,1,0.161009,0,0
18,FRIDAY,CONDOMINIO,0.1200,2.14,33.35,0.4,22.3,0,0,0.237018,0,0
19,SUNDAY,COMERCIAL,0.3100,2.91,22.45,0.0,20.1,1,0,0.839505,0,1
6,THURSDAY,RESIDENCIAL,0.2500,4.00,43.87,1.8,30.6,1,0,0.370162,0,0
21,TUESDAY,RESIDENCIAL,0.0500,5.83,61.95,0.8,25.4,0,0,0.166249,0,0
16,SUNDAY,RESIDENCIAL,0.1100,2.31,42.26,0.0,19.4,0,0,0.083539,0,0
15,THURSDAY,COMERCIAL,0.1200,0.96,35.80,4.9,14.3,1,0,0.310818,0,0
6,WEDNESDAY,COMERCIAL,0.2800,0.76,13.48,0.0,22.6,0,1,0.099295,0,0
13,SUNDAY,RESIDENCIAL,0.1200,1.13,17.53,0.0,21.4,0,1,0.047714,0,0
7,SATURDAY,COMERCIAL,0.0500,4.97,99.21,0.0,28.1,0,0,0.306420,0,0
2,WEDNESDAY,RESIDENCIAL,0.2800,1.53,17.04,0.0,35.8,0,1,0.166923,0,1
6,THURSDAY,COMERCIAL,0.2500,8.64,84.06,0.0,21.3,0,1,0.133338,0,0
1,FRIDAY,RESIDENCIAL,0.2200,1.58,23.10,0.0,27.7,1,0,0.417243,0,0
8,WEDNESDAY,RESIDENCIAL,0.1900,1.62,63.60,4.4,24.3,1,0,0.318407,0,1
16,SATURDAY,RESIDENCIAL,0.2200,2.24,47.34,0.0,22.6,0,1,0.081462,0,0
7,TUESDAY,RESIDENCIAL,0.1100,2.31,43.45,19.5,24.8,0,1,0.108617,0,0
13,SATURDAY,RESIDENCIAL,0.1900,1.80,87.52,5.4,21.0,1,0,0.370069,0,0
13,SUNDAY,CONDOMINIO,0.1200,3.81,32.64,5.4,21.9,0,0,0.166146,0,0
6,WEDNESDAY,CONDOMINIO,0.0900,7.91,89.84,0.0,25.7,2,1,0.482784,0,0
15,SATURDAY,RESIDENCIAL,0.1100,2.08,22.89,0.0,14.5,0,1,0.042030,0,0
18,WEDNESDAY,RESIDENCIAL,0.2500,0.81,17.54,0.0,21.1,1,1,0.334569,0,0
7,SATURDAY,CONDOMINIO,0.0600,4.41,67.08,0.0,25.1,1,1,0.170876,0,0
10,SATURDAY,RESIDENCIAL,0.1100,3.85,21.26,0.0,24.6,0,1,0.041618,0,0
8,SUNDAY,RESIDENCIAL,0.3100,2.78,31.96,0.0,26.3,1,0,0.346002,0,1
14,SATURDAY,CONDOMINIO,0.0600,5.14,93.72,0.0,16.3,2,0,0.566941,0,0
21,TUESDAY,RESIDENCIAL,0.1100,2.07,57.94,0.0,22.1,3,0,0.847550,0,1
11,MONDAY,COMERCIAL,0.2500,7.61,100.29,0.0,18.8,2,0,0.704206,0,0
11,SUNDAY,RESIDENCIAL,0.3100,2.82,31.83,0.0,22.2,1,1,0.219569,0,0
17,SUNDAY,RESIDENCIAL,0.0800,0.99,21.72,0.0,15.6,1,0,0.167093,0,0
7,FRIDAY,CONDOMINIO,0.1500,3.47,32.06,3.1,27.6,0,0,0.161988,0,0
21,SUNDAY,CONDOMINIO,0.2200,4.95,94.15,0.0,24.6,0,1,0.253951,0,0
11,TUESDAY,RESIDENCIAL,0.0500,3.76,59.54,0.0,20.4,1,1,0.108144,0,0
9,WEDNESDAY,CONDOMINIO,0.2500,1.45,52.40,0.0,24.4,0,0,0.195266,0,0
11,FRIDAY,CONDOMINIO,0.0600,0.59,26.27,0.0,28.0,3,0,0.744565,0,0
6,WEDNESDAY,COMERCIAL,0.2500,2.40,12.28,7.5,29.3,0,1,0.139749,0,0
15,FRIDAY,RESIDENCIAL,0.1200,4.04,48.36,0.0,17.8,0,1,0.058991,0,0
13,TUESDAY,RESIDENCIAL,0.0600,4.86,71.51,0.0,18.5,0,0,0.088470,0,0
11,TUESDAY,RESIDENCIAL,0.1100,6.05,56.01,0.0,20.5,0,1,0.050945,0,0
17,TUESDAY,COMERCIAL,0.1500,3.00,38.83,0.0,20.4,0,1,0.086142,0,0
19,WEDNESDAY,RESIDENCIAL,0.1900,1.95,31.33,0.1,18.9,1,1,0.292468,0,0
13,THURSDAY,CONDOMINIO,0.2800,3.49,30.92,0.0,17.4,0,1,0.145409,0,0
21,FRIDAY,RESIDENCIAL,0.0900,20.18,75.11,0.0,21.4,2,1,0.620799,0,1
10,FRIDAY,COMERCIAL,0.1200,1.99,14.94,1.2,20.1,0,0,0.094963,0,0
10,WEDNESDAY,RESIDENCIAL,0.0500,2.13,23.88,0.0,22.6,0,1,0.033920,0,0
16,FRIDAY,CONDOMINIO,0.0800,2.41,74.57,21.1,16.1,0,1,0.182430,0,0
7,TUESDAY,RESIDENCIAL,0.1200,2.83,69.52,4.2,24.9,0,1,0.066971,0,0
8,WEDNESDAY,CONDOMINIO,0.2800,15.52,184.46,0.0,23.5,0,1,0.272067,0,0
19,SATURDAY,RESIDENCIAL,0.0900,8.12,144.54,0.0,20.2,0,0,0.213352,0,0
11,FRIDAY,RESIDENCIAL,0.0900,7.86,81.12,0.0,23.2,0,1,0.057054,0,0
19,WEDNESDAY,RESIDENCIAL,0.2200,0.60,26.39,0.0,12.7,2,1,0.538563,0,0
21,FRIDAY,COMERCIAL,0.2800,4.58,75.05,0.0,28.5,0,0,0.414523,0,1
10,THURSDAY,RESIDENCIAL,0.2800,2.81,40.26,0.0,23.7,0,0,0.144958,0,0
13,TUESDAY,CONDOMINIO,0.1100,4.82,49.93,0.0,17.0,0,0,0.141878,0,0
13,WEDNESDAY,CONDOMINIO,0.2500,13.22,135.91,0.0,17.4,0,0,0.336739,0,0
9,TUESDAY,CONDOMINIO,0.1200,3.67,28.50,0.0,29.3,0,1,0.081044,0,1
10,MONDAY,RURAL,0.1900,4.49,20.38,0.0,18.1,0,0,0.170197,0,0
12,FRIDAY,COMERCIAL,0.1500,25.86,250.00,0.0,17.8,0,0,0.389955,0,0
10,MONDAY,COMERCIAL,0.1200,2.20,47.93,0.0,23.4,0,1,0.065664,0,0
11,TUESDAY,RESIDENCIAL,0.0900,3.59,50.15,0.0,20.2,2,1,0.289945,0,0
13,THURSDAY,COMERCIAL,0.1900,3.51,53.23,1.4,19.8,0,1,0.111023,0,0
7,SATURDAY,RESIDENCIAL,0.0500,2.68,54.63,7.5,29.3,0,0,0.091873,1,1
15,THURSDAY,RURAL,0.1900,4.62,47.08,0.0,17.7,0,0,0.225800,0,0
14,SATURDAY,CONDOMINIO,0.1500,1.51,34.37,0.0,20.0,0,1,0.085117,0,0
15,SUNDAY,RESIDENCIAL,0.0900,4.49,71.84,0.0,21.2,0,0,0.093945,0,0
12,THURSDAY,RESIDENCIAL,0.1200,2.96,33.66,0.0,18.2,2,1,0.343585,0,1
13,MONDAY,CONDOMINIO,0.2800,2.06,39.11,23.7,18.5,1,0,0.724010,0,1
17,FRIDAY,RESIDENCIAL,0.2500,2.24,26.80,0.0,15.7,0,1,0.081451,0,0
5,FRIDAY,CONDOMINIO,0.1500,2.50,30.08,13.1,30.2,0,0,0.360388,0,0
12,SATURDAY,RESIDENCIAL,0.1500,3.45,51.63,0.0,20.2,0,1,0.062783,0,0
8,THURSDAY,CONDOMINIO,0.1100,2.51,44.17,0.0,25.6,0,1,0.075260,0,0
11,SUNDAY,RESIDENCIAL,0.0500,1.67,49.36,0.0,16.2,0,0,0.050364,0,0
13,MONDAY,CONDOMINIO,0.3100,1.50,23.24,0.0,20.0,0,0,0.244246,0,1
13,SATURDAY,CONDOMINIO,0.0900,1.02,27.02,0.0,17.1,0,1,0.062128,0,0
1,SUNDAY,CONDOMINIO,0.2800,2.62,69.21,0.0,26.6,0,0,0.341715,0,0
10,THURSDAY,RESIDENCIAL,0.0800,3.29,51.25,2.4,25.4,0,0,0.084963,0,0
20,MONDAY,RESIDENCIAL,0.1900,2.38,39.15,0.0,20.8,0,0,0.204582,0,1
8,SUNDAY,COMERCIAL,0.0900,4.08,83.33,3.8,29.3,0,0,0.366403,0,0
16,MONDAY,COMERCIAL,0.1200,9.11,93.72,0.0,18.1,3,0,0.844832,0,1
13,SATURDAY,RESIDENCIAL,0.2800,5.14,28.15,0.0,22.9,1,0,0.370307,0,0
8,WEDNESDAY,RESIDENCIAL,0.1900,4.38,39.88,0.0,24.5,0,1,0.067171,0,0
12,TUESDAY,CONDOMINIO,0.2800,2.34,41.20,0.0,21.2,0,1,0.156738,0,0
6,TUESDAY,COMERCIAL,0.1100,1.54,28.08,2.9,25.8,0,1,0.068327,0,0
16,FRIDAY,RESIDENCIAL,0.0800,1.69,25.60,11.2,19.0,0,1,0.072336,0,0
21,SUNDAY,RESIDENCIAL,0.0500,4.12,28.50,6.4,26.2,0,0,0.165067,0,0
10,MONDAY,CONDOMINIO,0.1200,7.37,52.19,0.0,20.3,1,1,0.210654,0,0
12,THURSDAY,COMERCIAL,0.0600,0.52,14.95,0.0,17.9,0,1,0.050729,0,0
10,MONDAY,CONDOMINIO,0.3100,5.17,91.27,0.0,18.0,0,0,0.258138,0,0
14,TUESDAY,COMERCIAL,0.2800,0.78,11.53,0.0,20.3,0,1,0.118326,0,0
6,FRIDAY,RESIDENCIAL,0.2500,6.50,97.65,0.0,27.1,2,1,0.536211,0,0
10,FRIDAY,CONDOMINIO,0.2800,4.57,23.06,4.7,21.3,1,0,0.478511,0,0
9,THURSDAY,COMERCIAL,0.1200,2.87,43.88,0.0,26.5,0,0,0.114789,0,0
19,WEDNESDAY,RURAL,0.2500,1.51,50.05,0.0,20.5,0,1,0.278473,0,0
11,SATURDAY,CONDOMINIO,0.1200,6.26,106.59,0.0,26.8,0,0,0.160955,1,1
3,WEDNESDAY,RESIDENCIAL,0.0900,2.41,37.75,6.9,30.7,0,0,0.181793,0,0
9,MONDAY,RESIDENCIAL,0.1500,0.69,37.71,0.0,25.7,0,1,0.053763,0,0
13,SATURDAY,RESIDENCIAL,0.1200,4.12,49.01,0.0,15.5,1,1,0.140522,0,0
14,MONDAY,RESIDENCIAL,0.1100,0.70,17.39,0.0,15.5,3,1,0.558989,0,1
18,THURSDAY,RESIDENCIAL,0.3100,16.78,82.93,6.1,18.4,1,0,0.727846,0,1
15,SATURDAY,CONDOMINIO,0.1200,1.20,27.10,0.0,15.7,0,1,0.068014,0,0
17,THURSDAY,RURAL,0.2500,4.27,39.02,0.0,15.3,0,1,0.163670,0,0
7,FRIDAY,RESIDENCIAL,0.0600,2.18,61.71,0.0,29.3,0,1,0.046413,0,0
9,SATURDAY,RESIDENCIAL,0.1200,16.99,250.00,2.0,19.0,0,1,0.132935,0,0
17,TUESDAY,RESIDENCIAL,0.0500,2.22,24.48,0.0,18.8,0,1,0.040288,0,0
11,MONDAY,RESIDENCIAL,0.1500,1.06,22.84,0.0,18.4,0,0,0.074873,0,1
11,FRIDAY,COMERCIAL,0.0600,10.20,144.40,0.0,28.0,1,1,0.246494,0,0
7,WEDNESDAY,CONDOMINIO,0.0600,1.65,63.31,0.0,21.3,0,0,0.100696,0,0
13,FRIDAY,RURAL,0.2200,2.29,19.69,0.0,19.3,1,0,0.463070,0,0
6,TUESDAY,RESIDENCIAL,0.0800,0.68,38.51,0.0,29.0,0,1,0.043984,0,0
14,FRIDAY,RESIDENCIAL,0.2800,3.73,47.80,0.0,22.9,1,1,0.281395,0,0
20,THURSDAY,CONDOMINIO,0.0600,1.27,37.73,0.2,18.1,0,1,0.113414,0,1
12,MONDAY,COMERCIAL,0.1100,4.88,46.58,5.8,23.9,0,0,0.173262,0,0
17,WEDNESDAY,RESIDENCIAL,0.2500,1.89,35.92,15.6,24.4,1,1,0.396739,0,0
18,SATURDAY,RESIDENCIAL,0.2500,2.37,15.41,14.7,20.4,0,0,0.340827,0,1
15,MONDAY,RESIDENCIAL,0.2800,5.22,68.02,6.5,13.0,0,0,0.218416,0,0
7,TUESDAY,RESIDENCIAL,0.1200,3.29,37.11,1.0,26.9,0,1,0.054356,0,0
10,MONDAY,RURAL,0.1500,3.11,22.05,1.9,21.3,0,1,0.102243,0,0
7,SUNDAY,CONDOMINIO,0.1200,1.12,14.01,5.4,27.6,0,0,0.131135,0,0
9,FRIDAY,RESIDENCIAL,0.2500,5.78,82.94,0.0,23.7,2,0,0.634196,0,0
16,WEDNESDAY,CONDOMINIO,0.1200,3.15,60.11,0.0,15.9,0,1,0.088442,0,0
8,SATURDAY,RESIDENCIAL,0.1500,0.91,16.74,0.0,22.4,0,1,0.042603,0,0
6,SATURDAY,RESIDENCIAL,0.3100,1.99,43.20,5.9,22.7,0,0,0.179764,0,1
9,WEDNESDAY,RESIDENCIAL,0.1900,14.98,236.41,0.0,23.7,0,0,0.260021,0,0
14,SUNDAY,COMERCIAL,0.3100,1.78,51.04,0.0,13.0,0,1,0.342688,0,0
8,FRIDAY,RESIDENCIAL,0.1200,7.00,36.73,0.0,28.1,1,1,0.156292,0,0
8,SUNDAY,COMERCIAL,0.3100,13.17,110.61,0.0,26.1,0,1,0.470955,0,0
9,TUESDAY,CONDOMINIO,0.1200,3.82,55.25,0.0,28.1,0,0,0.142889,0,0
8,MONDAY,CONDOMINIO,0.2500,0.87,32.76,0.0,23.1,0,1,0.110543,0,0
18,FRIDAY,RESIDENCIAL,0.0600,0.47,36.53,0.0,21.7,0,1,0.078123,0,0
14,MONDAY,COMERCIAL,0.0900,8.50,115.64,2.6,19.3,0,1,0.112851,0,0
15,WEDNESDAY,RESIDENCIAL,0.2500,1.00,7.73,0.0,17.1,3,0,0.793789,0,1
9,THURSDAY,RESIDENCIAL,0.3100,2.98,56.49,0.0,26.5,0,1,0.111101,0,0
11,MONDAY,RESIDENCIAL,0.3100,2.93,47.18,0.0,12.5,1,1,0.214497,0,0
8,FRIDAY,RESIDENCIAL,0.0600,2.05,20.11,0.0,32.0,0,0,0.069895,0,0
12,TUESDAY,RURAL,0.3100,2.85,55.58,0.0,19.7,0,1,0.218842,0,1
12,TUESDAY,CONDOMINIO,0.0800,0.84,20.13,1.9,22.5,1,1,0.198932,0,0
20,SATURDAY,RESIDENCIAL,0.1900,2.89,27.02,0.0,21.9,1,0,0.408138,0,0
7,FRIDAY,RESIDENCIAL,0.1200,10.59,156.34,0.6,23.2,0,1,0.092047,0,0
6,FRIDAY,COMERCIAL,0.2800,4.10,33.07,1.0,24.8,1,1,0.298548,0,1
16,FRIDAY,RURAL,0.3100,4.91,31.62,0.0,19.4,0,0,0.315880,0,1
12,SATURDAY,COMERCIAL,0.1100,3.11,19.33,0.0,17.8,0,0,0.289270,0,0
9,FRIDAY,COMERCIAL,0.0500,8.46,41.20,7.7,24.1,0,1,0.079790,0,0
8,WEDNESDAY,RESIDENCIAL,0.0500,7.89,96.57,0.0,25.9,0,0,0.091250,0,0
15,SATURDAY,COMERCIAL,0.1500,2.87,42.16,0.0,16.0,3,1,0.886993,0,1
15,MONDAY,RESIDENCIAL,0.0500,6.51,76.36,0.0,19.0,0,1,0.054588,0,0
9,SATURDAY,COMERCIAL,0.0800,2.83,39.42,4.4,21.1,0,1,0.185190,0,0
18,MONDAY,RESIDENCIAL,0.1900,2.03,31.02,0.1,19.1,0,0,0.193306,0,0
10,SUNDAY,RESIDENCIAL,0.0600,2.76,80.25,0.0,16.1,0,0,0.060200,0,0
19,SATURDAY,RESIDENCIAL,0.2500,1.37,14.75,3.0,21.5,1,1,0.344851,0,0
17,TUESDAY,RESIDENCIAL,0.0800,1.45,32.59,9.3,16.6,0,1,0.065199,0,0
3,MONDAY,RESIDENCIAL,0.1500,3.62,20.57,1.5,31.0,0,1,0.110100,0,0
6,TUESDAY,RESIDENCIAL,0.2200,4.22,35.20,15.6,27.3,1,1,0.337222,0,0
18,SATURDAY,RESIDENCIAL,0.0600,0.95,17.39,0.0,20.1,0,0,0.107677,0,0
14,SUNDAY,RESIDENCIAL,0.1500,1.39,18.74,0.8,17.3,0,1,0.051745,0,0
16,THURSDAY,RESIDENCIAL,0.1200,2.38,35.61,3.8,15.0,2,1,0.366547,0,0
16,FRIDAY,RESIDENCIAL,0.0900,1.63,11.76,0.0,17.4,0,0,0.072144,0,0
15,FRIDAY,RESIDENCIAL,0.2500,3.21,36.00,3.9,15.0,1,1,0.249693,0,0
13,FRIDAY,CONDOMINIO,0.2800,2.40,14.17,4.9,20.6,2,1,0.650032,0,0
8,SATURDAY,COMERCIAL,0.1100,0.97,14.78,24.8,33.4,0,1,0.415171,0,0
14,TUESDAY,RESIDENCIAL,0.2800,2.67,41.52,0.0,20.9,2,1,0.517700,0,1
8,FRIDAY,CONDOMINIO,0.3100,2.98,66.87,0.9,26.7,0,0,0.270217,0,0
16,SATURDAY,RESIDENCIAL,0.0900,0.60,15.10,0.9,18.9,1,1,0.114447,0,0
7,MONDAY,RURAL,0.1900,2.64,24.02,0.0,29.4,1,1,0.301552,0,0
16,SATURDAY,COMERCIAL,0.2200,5.43,30.57,0.0,12.0,0,0,0.384150,0,1
7,THURSDAY,CONDOMINIO,0.1900,1.85,41.23,0.0,29.7,0,1,0.105757,0,0
12,THURSDAY,RESIDENCIAL,0.1900,1.07,35.24,0.0,16.3,2,1,0.390243,0,0
13,THURSDAY,RESIDENCIAL,0.1900,14.87,40.81,0.0,19.2,0,1,0.097880,0,0
16,THURSDAY,RESIDENCIAL,0.0800,3.77,51.19,0.0,18.8,0,0,0.086670,0,0
6,FRIDAY,RESIDENCIAL,0.0500,4.15,41.27,2.9,34.3,0,0,0.089915,0,0
6,TUESDAY,RURAL,0.3100,2.50,26.43,6.6,34.0,0,1,0.256397,0,0
12,SATURDAY,RESIDENCIAL,0.0600,4.64,37.41,0.0,21.4,0,0,0.074719,0,0
7,SATURDAY,RURAL,0.3100,3.43,27.11,0.0,23.9,0,1,0.162763,0,0
9,WEDNESDAY,RESIDENCIAL,0.0600,1.31,58.60,0.0,21.9,0,0,0.065691,0,0
12,FRIDAY,CONDOMINIO,0.1200,3.32,40.42,23.8,19.4,1,0,0.594760,0,0
23,WEDNESDAY,RESIDENCIAL,0.1900,0.38,4.99,0.0,25.7,1,0,0.355136,0,0
8,FRIDAY,COMERCIAL,0.1500,7.91,33.01,0.0,26.8,0,1,0.084385,0,0
12,WEDNESDAY,RESIDENCIAL,0.0500,2.41,47.16,0.0,22.4,1,0,0.205362,0,1
10,THURSDAY,RESIDENCIAL,0.2500,3.52,53.76,0.0,19.0,1,0,0.306409,0,0
16,WEDNESDAY,RESIDENCIAL,0.1900,2.35,55.63,0.0,22.6,0,0,0.135085,0,0
13,TUESDAY,RESIDENCIAL,0.1900,1.01,43.85,4.0,19.1,0,0,0.138554,0,0
15,SATURDAY,RESIDENCIAL,0.2200,8.48,98.47,0.0,16.8,1,1,0.253862,0,0
11,WEDNESDAY,RESIDENCIAL,0.0600,3.45,47.53,0.0,21.8,0,1,0.039255,0,0
17,THURSDAY,COMERCIAL,0.2800,2.17,28.60,0.0,23.4,0,1,0.136656,0,0
7,SUNDAY,CONDOMINIO,0.0500,2.59,39.84,0.0,25.4,0,0,0.089652,0,0
8,TUESDAY,CONDOMINIO,0.1200,2.47,69.97,0.0,25.3,0,1,0.085304,0,0
15,SUNDAY,RURAL,0.3100,7.50,90.90,0.0,15.6,0,0,0.343688,0,0
15,WEDNESDAY,COMERCIAL,0.0900,25.56,75.78,0.0,20.0,0,0,0.206217,0,1
14,THURSDAY,RESIDENCIAL,0.2200,4.32,9.61,0.0,16.0,0,1,0.072188,0,0
8,FRIDAY,COMERCIAL,0.0900,1.37,12.73,0.0,24.4,0,1,0.051328,0,0
16,SUNDAY,RESIDENCIAL,0.2800,4.66,70.25,8.4,17.1,2,0,0.728594,1,0
7,SATURDAY,CONDOMINIO,0.1900,6.63,70.98,0.0,24.1,0,1,0.108290,0,0
1,THURSDAY,RESIDENCIAL,0.0600,2.15,34.84,0.0,26.6,0,1,0.070117,0,0
15,SUNDAY,RESIDENCIAL,0.0500,1.14,54.00,11.5,16.6,2,1,0.376132,0,0
21,TUESDAY,RESIDENCIAL,0.3100,3.45,42.88,0.8,23.5,1,1,0.451099,0,0
7,WEDNESDAY,RURAL,0.2800,2.49,54.69,0.0,23.7,1,1,0.383436,0,0
6,MONDAY,RESIDENCIAL,0.1900,3.23,81.29,4.2,26.7,0,0,0.153022,0,0
17,FRIDAY,RESIDENCIAL,0.2200,2.57,43.54,5.3,21.2,2,0,0.652696,0,1
13,THURSDAY,RESIDENCIAL,0.1100,1.04,19.96,0.0,15.6,0,1,0.045557,0,0
11,MONDAY,CONDOMINIO,0.2800,2.82,37.96,0.0,23.7,1,0,0.441849,0,1
6,SUNDAY,COMERCIAL,0.1200,4.17,70.43,0.0,26.0,0,1,0.220281,0,0
16,WEDNESDAY,RESIDENCIAL,0.0900,1.70,18.47,0.0,17.3,0,1,0.044040,0,0
17,SATURDAY,CONDOMINIO,0.1900,2.51,10.46,0.0,16.1,2,1,0.459238,0,0
14,SUNDAY,COMERCIAL,0.2800,1.82,23.94,4.2,25.1,2,1,0.852238,0,1
10,TUESDAY,RESIDENCIAL,0.0900,1.78,56.92,0.7,24.1,0,0,0.079123,0,0
17,TUESDAY,RESIDENCIAL,0.1200,0.82,31.06,0.0,17.9,2,1,0.327997,0,0
10,WEDNESDAY,RESIDENCIAL,0.1500,11.78,143.02,14.8,19.6,0,0,0.254374,0,0
17,MONDAY,COMERCIAL,0.3100,2.48,39.09,0.0,17.6,1,1,0.334113,0,0
17,WEDNESDAY,RESIDENCIAL,0.1200,11.98,117.31,1.0,25.4,2,1,0.525413,0,1
17,FRIDAY,COMERCIAL,0.1500,0.93,25.79,0.0,12.9,0,0,0.112487,0,0
14,MONDAY,CONDOMINIO,0.0600,1.46,11.63,0.0,14.3,0,1,0.055149,0,0
19,WEDNESDAY,RESIDENCIAL,0.1100,2.46,42.02,0.0,23.7,0,0,0.167086,0,0
7,THURSDAY,COMERCIAL,0.0600,1.47,44.83,0.0,27.7,2,1,0.345262,0,0
9,TUESDAY,COMERCIAL,0.2200,1.48,16.54,0.0,24.8,0,1,0.085423,0,0
7,FRIDAY,RESIDENCIAL,0.1500,2.22,28.26,0.0,26.4,0,1,0.054503,0,0
14,THURSDAY,CONDOMINIO,0.0500,1.04,38.82,0.0,12.6,1,1,0.152294,0,0
12,MONDAY,RESIDENCIAL,0.0800,9.15,129.05,0.0,17.7,1,1,0.200840,0,0
16,FRIDAY,COMERCIAL,0.3100,0.94,11.30,1.2,17.5,0,0,0.207954,0,1
12,SATURDAY,RESIDENCIAL,0.2500,1.30,14.95,0.0,21.1,0,0,0.126121,0,0
11,MONDAY,CONDOMINIO,0.3100,1.23,16.86,12.5,23.6,0,1,0.209605,1,1
16,THURSDAY,RESIDENCIAL,0.0800,5.94,96.31,0.0,17.3,0,0,0.104307,0,0
9,SUNDAY,RESIDENCIAL,0.1900,2.22,40.61,0.0,23.4,0,0,0.095000,0,0
13,TUESDAY,CONDOMINIO,0.1100,4.95,46.43,0.0,19.6,0,0,0.146975,0,0
8,WEDNESDAY,COMERCIAL,0.2200,2.01,33.25,0.0,27.9,0,1,0.097198,0,0
7,WEDNESDAY,COMERCIAL,0.2500,2.02,44.80,0.0,25.4,0,0,0.173317,0,0
11,SUNDAY,COMERCIAL,0.1100,6.01,97.66,0.0,23.0,0,0,0.340940,0,0
11,WEDNESDAY,RESIDENCIAL,0.2800,6.06,87.89,11.0,19.8,0,0,0.252384,0,0
9,THURSDAY,RESIDENCIAL,0.1100,1.10,21.67,0.0,21.5,0,1,0.040472,0,0
15,MONDAY,RESIDENCIAL,0.1100,8.36,100.42,1.1,16.4,0,1,0.077857,0,0
9,TUESDAY,RESIDENCIAL,0.2800,4.53,47.32,0.0,22.3,1,1,0.234788,0,1
17,WEDNESDAY,RESIDENCIAL,0.0900,2.28,42.30,0.0,15.4,0,1,0.047165,0,0
21,SUNDAY,CONDOMINIO,0.1900,1.24,16.74,2.2,27.8,0,0,0.291721,0,0
12,TUESDAY,RESIDENCIAL,0.0600,1.83,38.20,0.0,16.9,0,1,0.042150,0,1
10,WEDNESDAY,RESIDENCIAL,0.1100,11.93,70.77,4.7,20.6,0,1,0.075497,0,0
18,WEDNESDAY,RESIDENCIAL,0.1900,3.65,62.14,0.0,21.6,1,1,0.338902,0,0
13,FRIDAY,CONDOMINIO,0.1100,6.73,92.62,0.0,17.6,0,1,0.107238,0,1
6,WEDNESDAY,COMERCIAL,0.0600,2.10,33.39,0.0,31.6,1,0,0.241964,0,0
13,FRIDAY,RESIDENCIAL,0.1100,1.26,23.95,0.0,19.8,1,1,0.137442,0,0
7,SATURDAY,COMERCIAL,0.2500,2.44,58.04,5.1,25.9,0,1,0.352210,0,0
15,THURSDAY,RESIDENCIAL,0.0900,4.17,44.56,2.0,15.8,0,0,0.090998,0,0
18,TUESDAY,RESIDENCIAL,0.1500,3.61,30.08,0.0,19.3,2,0,0.656237,0,0
16,SATURDAY,RESIDENCIAL,0.2500,2.16,46.06,0.0,19.7,2,0,0.594413,0,1
15,WEDNESDAY,RESIDENCIAL,0.3100,3.82,26.11,4.0,20.5,1,1,0.316466,0,0
14,TUESDAY,COMERCIAL,0.3100,4.15,62.76,0.0,22.3,0,1,0.173760,0,0
7,MONDAY,RESIDENCIAL,0.2200,2.46,19.94,0.0,31.0,0,0,0.123603,0,0
13,THURSDAY,CONDOMINIO,0.0800,3.29,67.05,0.0,24.0,1,0,0.343091,0,0
11,SUNDAY,RESIDENCIAL,0.2800,2.36,56.73,0.0,25.2,1,0,0.334015,1,0
13,THURSDAY,COMERCIAL,0.1200,4.29,16.04,0.0,22.3,0,1,0.075677,0,0
7,THURSDAY,RESIDENCIAL,0.1900,6.46,58.36,0.0,31.7,3,1,0.718885,0,1
11,MONDAY,COMERCIAL,0.1100,5.01,40.25,1.8,20.9,0,1,0.067562,0,0
12,MONDAY,RESIDENCIAL,0.3100,11.39,168.64,0.0,15.8,0,1,0.200257,0,0
14,TUESDAY,CONDOMINIO,0.2800,3.70,51.71,0.0,16.3,1,1,0.353278,0,1
17,FRIDAY,COMERCIAL,0.2800,1.39,26.03,0.0,22.3,0,1,0.130661,0,0
9,FRIDAY,COMERCIAL,0.0500,9.24,74.49,0.0,22.6,1,0,0.265214,0,0
18,SUNDAY,RESIDENCIAL,0.0600,7.48,58.38,2.6,14.3,1,1,0.225049,0,0
14,TUESDAY,COMERCIAL,0.1500,1.57,16.81,3.2,20.4,0,1,0.087743,0,0
12,MONDAY,RESIDENCIAL,0.0600,4.93,85.14,0.0,16.9,0,0,0.090447,0,0
13,MONDAY,RESIDENCIAL,0.0900,18.43,184.55,0.0,17.9,0,1,0.120994,0,0
13,FRIDAY,RESIDENCIAL,0.0600,2.16,47.73,0.0,18.7,0,1,0.045604,1,1
20,MONDAY,CONDOMINIO,0.2200,1.56,53.97,3.3,23.3,0,1,0.249624,0,0
7,MONDAY,CONDOMINIO,0.1500,18.68,233.42,0.0,29.4,0,1,0.247625,0,1
3,THURSDAY,CONDOMINIO,0.1900,2.33,39.10,1.6,27.7,0,0,0.279016,0,1
15,MONDAY,RESIDENCIAL,0.2500,4.40,58.06,0.0,19.8,0,1,0.103237,1,1
13,THURSDAY,RESIDENCIAL,0.0600,2.65,14.94,0.0,22.9,0,0,0.074056,0,0
9,THURSDAY,RESIDENCIAL,0.2500,9.09,54.05,0.0,25.6,0,1,0.100241,0,0
17,SUNDAY,COMERCIAL,0.0800,2.89,14.40,1.4,16.6,0,1,0.174344,0,0
20,MONDAY,RESIDENCIAL,0.0500,3.10,33.23,8.6,22.6,0,1,0.113994,0,0
17,SATURDAY,RESIDENCIAL,0.0900,4.00,80.50,0.0,16.6,3,1,0.602047,0,0
16,SUNDAY,RESIDENCIAL,0.1500,6.36,83.96,0.0,16.2,0,1,0.070361,0,0
13,SUNDAY,CONDOMINIO,0.1100,0.74,42.08,0.4,16.3,0,1,0.070490,0,0
11,THURSDAY,RESIDENCIAL,0.1500,3.39,47.37,0.0,19.7,0,1,0.053062,0,0
15,TUESDAY,CONDOMINIO,0.0900,2.82,73.09,0.0,16.6,0,0,0.136445,0,0
7,MONDAY,RESIDENCIAL,0.1200,1.85,70.85,0.0,25.5,1,0,0.234989,0,0
18,THURSDAY,CONDOMINIO,0.3100,0.57,16.44,4.3,21.2,0,1,0.286491,0,1
12,THURSDAY,RESIDENCIAL,0.0800,0.85,7.74,0.0,24.3,0,1,0.045573,0,0
16,MONDAY,RURAL,0.2800,4.34,29.54,0.0,25.2,0,1,0.205978,0,1
17,WEDNESDAY,RESIDENCIAL,0.0900,1.64,24.25,0.0,19.9,1,0,0.205217,0,0
9,SUNDAY,COMERCIAL,0.1900,1.79,30.29,0.0,20.7,0,0,0.318627,0,1
12,SUNDAY,CONDOMINIO,0.0800,2.34,25.96,0.0,20.0,0,1,0.064909,0,1
20,TUESDAY,CONDOMINIO,0.2500,8.24,120.50,0.0,19.9,1,1,0.583219,0,0
9,MONDAY,RURAL,0.2800,1.73,53.17,0.0,22.0,0,1,0.163274,0,0
21,WEDNESDAY,RESIDENCIAL,0.2500,4.15,51.32,25.0,21.6,0,1,0.393179,0,1
19,WEDNESDAY,RESIDENCIAL,0.0900,7.49,80.66,1.0,21.2,1,0,0.422844,0,0
15,SATURDAY,RESIDENCIAL,0.1900,1.59,44.45,3.2,21.5,0,0,0.130284,0,0
11,WEDNESDAY,RESIDENCIAL,0.0600,3.31,21.76,4.7,25.8,1,0,0.203800,0,0
13,TUESDAY,CONDOMINIO,0.1200,4.34,44.28,11.9,15.9,0,0,0.217400,0,0
8,SUNDAY,COMERCIAL,0.1900,1.43,39.36,0.0,28.8,0,1,0.245861,0,0
7,TUESDAY,RURAL,0.2200,2.52,7.18,2.9,22.6,0,1,0.130587,0,0
11,WEDNESDAY,RESIDENCIAL,0.1100,5.11,95.75,3.3,20.7,0,1,0.066810,0,0
6,SUNDAY,CONDOMINIO,0.2500,0.83,34.66,0.0,27.8,1,1,0.271978,0,1
13,SATURDAY,COMERCIAL,0.2500,2.13,77.99,0.0,17.7,0,1,0.336085,0,0
17,TUESDAY,RESIDENCIAL,0.2800,1.97,32.65,0.0,18.3,0,0,0.156547,0,0
16,SUNDAY,RESIDENCIAL,0.2800,0.45,25.05,5.2,17.2,0,0,0.162390,0,0
9,SATURDAY,RESIDENCIAL,0.0900,2.93,54.03,0.0,22.7,0,1,0.041224,1,1
8,SATURDAY,RESIDENCIAL,0.1500,1.36,16.87,0.0,25.7,0,1,0.045891,0,0
8,SATURDAY,RESIDENCIAL,0.0900,3.62,34.68,14.3,31.0,0,0,0.136193,0,0
12,WEDNESDAY,RESIDENCIAL,0.1200,6.05,48.36,0.0,19.2,0,1,0.063488,0,0
17,WEDNESDAY,RESIDENCIAL,0.0600,2.46,67.88,0.0,20.1,0,1,0.050932,0,0
19,FRIDAY,CONDOMINIO,0.3100,3.90,32.66,1.8,21.8,0,1,0.296325,0,0
11,MONDAY,RESIDENCIAL,0.0500,1.26,24.03,0.0,16.1,1,0,0.135828,0,0
21,TUESDAY,COMERCIAL,0.1100,4.01,43.43,0.0,25.7,0,1,0.145290,0,0
8,SUNDAY,RESIDENCIAL,0.2200,0.41,48.12,0.0,22.5,0,1,0.061962,0,0
6,SATURDAY,RESIDENCIAL,0.1100,2.14,39.45,0.0,29.2,0,0,0.078370,0,0
11,WEDNESDAY,RESIDENCIAL,0.0500,5.58,33.30,0.0,22.8,0,1,0.038372,0,0
19,SATURDAY,COMERCIAL,0.3100,3.94,92.02,7.1,22.9,0,1,0.664649,0,0
21,TUESDAY,RESIDENCIAL,0.1900,5.16,78.81,0.0,24.5,0,1,0.167178,0,0
16,MONDAY,CONDOMINIO,0.0800,1.50,14.20,0.0,13.4,0,1,0.059095,0,0
16,SATURDAY,RESIDENCIAL,0.2500,1.73,26.73,0.0,21.9,3,1,0.708512,0,1
21,SATURDAY,RESIDENCIAL,0.2200,3.93,67.82,3.6,23.8,3,0,0.911938,0,1
12,THURSDAY,RESIDENCIAL,0.0500,2.08,42.50,6.4,21.8,0,1,0.059861,0,0
12,SATURDAY,COMERCIAL,0.1500,5.12,82.27,0.0,16.5,0,0,0.386293,0,0
11,FRIDAY,RURAL,0.3100,4.05,59.12,0.0,24.2,0,1,0.199684,0,0
10,TUESDAY,COMERCIAL,0.1100,1.57,55.07,8.5,23.9,1,0,0.345253,0,0
12,SATURDAY,COMERCIAL,0.1100,7.82,92.50,1.9,16.1,1,1,0.528220,0,1
11,SUNDAY,RESIDENCIAL,0.1500,0.91,12.14,0.0,19.8,0,1,0.039822,0,0
13,SUNDAY,RESIDENCIAL,0.2800,1.63,36.94,0.0,13.4,2,1,0.444359,0,0
9,FRIDAY,COMERCIAL,0.1100,3.41,43.18,0.0,24.5,0,0,0.107933,0,0
13,SUNDAY,COMERCIAL,0.1100,7.99,100.83,11.7,17.3,0,1,0.381207,0,0
18,MONDAY,RESIDENCIAL,0.1200,0.50,47.71,0.0,21.2,0,0,0.162103,0,0
16,TUESDAY,RESIDENCIAL,0.1100,2.71,25.97,0.0,21.7,1,0,0.230699,0,1
9,THURSDAY,RESIDENCIAL,0.2500,2.57,33.87,0.0,26.1,0,0,0.132588,0,0
10,SUNDAY,COMERCIAL,0.2500,3.04,64.57,5.4,26.2,2,0,0.900364,0,1
15,TUESDAY,RESIDENCIAL,0.0500,0.92,56.68,0.0,20.0,1,0,0.197772,0,0
8,THURSDAY,RESIDENCIAL,0.2500,2.30,37.97,0.0,27.8,0,1,0.084353,0,0
6,SUNDAY,RESIDENCIAL,0.0500,3.30,56.81,0.0,28.8,3,1,0.533883,0,0
10,THURSDAY,RURAL,0.3100,1.01,23.54,0.0,20.2,0,1,0.156225,0,0
10,FRIDAY,RESIDENCIAL,0.1200,6.07,92.37,0.0,27.5,1,1,0.182609,0,0
11,SUNDAY,RESIDENCIAL,0.2800,2.53,42.28,0.0,24.3,0,0,0.134513,0,0
14,SATURDAY,RESIDENCIAL,0.0600,1.67,54.83,0.0,14.8,2,1,0.268366,0,1
16,TUESDAY,CONDOMINIO,0.2200,1.62,17.55,0.0,17.6,0,1,0.108389,0,0
21,SATURDAY,RESIDENCIAL,0.0900,3.08,24.86,0.4,21.8,0,0,0.134754,0,0
11,TUESDAY,RESIDENCIAL,0.0800,5.54,37.32,0.0,22.5,0,1,0.043429,0,0
10,SATURDAY,RESIDENCIAL,0.1100,0.69,22.25,0.6,22.2,2,1,0.262551,0,0
7,FRIDAY,RESIDENCIAL,0.0900,1.66,30.61,0.0,32.2,0,0,0.080760,0,1
8,TUESDAY,RESIDENCIAL,0.2500,3.95,26.15,3.4,28.5,2,1,0.494088,0,0
14,THURSDAY,CONDOMINIO,0.1100,3.64,27.18,7.0,13.0,1,1,0.243188,0,0
10,MONDAY,COMERCIAL,0.1900,5.41,48.34,0.0,21.1,0,0,0.143148,0,0
21,THURSDAY,CONDOMINIO,0.1900,4.42,42.48,0.0,22.3,0,1,0.203659,0,1
7,TUESDAY,CONDOMINIO,0.0600,3.61,28.97,0.0,28.5,1,1,0.170248,0,1
22,WEDNESDAY,RESIDENCIAL,0.0800,4.17,25.95,8.9,23.5,0,0,0.167779,0,0
7,SATURDAY,CONDOMINIO,0.2200,2.23,57.65,0.0,28.5,0,0,0.180398,0,0
11,TUESDAY,CONDOMINIO,0.3100,1.91,36.17,0.0,21.2,1,0,0.451758,0,0
6,FRIDAY,RURAL,0.2500,2.95,24.59,0.0,24.5,0,0,0.224803,0,0
13,SATURDAY,RESIDENCIAL,0.1500,6.57,90.17,0.0,17.7,0,1,0.074394,0,0
7,FRIDAY,RESIDENCIAL,0.2500,2.52,39.55,0.0,25.6,1,0,0.317172,0,0
9,MONDAY,CONDOMINIO,0.0900,2.50,29.84,0.0,26.0,0,1,0.066724,0,0
1,WEDNESDAY,CONDOMINIO,0.1500,5.50,97.29,0.0,26.3,0,1,0.190411,0,0
6,MONDAY,RESIDENCIAL,0.0900,19.94,250.00,2.2,30.1,0,0,0.261054,0,0
12,TUESDAY,CONDOMINIO,0.2200,7.52,34.69,0.0,19.6,0,1,0.135727,0,0
10,TUESDAY,RESIDENCIAL,0.2200,2.52,31.48,0.0,22.9,0,1,0.067668,0,0
20,SUNDAY,RESIDENCIAL,0.2200,1.07,62.75,0.0,24.7,0,0,0.231787,0,0
11,WEDNESDAY,COMERCIAL,0.0500,0.72,31.01,0.0,24.5,0,0,0.078135,0,0
16,WEDNESDAY,RESIDENCIAL,0.2800,1.98,28.86,4.4,17.0,0,1,0.111347,0,0
16,THURSDAY,RESIDENCIAL,0.0600,2.40,43.10,0.0,16.7,0,1,0.043372,0,0
16,FRIDAY,RESIDENCIAL,0.0500,3.39,29.64,5.1,19.2,0,1,0.052991,0,0
9,FRIDAY,RESIDENCIAL,0.2800,1.63,40.75,1.2,25.4,0,1,0.094127,0,0
12,THURSDAY,RESIDENCIAL,0.0600,3.54,55.81,0.1,20.6,0,1,0.050606,0,0
19,TUESDAY,COMERCIAL,0.1500,3.60,18.77,0.0,19.9,0,1,0.137416,0,1
15,WEDNESDAY,RESIDENCIAL,0.1200,6.50,30.29,0.0,15.6,0,1,0.056023,0,0
7,SATURDAY,COMERCIAL,0.0500,1.62,15.29,0.0,28.5,3,1,0.820783,0,1
13,WEDNESDAY,COMERCIAL,0.0800,10.08,94.50,0.0,21.7,0,0,0.158958,0,0
10,THURSDAY,COMERCIAL,0.0600,4.96,36.09,0.0,25.0,0,0,0.091818,0,0
6,WEDNESDAY,RESIDENCIAL,0.0500,9.91,139.92,10.7,27.2,0,1,0.107449,0,0
10,THURSDAY,RURAL,0.1500,1.51,12.19,1.3,25.0,2,0,0.632977,0,1
8,WEDNESDAY,RESIDENCIAL,0.1900,1.63,15.68,5.2,24.8,0,1,0.071989,0,0
15,THURSDAY,COMERCIAL,0.2200,1.79,40.79,7.3,14.8,0,0,0.207907,0,0
12,WEDNESDAY,RESIDENCIAL,0.0900,1.35,36.89,0.0,15.4,0,0,0.075810,0,0
19,THURSDAY,CONDOMINIO,0.1200,3.04,45.94,0.0,20.8,0,1,0.155219,0,1
21,FRIDAY,RESIDENCIAL,0.1500,1.59,8.91,0.0,18.8,0,1,0.095469,0,0
14,SATURDAY,CONDOMINIO,0.0600,1.02,52.35,0.0,18.6,0,1,0.062791,0,0
10,MONDAY,RURAL,0.3100,3.92,47.78,0.0,23.2,0,1,0.188945,0,0
8,TUESDAY,CONDOMINIO,0.0500,3.04,46.40,0.0,28.2,0,0,0.106748,0,0
9,THURSDAY,COMERCIAL,0.0800,3.22,53.64,0.0,23.3,1,0,0.246208,0,0
19,MONDAY,RESIDENCIAL,0.0500,7.31,84.29,0.0,25.3,0,0,0.178860,0,0
7,WEDNESDAY,RESIDENCIAL,0.1900,4.85,91.88,22.7,28.5,0,0,0.318705,0,0
6,WEDNESDAY,RESIDENCIAL,0.3100,1.04,18.97,1.4,26.7,0,1,0.098756,0,1
6,WEDNESDAY,RURAL,0.2200,4.46,75.74,0.0,25.1,2,0,0.749596,0,0
14,FRIDAY,RESIDENCIAL,0.2800,5.40,70.29,0.0,23.5,0,1,0.130807,1,1
12,SUNDAY,COMERCIAL,0.2200,0.79,26.35,0.0,19.9,1,1,0.525765,0,0
8,SATURDAY,RESIDENCIAL,0.2500,0.94,18.56,11.4,27.6,1,0,0.392394,0,1
9,THURSDAY,COMERCIAL,0.0800,3.26,65.12,0.0,25.9,0,1,0.064766,0,0
11,SUNDAY,COMERCIAL,0.2800,6.32,68.64,0.0,27.1,3,1,0.939605,0,1
13,SUNDAY,COMERCIAL,0.1200,6.30,58.27,19.8,19.1,0,1,0.436244,0,0
21,WEDNESDAY,RURAL,0.1900,4.07,44.85,7.2,24.5,1,0,0.712007,0,1
14,MONDAY,RESIDENCIAL,0.1200,3.46,46.64,0.0,12.0,0,0,0.086516,0,0
8,SUNDAY,COMERCIAL,0.2200,3.61,30.82,12.9,31.4,0,1,0.413875,0,1
7,TUESDAY,RESIDENCIAL,0.1900,3.37,45.72,4.1,27.5,0,1,0.084064,0,0
9,MONDAY,RESIDENCIAL,0.1500,1.73,33.52,0.0,30.5,0,1,0.059375,0,0
20,MONDAY,RESIDENCIAL,0.2500,2.03,19.52,0.0,18.7,0,0,0.223190,0,0
13,FRIDAY,RESIDENCIAL,0.0600,1.36,8.17,5.2,19.9,0,1,0.049204,0,0
14,MONDAY,RESIDENCIAL,0.1100,4.31,55.90,0.0,20.8,2,0,0.509336,0,0
13,FRIDAY,COMERCIAL,0.1500,24.23,250.00,0.0,15.7,0,0,0.370459,0,1
8,TUESDAY,RESIDENCIAL,0.0900,5.17,25.81,0.0,26.6,0,1,0.046287,0,0
10,TUESDAY,RESIDENCIAL,0.2800,1.08,6.98,24.8,24.7,2,1,0.697394,0,1
5,FRIDAY,RESIDENCIAL,0.0800,1.48,19.49,0.0,26.7,0,1,0.070369,0,0
20,TUESDAY,RESIDENCIAL,0.1100,1.96,32.15,9.9,22.0,2,1,0.599432,0,0
21,TUESDAY,RESIDENCIAL,0.2200,4.94,104.58,0.0,23.5,1,0,0.560162,0,1
12,SUNDAY,RESIDENCIAL,0.0500,6.86,78.76,11.7,21.2,0,0,0.140281,0,0
17,SATURDAY,RESIDENCIAL,0.0800,13.82,97.78,0.0,24.2,0,0,0.129051,0,0
11,WEDNESDAY,CONDOMINIO,0.1500,3.08,45.01,0.8,20.0,0,0,0.135058,0,0
9,WEDNESDAY,RESIDENCIAL,0.1100,3.30,57.58,0.0,25.7,0,0,0.088412,0,0
6,WEDNESDAY,COMERCIAL,0.2800,3.08,25.29,0.0,29.1,1,0,0.420715,0,0
12,WEDNESDAY,RESIDENCIAL,0.1900,3.29,37.57,0.0,20.1,0,0,0.123958,0,0
13,THURSDAY,RESIDENCIAL,0.0600,2.62,40.50,18.4,20.9,0,0,0.162942,0,0
15,FRIDAY,RESIDENCIAL,0.1900,7.36,97.58,0.0,13.1,1,0,0.342161,0,0
18,SUNDAY,RESIDENCIAL,0.0600,3.80,14.55,7.1,20.6,0,1,0.093189,0,1
8,SUNDAY,RESIDENCIAL,0.2800,22.49,152.52,0.0,27.6,0,0,0.298245,0,1
6,SUNDAY,RESIDENCIAL,0.1200,8.20,125.71,0.0,26.2,0,0,0.120452,0,1
14,THURSDAY,CONDOMINIO,0.2500,1.65,25.72,0.0,15.9,1,0,0.416327,0,1
6,THURSDAY,RESIDENCIAL,0.3100,6.74,56.31,0.0,33.1,1,1,0.319894,0,1
18,SUNDAY,RESIDENCIAL,0.2200,4.90,54.78,4.8,21.3,1,1,0.392604,0,0
18,THURSDAY,CONDOMINIO,0.1200,3.89,57.99,6.5,16.6,0,1,0.195244,0,0
14,SUNDAY,COMERCIAL,0.2800,2.46,56.47,0.0,13.7,2,0,0.884053,0,1
19,SUNDAY,COMERCIAL,0.3100,3.42,70.49,0.5,21.3,0,0,0.691248,0,0
15,THURSDAY,RESIDENCIAL,0.1100,2.09,42.87,2.6,22.2,0,0,0.106665,0,0
10,FRIDAY,COMERCIAL,0.1500,1.14,37.81,0.0,20.9,0,1,0.065850,0,0
17,TUESDAY,RESIDENCIAL,0.0600,3.11,34.24,0.0,16.1,1,1,0.116779,0,0
12,FRIDAY,RESIDENCIAL,0.0500,2.08,44.67,0.0,15.3,1,1,0.112713,0,0
8,THURSDAY,COMERCIAL,0.3100,1.70,11.97,0.6,24.8,0,0,0.190522,0,1
14,MONDAY,RESIDENCIAL,0.0800,7.92,82.38,0.0,15.1,1,0,0.249650,0,0
18,WEDNESDAY,RESIDENCIAL,0.0500,3.62,63.22,0.0,20.6,1,1,0.223633,0,0
10,SATURDAY,RESIDENCIAL,0.1200,30.00,240.48,4.1,30.3,0,0,0.327926,0,0
16,FRIDAY,CONDOMINIO,0.1100,6.79,43.58,0.0,21.7,2,0,0.626696,0,1
9,TUESDAY,RESIDENCIAL,0.0900,0.78,24.00,0.0,17.5,0,1,0.034740,0,0
14,WEDNESDAY,RURAL,0.2800,4.51,76.69,0.0,17.0,0,1,0.210737,0,0
10,FRIDAY,RESIDENCIAL,0.1100,2.34,46.03,0.0,21.0,0,1,0.045331,0,0
16,MONDAY,RESIDENCIAL,0.1200,0.93,25.48,0.0,17.8,1,1,0.137190,0,1
12,SATURDAY,COMERCIAL,0.2200,1.86,61.50,9.3,23.5,0,1,0.416052,0,0
7,TUESDAY,RURAL,0.1900,1.79,43.04,0.0,24.2,0,0,0.191686,0,0
21,WEDNESDAY,COMERCIAL,0.1500,3.28,77.24,0.0,20.3,2,1,0.644960,0,1
15,WEDNESDAY,RURAL,0.2800,2.96,15.54,0.0,15.6,1,0,0.504540,0,1
9,WEDNESDAY,RESIDENCIAL,0.1100,0.99,30.59,2.7,25.5,0,1,0.050623,0,0
6,SATURDAY,RESIDENCIAL,0.2200,0.72,20.47,0.0,28.2,0,1,0.062613,0,0
6,SUNDAY,RESIDENCIAL,0.1900,1.48,20.78,0.0,30.0,0,1,0.058974,0,1
15,SATURDAY,RESIDENCIAL,0.1500,1.33,24.00,0.0,18.4,1,1,0.141517,0,0
12,SATURDAY,COMERCIAL,0.2500,19.28,103.32,0.9,25.2,1,0,0.844195,0,1
10,THURSDAY,CONDOMINIO,0.3100,5.71,66.53,0.0,18.0,0,1,0.155627,0,0
13,SATURDAY,CONDOMINIO,0.1900,4.83,57.64,0.0,19.2,0,0,0.181727,0,0
9,FRIDAY,RESIDENCIAL,0.1200,7.79,97.23,0.0,20.9,0,1,0.064868,0,0
19,FRIDAY,RESIDENCIAL,0.1100,6.32,82.85,0.6,24.9,0,0,0.214906,0,0
15,FRIDAY,COMERCIAL,0.0600,4.85,65.84,0.9,15.0,0,1,0.066926,0,0
18,THURSDAY,RESIDENCIAL,0.2500,1.93,31.40,0.0,22.1,1,1,0.357978,0,0
16,FRIDAY,RESIDENCIAL,0.2200,6.44,48.71,0.0,22.6,1,1,0.247468,0,1
16,THURSDAY,CONDOMINIO,0.1900,0.95,35.18,3.5,21.9,0,1,0.126747,0,0
12,MONDAY,RESIDENCIAL,0.3100,2.17,53.34,0.0,19.2,0,0,0.188714,0,0
10,SATURDAY,COMERCIAL,0.2800,9.69,80.27,0.0,22.1,0,1,0.371761,0,0
12,FRIDAY,RESIDENCIAL,0.2500,1.53,83.06,0.8,21.9,0,1,0.113497,0,0
17,TUESDAY,CONDOMINIO,0.2500,3.05,64.86,0.0,18.0,0,1,0.147504,0,0
13,SATURDAY,COMERCIAL,0.0800,6.16,64.13,0.0,18.1,0,1,0.212909,1,1
14,FRIDAY,RESIDENCIAL,0.0800,1.44,14.29,0.0,26.3,0,1,0.049227,0,0
15,MONDAY,RURAL,0.3100,1.21,23.41,0.0,19.8,0,1,0.191528,0,0
15,SATURDAY,COMERCIAL,0.2200,2.44,17.13,0.0,17.7,1,1,0.515875,0,1
8,FRIDAY,CONDOMINIO,0.3100,3.74,51.72,0.0,23.3,0,0,0.241656,0,1
18,MONDAY,COMERCIAL,0.1900,4.19,58.86,0.0,17.5,1,1,0.389406,0,0
16,THURSDAY,RESIDENCIAL,0.0600,2.28,41.52,4.3,21.3,1,0,0.237322,0,0
12,FRIDAY,RESIDENCIAL,0.1200,2.94,17.21,0.0,25.9,0,1,0.059543,0,0
23,SUNDAY,RESIDENCIAL,0.2800,2.65,54.41,16.8,27.2,0,0,0.402247,0,0
16,MONDAY,CONDOMINIO,0.0800,1.24,17.75,0.0,20.4,0,1,0.067862,0,1
12,FRIDAY,COMERCIAL,0.0500,0.53,7.46,0.0,17.0,0,1,0.046668,0,0
12,MONDAY,CONDOMINIO,0.0500,7.62,112.93,0.0,15.9,0,0,0.149341,0,0
11,FRIDAY,RESIDENCIAL,0.0600,3.70,39.49,0.0,20.0,0,1,0.036986,0,0
15,WEDNESDAY,COMERCIAL,0.0800,2.56,39.60,0.0,22.4,0,0,0.113086,0,0
7,SATURDAY,RURAL,0.1500,1.02,16.30,0.0,25.5,0,0,0.141936,0,1
20,MONDAY,RESIDENCIAL,0.2200,1.08,10.66,0.0,21.9,0,1,0.128716,0,0
11,FRIDAY,RESIDENCIAL,0.0900,5.76,25.78,0.0,20.6,0,0,0.070379,0,0
17,TUESDAY,RESIDENCIAL,0.1500,1.00,48.80,7.8,23.0,0,0,0.152026,0,0
13,WEDNESDAY,COMERCIAL,0.3100,2.30,7.93,0.0,17.8,2,1,0.570826,0,0
14,WEDNESDAY,CONDOMINIO,0.0500,3.83,39.02,5.7,16.0,0,0,0.133349,0,0
7,FRIDAY,CONDOMINIO,0.0800,2.34,53.60,0.0,27.5,0,1,0.071951,0,1
8,THURSDAY,RURAL,0.1900,24.74,108.01,0.0,25.5,0,1,0.244261,0,0
7,THURSDAY,CONDOMINIO,0.0800,3.25,49.93,0.0,30.5,0,0,0.125754,0,0
20,SATURDAY,COMERCIAL,0.2800,1.94,47.94,0.0,24.0,0,1,0.510064,0,1
7,SUNDAY,RESIDENCIAL,0.1900,2.41,49.05,0.0,21.9,0,0,0.095734,0,0
19,THURSDAY,RESIDENCIAL,0.1200,0.87,6.59,0.0,25.3,0,1,0.093988,0,0
16,THURSDAY,COMERCIAL,0.0800,0.14,9.18,3.0,18.9,0,1,0.061412,0,0
16,SATURDAY,CONDOMINIO,0.2800,11.54,140.31,6.6,25.0,3,1,0.925307,0,1
21,WEDNESDAY,RESIDENCIAL,0.2800,3.14,62.82,1.0,22.6,0,0,0.309337,0,0
18,TUESDAY,COMERCIAL,0.0500,3.57,70.64,8.4,17.7,0,1,0.154964,0,1
13,FRIDAY,RESIDENCIAL,0.1500,7.81,81.48,0.0,21.0,0,0,0.140780,0,0
4,THURSDAY,RESIDENCIAL,0.0500,1.43,45.75,0.0,31.2,0,0,0.123765,0,0
15,WEDNESDAY,COMERCIAL,0.2800,1.17,76.26,12.5,14.8,0,0,0.323615,0,0
9,WEDNESDAY,CONDOMINIO,0.2500,0.86,20.60,0.0,24.1,1,1,0.266178,0,0
6,MONDAY,RESIDENCIAL,0.2500,0.86,66.22,0.0,30.3,1,1,0.239100,0,0
12,WEDNESDAY,RESIDENCIAL,0.0600,4.91,28.23,0.0,18.1,0,0,0.074998,0,0
0,MONDAY,RESIDENCIAL,0.0900,0.68,30.58,8.4,28.9,0,0,0.175856,0,0
7,WEDNESDAY,RESIDENCIAL,0.0900,3.66,25.74,0.0,27.0,0,1,0.044979,0,0
8,FRIDAY,RESIDENCIAL,0.1500,1.12,16.41,0.0,23.5,2,1,0.312951,0,1
16,SATURDAY,RESIDENCIAL,0.0800,4.22,62.00,0.0,20.3,0,1,0.051149,0,0
9,TUESDAY,CONDOMINIO,0.0800,8.46,56.31,0.0,20.9,0,0,0.121825,0,0
16,FRIDAY,RESIDENCIAL,0.0800,7.05,59.34,0.0,14.8,0,0,0.089448,0,0
15,SATURDAY,RURAL,0.1500,2.39,14.20,0.0,15.0,2,1,0.479150,0,0
14,MONDAY,RESIDENCIAL,0.3100,7.35,70.59,0.8,24.6,0,0,0.246774,0,1
8,TUESDAY,COMERCIAL,0.0500,4.13,59.98,6.0,25.8,1,1,0.194531,0,0
12,WEDNESDAY,RESIDENCIAL,0.0800,2.79,21.86,0.8,17.5,1,1,0.125999,0,0
9,SUNDAY,RESIDENCIAL,0.0900,1.76,9.04,0.0,22.4,0,0,0.056688,0,0
10,SUNDAY,COMERCIAL,0.0800,0.73,13.61,0.0,23.1,0,0,0.223513,0,1
20,MONDAY,RESIDENCIAL,0.0900,1.05,35.17,0.0,20.4,1,0,0.328480,0,0
12,SATURDAY,RESIDENCIAL,0.3100,2.18,40.28,0.0,23.7,2,1,0.532360,0,0
16,SUNDAY,RESIDENCIAL,0.3100,2.74,17.93,0.0,21.8,0,0,0.163313,0,0
12,WEDNESDAY,CONDOMINIO,0.0900,2.28,43.03,0.0,17.9,0,0,0.124240,0,0
10,WEDNESDAY,RURAL,0.2200,0.84,22.08,0.0,19.8,0,1,0.112577,0,0
15,SATURDAY,CONDOMINIO,0.0800,10.58,161.83,0.0,17.8,0,0,0.195890,0,0
13,FRIDAY,COMERCIAL,0.2200,8.63,53.28,0.0,24.1,2,0,0.719275,0,1
13,SATURDAY,COMERCIAL,0.1500,10.42,87.43,1.9,18.1,0,0,0.452078,0,0
8,SATURDAY,COMERCIAL,0.2800,0.97,13.07,0.0,26.0,0,1,0.282221,0,0
13,FRIDAY,COMERCIAL,0.2500,3.80,46.53,25.0,20.0,1,1,0.575938,0,1
9,SATURDAY,CONDOMINIO,0.0500,1.03,32.28,1.2,26.5,0,1,0.054109,0,0
8,FRIDAY,RURAL,0.2200,4.64,22.41,17.7,23.5,1,1,0.500535,0,0
7,THURSDAY,RESIDENCIAL,0.2500,3.62,19.17,0.0,28.9,0,1,0.082806,0,0
16,TUESDAY,CONDOMINIO,0.0600,0.58,23.15,0.0,18.9,1,1,0.164530,0,0
14,FRIDAY,RESIDENCIAL,0.1200,2.65,38.54,3.6,14.6,0,1,0.060336,0,0
15,SATURDAY,RESIDENCIAL,0.2200,5.90,31.60,0.0,19.2,1,0,0.307443,0,0
11,TUESDAY,RURAL,0.1900,2.37,44.70,7.4,21.7,0,1,0.156441,0,1
8,MONDAY,RESIDENCIAL,0.1500,5.62,51.40,3.8,24.1,0,0,0.119108,0,0
12,FRIDAY,RESIDENCIAL,0.0500,2.15,36.60,0.0,24.6,0,1,0.047072,0,0
7,SUNDAY,RESIDENCIAL,0.1200,0.99,27.48,14.5,23.4,0,1,0.074825,0,0
19,THURSDAY,COMERCIAL,0.0600,1.43,39.10,1.6,19.4,0,1,0.108336,0,0
10,WEDNESDAY,COMERCIAL,0.2500,2.56,46.50,0.0,21.5,1,0,0.372852,0,0
11,TUESDAY,RURAL,0.2500,5.71,73.58,0.0,21.2,0,1,0.169534,0,0
6,TUESDAY,COMERCIAL,0.0500,8.49,30.25,0.0,22.5,1,1,0.145947,0,0
19,WEDNESDAY,COMERCIAL,0.1100,3.16,32.70,4.9,19.5,0,0,0.233313,0,0
17,WEDNESDAY,COMERCIAL,0.0900,4.24,48.89,0.0,21.3,1,0,0.296830,0,1
19,THURSDAY,RESIDENCIAL,0.0800,0.32,17.01,7.3,19.8,0,1,0.101610,0,0
20,THURSDAY,RESIDENCIAL,0.2200,2.68,39.87,0.0,25.3,1,0,0.490621,0,1
16,THURSDAY,RESIDENCIAL,0.1100,4.76,30.81,17.0,17.7,0,0,0.175265,0,0
14,MONDAY,COMERCIAL,0.2200,7.53,50.82,25.0,18.1,2,0,0.870854,0,1
6,SATURDAY,RESIDENCIAL,0.2800,2.26,27.46,4.3,27.8,0,1,0.098486,0,0
7,SATURDAY,RESIDENCIAL,0.0600,7.30,68.68,0.0,24.7,0,1,0.044840,0,0
15,SATURDAY,RESIDENCIAL,0.3100,4.53,18.48,0.0,19.9,0,1,0.102034,0,0
20,MONDAY,RESIDENCIAL,0.2200,0.95,13.34,0.0,19.5,2,1,0.561465,0,1
16,THURSDAY,RESIDENCIAL,0.0600,4.72,73.54,0.0,17.5,0,0,0.087238,0,0
6,THURSDAY,COMERCIAL,0.0800,1.71,49.37,1.2,31.6,1,1,0.181864,0,0
21,THURSDAY,RURAL,0.1900,2.58,27.26,0.0,23.5,0,1,0.232106,0,0
11,TUESDAY,RESIDENCIAL,0.1100,2.93,49.26,0.0,20.8,0,0,0.077722,0,0
17,MONDAY,RESIDENCIAL,0.1900,1.07,24.85,2.9,18.2,1,0,0.295390,0,1
17,TUESDAY,RESIDENCIAL,0.0500,1.00,50.70,0.0,14.4,0,0,0.066970,0,0
13,WEDNESDAY,RESIDENCIAL,0.2500,7.20,93.00,0.0,15.4,2,1,0.539915,0,1
17,FRIDAY,COMERCIAL,0.1900,1.89,26.35,7.3,21.9,0,1,0.127767,0,0
11,MONDAY,RESIDENCIAL,0.1900,5.28,61.06,0.0,23.1,1,0,0.288689,1,1
20,MONDAY,RESIDENCIAL,0.3100,3.67,47.05,4.8,26.3,1,1,0.515483,0,0
16,TUESDAY,RESIDENCIAL,0.2200,1.29,35.99,0.0,14.7,0,0,0.119225,0,1
7,WEDNESDAY,CONDOMINIO,0.2500,5.71,62.28,0.0,30.9,0,1,0.155759,0,0
15,TUESDAY,RESIDENCIAL,0.2500,2.20,31.50,6.0,17.1,0,0,0.174078,0,0
19,SATURDAY,RESIDENCIAL,0.2500,2.21,18.65,4.9,20.2,1,0,0.501087,0,1
23,SUNDAY,RESIDENCIAL,0.0500,1.25,4.00,0.0,27.6,0,1,0.054643,0,0
12,MONDAY,COMERCIAL,0.0900,9.71,81.11,19.0,17.5,0,1,0.187276,0,0
21,TUESDAY,COMERCIAL,0.1100,3.14,52.17,0.0,23.0,0,1,0.140298,0,0
13,FRIDAY,RESIDENCIAL,0.2200,3.79,29.20,4.0,16.1,1,0,0.341538,0,1
10,FRIDAY,RESIDENCIAL,0.0900,2.70,20.28,0.0,22.5,0,1,0.039491,0,0
6,SUNDAY,RESIDENCIAL,0.0500,0.88,15.10,0.0,30.3,1,0,0.152956,0,0
15,FRIDAY,CONDOMINIO,0.1500,5.19,22.56,0.0,16.7,0,1,0.091454,0,0
12,FRIDAY,RESIDENCIAL,0.0600,8.21,34.82,1.4,20.7,0,1,0.055280,0,0
11,FRIDAY,CONDOMINIO,0.1100,4.09,57.66,0.0,25.8,0,1,0.082329,0,0
10,SATURDAY,RESIDENCIAL,0.0800,3.88,51.12,0.0,23.1,3,1,0.533321,0,0
15,SATURDAY,CONDOMINIO,0.2200,5.49,81.76,0.0,12.0,0,0,0.195335,0,0
12,WEDNESDAY,RESIDENCIAL,0.2500,5.25,60.38,0.0,18.9,1,1,0.259373,0,0
15,FRIDAY,RESIDENCIAL,0.1500,3.99,50.68,19.6,15.9,0,0,0.223128,0,0
10,FRIDAY,RESIDENCIAL,0.2200,4.01,20.80,0.0,19.8,1,1,0.169307,0,0
13,TUESDAY,RESIDENCIAL,0.1500,5.10,26.16,2.8,25.7,1,1,0.209514,0,0
7,THURSDAY,RESIDENCIAL,0.3100,1.21,37.03,1.1,26.8,0,1,0.104693,0,1
6,TUESDAY,RESIDENCIAL,0.2800,5.03,66.53,0.0,28.8,3,1,0.775193,0,1
13,MONDAY,RESIDENCIAL,0.2200,5.16,80.12,2.3,16.1,1,0,0.378712,0,0
6,FRIDAY,RESIDENCIAL,0.2500,2.02,54.56,0.0,29.8,0,1,0.092351,0,0
12,TUESDAY,RESIDENCIAL,0.1100,7.36,125.92,0.0,18.7,0,1,0.083301,0,0
11,WEDNESDAY,RESIDENCIAL,0.1900,1.48,36.85,0.0,21.3,2,1,0.359025,0,1
15,FRIDAY,RESIDENCIAL,0.1900,1.89,16.16,0.0,15.9,0,0,0.103390,0,0
7,SATURDAY,RESIDENCIAL,0.1900,9.56,155.98,0.0,24.4,0,1,0.105356,0,0
15,MONDAY,RESIDENCIAL,0.0900,2.43,33.98,0.0,12.0,0,0,0.072203,0,0
9,WEDNESDAY,RURAL,0.2200,16.84,152.56,0.0,27.5,1,1,0.527781,0,1
18,SUNDAY,CONDOMINIO,0.1500,2.43,25.29,3.1,22.2,0,1,0.167341,0,1
4,TUESDAY,CONDOMINIO,0.1500,1.35,37.25,0.0,28.0,2,1,0.608914,0,1
21,FRIDAY,CONDOMINIO,0.2200,1.76,15.40,14.9,19.8,1,0,0.701007,0,1
16,MONDAY,RESIDENCIAL,0.3100,2.02,49.06,0.0,21.4,2,1,0.553480,0,0
7,SUNDAY,RESIDENCIAL,0.0800,0.93,15.01,0.0,23.5,0,0,0.055898,0,0
19,SATURDAY,COMERCIAL,0.1900,7.39,119.71,0.0,24.4,0,1,0.527869,0,0
7,TUESDAY,COMERCIAL,0.0800,2.31,44.44,6.0,24.6,0,1,0.073612,0,0
15,TUESDAY,RESIDENCIAL,0.0500,3.41,92.71,0.0,13.8,0,1,0.048897,0,0
16,THURSDAY,RESIDENCIAL,0.0600,3.41,28.04,5.5,14.4,1,1,0.138585,0,0
11,WEDNESDAY,RESIDENCIAL,0.2800,2.23,33.03,2.1,19.7,0,0,0.141410,0,0
11,FRIDAY,RESIDENCIAL,0.2800,4.88,57.37,0.0,24.5,0,1,0.100786,0,0
17,SATURDAY,RESIDENCIAL,0.0900,1.69,24.05,0.0,18.5,1,0,0.185193,0,0
18,SATURDAY,CONDOMINIO,0.3100,1.67,73.59,0.0,20.0,0,0,0.395586,0,0
15,FRIDAY,RESIDENCIAL,0.1500,3.70,30.58,0.0,17.6,0,0,0.101271,0,0
0,SUNDAY,COMERCIAL,0.2200,1.82,42.08,0.0,26.5,3,0,0.968441,0,1
15,MONDAY,RESIDENCIAL,0.2200,7.70,103.30,5.9,18.2,1,1,0.335191,0,0
6,MONDAY,RURAL,0.2500,2.21,48.90,13.0,26.6,1,1,0.504462,0,0
12,WEDNESDAY,CONDOMINIO,0.2800,1.97,11.81,0.0,19.0,0,0,0.213575,0,1
13,SUNDAY,RESIDENCIAL,0.0900,2.15,24.63,0.0,23.1,0,0,0.077577,0,0
17,MONDAY,COMERCIAL,0.3100,2.64,27.02,5.6,17.8,0,1,0.171090,0,0
13,MONDAY,RESIDENCIAL,0.0800,3.39,18.95,0.0,19.6,1,0,0.201419,0,0
8,SUNDAY,RESIDENCIAL,0.0500,10.84,57.28,0.0,28.8,0,1,0.048620,0,0
8,SATURDAY,RESIDENCIAL,0.2500,1.45,21.66,0.0,25.4,3,1,0.663937,0,0
17,SUNDAY,RESIDENCIAL,0.2800,2.16,37.01,0.0,14.9,1,0,0.325204,0,0
10,WEDNESDAY,RESIDENCIAL,0.0500,1.81,39.78,0.0,21.1,0,1,0.034769,0,0
20,THURSDAY,RESIDENCIAL,0.0500,1.10,7.14,0.8,20.6,0,1,0.069400,0,0
6,SATURDAY,RESIDENCIAL,0.1500,7.28,79.74,0.0,24.1,2,1,0.385317,0,0
2,WEDNESDAY,RESIDENCIAL,0.1100,5.56,20.75,0.9,31.9,1,1,0.247964,0,0
4,TUESDAY,RESIDENCIAL,0.2800,5.94,49.56,20.8,28.4,1,1,0.627321,0,0
12,WEDNESDAY,COMERCIAL,0.1500,0.74,29.94,0.0,20.1,0,1,0.078729,0,0
13,SUNDAY,COMERCIAL,0.0900,5.51,65.06,1.3,19.6,0,1,0.232989,0,0
18,MONDAY,RESIDENCIAL,0.2800,6.27,67.71,25.0,28.2,0,1,0.484153,0,0
7,FRIDAY,RESIDENCIAL,0.3100,3.60,50.72,0.0,25.2,0,1,0.107828,0,0
14,THURSDAY,COMERCIAL,0.0800,4.43,56.55,6.9,14.6,0,0,0.143005,0,1
6,MONDAY,CONDOMINIO,0.0600,1.19,18.51,0.0,29.2,2,1,0.360727,0,1
13,SATURDAY,RESIDENCIAL,0.1200,2.49,18.71,9.3,23.1,1,0,0.298928,0,0
8,THURSDAY,RESIDENCIAL,0.2200,1.87,39.18,1.6,21.9,0,1,0.071989,0,0
7,SATURDAY,RESIDENCIAL,0.2800,3.71,63.34,0.0,27.5,0,0,0.156581,0,1
11,THURSDAY,CONDOMINIO,0.1500,2.67,12.06,0.0,23.6,0,0,0.123142,0,0
15,FRIDAY,RESIDENCIAL,0.2200,4.77,87.79,0.2,16.8,1,1,0.248881,0,0
13,MONDAY,RESIDENCIAL,0.1100,0.69,12.20,0.0,21.1,0,1,0.048709,0,0
6,THURSDAY,RESIDENCIAL,0.0800,1.25,35.59,0.0,29.0,0,0,0.074029,0,0
19,FRIDAY,RESIDENCIAL,0.2800,1.14,4.95,0.0,18.8,0,0,0.230463,0,0
12,MONDAY,RESIDENCIAL,0.3100,2.30,8.45,0.0,19.7,1,1,0.254510,0,0
10,TUESDAY,RESIDENCIAL,0.3100,5.01,62.22,0.0,27.0,0,1,0.119637,0,0
18,SUNDAY,COMERCIAL,0.0900,1.76,24.06,0.6,16.8,1,1,0.540720,0,0
11,SUNDAY,RESIDENCIAL,0.0900,3.46,35.70,0.0,22.0,0,1,0.038394,0,0
8,THURSDAY,RESIDENCIAL,0.3100,1.33,50.77,0.0,19.8,0,0,0.150886,0,1
17,TUESDAY,RESIDENCIAL,0.1100,2.08,33.85,1.7,20.2,0,0,0.096033,0,0
11,SUNDAY,RESIDENCIAL,0.2800,4.49,73.13,0.0,18.3,0,0,0.140731,0,0
11,THURSDAY,RESIDENCIAL,0.1900,0.52,26.33,0.0,24.0,0,1,0.057775,0,0
21,SUNDAY,RESIDENCIAL,0.0500,0.65,34.37,0.0,30.2,0,1,0.080006,0,0
12,THURSDAY,CONDOMINIO,0.1500,1.95,25.79,0.0,20.6,0,1,0.092282,0,0
21,SUNDAY,CONDOMINIO,0.1500,1.27,27.63,10.8,19.4,3,0,0.925275,0,1
11,FRIDAY,RESIDENCIAL,0.0900,3.90,52.83,0.0,25.9,0,1,0.049117,0,0
6,FRIDAY,RESIDENCIAL,0.1200,1.72,28.92,2.9,29.0,0,0,0.095279,0,0
9,SATURDAY,COMERCIAL,0.0500,0.61,6.09,0.0,27.3,0,1,0.134192,0,0
15,FRIDAY,COMERCIAL,0.1100,2.24,27.16,7.5,17.5,0,1,0.090474,0,0
14,SUNDAY,RESIDENCIAL,0.0600,2.95,57.60,0.0,19.5,0,1,0.044538,0,0
17,TUESDAY,RESIDENCIAL,0.1100,0.55,26.20,0.0,24.2,1,0,0.230153,0,0
10,TUESDAY,RESIDENCIAL,0.0600,3.37,42.10,0.0,23.9,1,1,0.111120,0,0
10,WEDNESDAY,RESIDENCIAL,0.0900,1.03,71.44,0.0,22.9,1,1,0.127807,0,0
6,WEDNESDAY,RURAL,0.1900,2.49,25.61,2.3,32.3,0,1,0.144821,0,0
15,SUNDAY,COMERCIAL,0.2200,2.11,48.86,0.0,20.5,3,1,0.919694,0,1
10,FRIDAY,RURAL,0.3100,1.21,40.15,0.0,21.9,1,1,0.381981,0,0
9,SATURDAY,COMERCIAL,0.2800,3.26,60.11,0.0,27.8,0,0,0.474507,0,0
15,THURSDAY,COMERCIAL,0.2200,1.11,35.48,0.0,22.6,1,1,0.269270,0,0
6,FRIDAY,CONDOMINIO,0.2200,5.36,91.57,0.0,24.0,0,1,0.137084,1,1
14,SATURDAY,RESIDENCIAL,0.1500,3.48,51.61,0.0,14.5,0,0,0.093931,0,0
21,THURSDAY,CONDOMINIO,0.2200,0.78,9.75,7.9,22.8,0,1,0.249740,0,1
15,FRIDAY,RESIDENCIAL,0.1900,0.91,14.41,0.0,14.1,3,1,0.627706,0,0
17,THURSDAY,RURAL,0.2800,1.65,42.91,4.8,20.8,1,0,0.602260,0,1
19,WEDNESDAY,CONDOMINIO,0.1100,7.46,118.10,0.2,18.3,0,1,0.201636,0,0
13,TUESDAY,RESIDENCIAL,0.2500,3.93,78.18,0.0,16.0,0,0,0.165339,0,0
11,THURSDAY,COMERCIAL,0.0900,6.07,98.53,9.7,23.8,0,1,0.115922,0,0
14,TUESDAY,COMERCIAL,0.0900,6.01,99.09,2.2,19.1,1,0,0.362995,0,0
18,TUESDAY,RURAL,0.2800,1.88,29.04,0.0,21.8,0,1,0.293004,0,1
12,TUESDAY,COMERCIAL,0.0600,5.76,68.13,4.9,15.6,0,1,0.082339,0,0
13,MONDAY,RESIDENCIAL,0.1900,0.65,16.47,12.4,19.2,0,1,0.107564,0,1
8,MONDAY,RURAL,0.3100,0.90,13.62,0.0,23.8,0,0,0.248427,0,0
8,TUESDAY,CONDOMINIO,0.0500,6.44,105.03,0.0,23.7,1,0,0.311122,0,1
8,MONDAY,RESIDENCIAL,0.0500,1.46,22.51,0.0,22.9,1,0,0.152457,0,0
14,FRIDAY,COMERCIAL,0.0500,1.88,30.67,0.0,17.1,0,0,0.087999,0,0
10,SATURDAY,COMERCIAL,0.3100,2.38,31.16,2.5,22.5,0,0,0.471690,0,0
13,SUNDAY,RESIDENCIAL,0.0900,1.93,26.09,0.0,13.9,0,1,0.038814,0,0
12,SUNDAY,COMERCIAL,0.0900,3.89,47.45,0.0,22.4,0,1,0.213333,0,0
17,SUNDAY,RURAL,0.2800,3.60,34.36,0.0,16.2,0,1,0.164028,0,0
15,SUNDAY,RESIDENCIAL,0.2500,3.69,70.42,0.0,15.5,0,0,0.146032,0,0
15,MONDAY,COMERCIAL,0.1900,7.82,156.52,3.4,14.4,0,1,0.171161,0,0
18,SUNDAY,RESIDENCIAL,0.0800,4.00,38.77,11.3,19.0,0,1,0.126042,0,0
21,SATURDAY,RESIDENCIAL,0.0900,1.86,56.16,0.0,24.8,0,1,0.093396,0,0
16,SUNDAY,COMERCIAL,0.0900,1.78,23.35,0.0,20.3,0,0,0.279670,0,0
8,FRIDAY,CONDOMINIO,0.0600,0.84,50.55,1.6,28.2,0,1,0.069087,0,0
6,SUNDAY,RESIDENCIAL,0.1100,2.18,30.47,0.0,28.9,0,1,0.044975,0,0
12,MONDAY,RESIDENCIAL,0.1500,2.20,16.53,0.0,24.2,0,0,0.104811,0,0
10,MONDAY,RESIDENCIAL,0.2800,5.40,63.40,0.0,26.5,3,1,0.766491,0,1
21,SATURDAY,RESIDENCIAL,0.0500,2.32,47.36,0.0,21.5,0,1,0.074292,0,0
23,FRIDAY,RESIDENCIAL,0.1200,1.31,14.12,0.0,31.5,0,1,0.087005,0,0
16,FRIDAY,RURAL,0.2800,2.36,30.37,0.0,20.3,0,1,0.183394,0,0
14,WEDNESDAY,RESIDENCIAL,0.3100,1.01,35.78,0.0,19.6,0,1,0.109133,0,0
14,SATURDAY,COMERCIAL,0.0500,1.47,28.15,0.0,17.1,1,1,0.352367,0,0
8,MONDAY,RESIDENCIAL,0.1900,0.44,5.79,0.0,27.9,0,1,0.057441,0,0
14,SATURDAY,RESIDENCIAL,0.1500,3.70,50.80,20.4,21.9,0,1,0.148262,0,0
8,MONDAY,CONDOMINIO,0.0800,1.81,14.21,0.0,23.9,0,0,0.095357,0,0
10,TUESDAY,RESIDENCIAL,0.2800,4.46,40.41,0.0,20.5,0,1,0.087316,0,0
11,SATURDAY,COMERCIAL,0.0900,3.29,60.66,0.0,24.1,0,1,0.184958,0,0
11,MONDAY,COMERCIAL,0.2500,2.88,20.97,0.0,23.1,2,0,0.626652,0,1
17,SATURDAY,COMERCIAL,0.3100,7.12,101.65,0.0,19.9,1,1,0.715572,0,1
16,SUNDAY,RESIDENCIAL,0.0800,4.20,34.43,0.0,16.7,0,1,0.042972,0,0
11,TUESDAY,RESIDENCIAL,0.0500,1.72,21.70,0.0,19.8,1,1,0.089138,0,0
21,FRIDAY,CONDOMINIO,0.0800,1.56,19.42,0.0,25.1,0,0,0.204026,0,1
9,SUNDAY,RESIDENCIAL,0.2800,4.94,32.77,0.0,24.8,0,1,0.084756,0,0
13,TUESDAY,COMERCIAL,0.2500,1.75,29.19,0.0,15.9,1,0,0.384264,0,0
14,SATURDAY,CONDOMINIO,0.1200,0.91,24.00,1.3,16.9,0,1,0.072108,0,0
15,MONDAY,RESIDENCIAL,0.0900,4.45,73.64,0.0,13.7,0,0,0.090283,0,0
17,TUESDAY,RURAL,0.1900,2.75,67.81,0.0,17.8,1,1,0.344341,0,0
11,TUESDAY,RESIDENCIAL,0.1500,3.00,8.94,0.0,21.3,1,1,0.128617,0,1
21,THURSDAY,RURAL,0.2500,4.87,65.39,0.0,23.8,0,0,0.452471,0,1
6,THURSDAY,RESIDENCIAL,0.1900,2.46,57.09,0.3,28.3,0,1,0.074424,0,0
9,TUESDAY,RESIDENCIAL,0.3100,6.43,77.03,0.0,28.5,3,1,0.806725,0,1
20,SUNDAY,RESIDENCIAL,0.0800,2.20,44.96,0.0,29.5,0,0,0.153793,0,0
7,TUESDAY,COMERCIAL,0.2800,7.47,130.06,0.0,25.3,2,1,0.664406,0,0
2,MONDAY,RESIDENCIAL,0.1100,2.10,22.63,0.0,28.4,0,1,0.083251,0,0
7,SUNDAY,RESIDENCIAL,0.1900,7.05,102.79,0.0,26.4,0,1,0.085131,0,0
12,MONDAY,CONDOMINIO,0.0900,2.49,20.97,0.0,19.6,0,1,0.072301,0,0
18,WEDNESDAY,RESIDENCIAL,0.2200,3.43,40.11,0.0,13.8,0,0,0.206229,0,0
9,WEDNESDAY,RURAL,0.2800,0.82,36.87,0.0,22.1,0,0,0.236851,0,0
17,THURSDAY,RESIDENCIAL,0.1500,4.51,32.27,0.0,13.2,0,1,0.057640,0,0
6,WEDNESDAY,RESIDENCIAL,0.0600,10.55,169.32,0.0,30.0,0,1,0.085570,0,0
12,SATURDAY,RESIDENCIAL,0.1200,11.56,144.12,0.7,23.0,0,1,0.103121,0,0
15,MONDAY,RESIDENCIAL,0.1100,5.10,31.76,0.0,17.2,0,1,0.054092,1,1
12,MONDAY,COMERCIAL,0.0800,1.58,26.05,0.0,22.6,0,1,0.063906,0,0
10,SATURDAY,RESIDENCIAL,0.0600,3.76,47.29,0.5,23.9,0,0,0.064384,0,0
7,WEDNESDAY,RESIDENCIAL,0.1900,0.56,37.28,2.4,24.2,1,0,0.271925,0,0
15,SATURDAY,RESIDENCIAL,0.2200,1.79,29.36,0.0,21.1,1,1,0.192195,0,0
13,FRIDAY,RESIDENCIAL,0.0900,8.22,92.23,0.0,14.4,0,0,0.106445,0,0
12,SATURDAY,RESIDENCIAL,0.2800,7.78,110.59,0.0,20.0,1,0,0.451865,0,0
15,MONDAY,RURAL,0.1900,4.56,80.71,0.0,19.0,0,1,0.164770,0,1
8,SATURDAY,CONDOMINIO,0.1900,2.68,46.70,0.0,26.4,2,1,0.485454,0,1
12,THURSDAY,COMERCIAL,0.2800,3.20,46.47,7.1,17.3,1,0,0.525323,0,0
14,MONDAY,CONDOMINIO,0.0600,2.58,10.41,6.3,19.2,0,1,0.080442,0,0
16,TUESDAY,RESIDENCIAL,0.1500,10.89,104.59,0.0,20.0,0,1,0.098910,0,0
14,FRIDAY,COMERCIAL,0.1200,4.10,42.67,0.0,20.9,1,1,0.209355,0,0
16,SATURDAY,COMERCIAL,0.0900,3.01,15.20,0.0,20.4,0,0,0.279700,0,1
15,THURSDAY,RURAL,0.1500,3.54,55.68,0.0,13.0,1,1,0.283172,1,1
7,MONDAY,RESIDENCIAL,0.0500,1.73,28.43,9.0,32.6,0,0,0.101012,0,0
18,WEDNESDAY,COMERCIAL,0.0600,3.94,61.25,0.0,20.6,1,0,0.412292,0,0
13,WEDNESDAY,RESIDENCIAL,0.0500,2.19,15.24,0.0,15.6,0,1,0.036534,0,0
12,SATURDAY,COMERCIAL,0.2200,1.74,44.46,0.0,22.7,0,1,0.300554,0,0
14,SUNDAY,CONDOMINIO,0.3100,3.21,19.47,0.0,14.5,0,0,0.212174,0,1
7,TUESDAY,RESIDENCIAL,0.1100,3.00,45.02,0.0,24.4,0,1,0.048943,0,0
8,SATURDAY,RESIDENCIAL,0.2200,5.00,74.76,1.1,24.1,0,1,0.082077,0,0
18,FRIDAY,CONDOMINIO,0.0600,1.75,13.25,3.8,20.6,0,0,0.200969,0,0
1,TUESDAY,RESIDENCIAL,0.2200,2.56,22.02,0.0,26.4,2,0,0.681371,1,0
6,MONDAY,RESIDENCIAL,0.0600,5.67,65.34,0.0,35.0,1,1,0.153568,0,1
22,SUNDAY,RESIDENCIAL,0.2800,1.42,18.63,0.0,27.9,0,1,0.134472,0,0
9,TUESDAY,RESIDENCIAL,0.2200,0.79,33.06,11.3,25.7,2,0,0.658022,0,0
13,FRIDAY,COMERCIAL,0.1500,5.94,82.40,0.0,14.9,0,0,0.157905,0,0
15,THURSDAY,COMERCIAL,0.2200,9.54,91.98,0.0,13.2,0,1,0.135922,0,0
6,MONDAY,CONDOMINIO,0.1200,30.00,250.00,0.0,26.8,0,1,0.282114,0,1
10,THURSDAY,RESIDENCIAL,0.1500,0.69,23.01,0.0,25.5,0,1,0.050656,0,0
7,MONDAY,RURAL,0.3100,6.99,36.80,0.0,33.3,0,1,0.227576,0,0
16,THURSDAY,COMERCIAL,0.1100,10.18,33.71,15.4,19.9,0,0,0.244224,0,0
15,THURSDAY,RESIDENCIAL,0.0800,1.82,23.64,1.2,12.1,0,1,0.041331,0,0
0,MONDAY,RESIDENCIAL,0.1900,2.70,35.06,0.0,27.9,0,0,0.186296,0,0
18,TUESDAY,RESIDENCIAL,0.1900,1.48,33.01,8.9,23.6,1,1,0.401682,0,0
8,SATURDAY,RESIDENCIAL,0.1200,2.84,51.09,8.8,29.8,1,1,0.197398,0,0
11,THURSDAY,RESIDENCIAL,0.0800,0.61,35.26,0.0,22.1,2,1,0.262753,0,0
16,WEDNESDAY,RESIDENCIAL,0.2800,1.32,7.28,0.0,12.0,0,0,0.126985,0,0
8,TUESDAY,RESIDENCIAL,0.1500,9.15,42.63,0.0,23.0,0,0,0.105201,0,0
15,FRIDAY,RESIDENCIAL,0.0500,1.65,29.74,13.5,12.8,0,1,0.064387,0,0
2,THURSDAY,RESIDENCIAL,0.0600,8.23,40.05,0.0,29.9,0,1,0.087380,0,0
18,TUESDAY,RESIDENCIAL,0.3100,1.93,6.04,0.0,27.5,2,1,0.681877,0,1
14,MONDAY,RESIDENCIAL,0.2800,13.95,143.53,0.0,15.6,0,1,0.175791,0,1
8,THURSDAY,COMERCIAL,0.2500,0.92,12.50,6.5,23.1,0,1,0.116861,0,0
16,FRIDAY,COMERCIAL,0.0800,0.81,20.47,0.0,19.2,1,0,0.241611,0,0
12,SATURDAY,COMERCIAL,0.0500,3.70,39.87,0.0,21.4,0,1,0.179459,0,0
17,THURSDAY,CONDOMINIO,0.3100,1.64,21.65,1.4,16.6,1,0,0.490651,1,1
12,WEDNESDAY,CONDOMINIO,0.0900,5.16,85.39,0.0,18.6,0,1,0.095571,0,0
3,TUESDAY,COMERCIAL,0.3100,7.41,113.79,0.0,31.7,1,0,0.713902,0,1
7,MONDAY,RESIDENCIAL,0.0800,8.71,102.81,6.0,26.9,0,0,0.136696,0,0
17,THURSDAY,RESIDENCIAL,0.0600,4.23,78.96,2.7,23.5,2,0,0.525750,0,0
15,SUNDAY,CONDOMINIO,0.1900,1.70,50.66,0.0,13.8,1,0,0.350041,0,1
9,THURSDAY,CONDOMINIO,0.1500,3.43,33.33,0.0,24.1,1,1,0.214345,0,0
7,SATURDAY,RESIDENCIAL,0.0500,8.95,98.03,0.0,26.7,0,0,0.087055,0,0
16,TUESDAY,COMERCIAL,0.2800,6.39,80.97,0.0,17.8,1,1,0.368102,0,0
10,FRIDAY,RURAL,0.2800,8.25,111.43,0.0,24.2,0,1,0.232539,0,0
7,SATURDAY,CONDOMINIO,0.3100,2.96,66.80,0.0,22.6,0,1,0.145941,0,0
9,MONDAY,CONDOMINIO,0.3100,4.03,98.06,0.0,20.4,0,1,0.173789,0,1
6,FRIDAY,RESIDENCIAL,0.0900,2.99,33.35,0.0,27.0,2,1,0.301145,0,1
1,THURSDAY,RESIDENCIAL,0.0500,5.00,62.14,0.0,29.9,0,0,0.138424,0,0
11,WEDNESDAY,RESIDENCIAL,0.2200,3.89,74.05,0.0,21.1,0,1,0.079106,0,0
9,FRIDAY,RESIDENCIAL,0.0500,2.45,19.94,0.0,26.7,0,1,0.036439,0,0
23,SUNDAY,CONDOMINIO,0.1500,1.11,30.40,0.0,30.5,0,1,0.136974,0,1
11,FRIDAY,RESIDENCIAL,0.0500,3.81,33.88,0.0,21.6,0,1,0.036012,0,0
18,FRIDAY,RESIDENCIAL,0.0900,3.31,49.99,2.8,18.1,2,1,0.507677,0,0
21,SATURDAY,COMERCIAL,0.1900,8.87,139.85,7.0,26.4,1,1,0.843453,0,1
9,SATURDAY,RESIDENCIAL,0.0600,0.71,21.45,4.2,22.8,1,0,0.166387,0,0
6,FRIDAY,COMERCIAL,0.2200,1.74,21.02,0.0,29.4,0,1,0.094969,0,0
15,THURSDAY,CONDOMINIO,0.2500,5.33,104.83,3.7,17.3,0,1,0.200218,0,0
18,THURSDAY,RESIDENCIAL,0.2500,7.62,117.57,0.0,21.5,0,1,0.229839,0,0
13,SATURDAY,RESIDENCIAL,0.2200,1.25,43.26,0.0,21.7,1,0,0.303284,0,0
20,SATURDAY,RESIDENCIAL,0.0900,3.42,24.69,0.7,24.2,0,1,0.087845,0,0
9,SUNDAY,COMERCIAL,0.1500,2.84,45.12,0.0,29.8,0,0,0.342422,0,0
13,SATURDAY,CONDOMINIO,0.0800,4.73,29.57,0.0,17.9,0,0,0.110517,0,0
15,SATURDAY,RESIDENCIAL,0.1900,6.08,23.54,4.4,15.2,2,0,0.564184,0,1
9,MONDAY,RESIDENCIAL,0.1100,5.59,95.12,3.7,22.7,0,0,0.117194,0,0
12,WEDNESDAY,RURAL,0.3100,8.72,73.63,0.2,17.8,2,1,0.753528,0,1
21,TUESDAY,RESIDENCIAL,0.2800,4.54,92.75,0.0,30.9,2,1,0.754452,0,1
11,MONDAY,CONDOMINIO,0.0900,0.50,11.76,0.0,20.9,0,1,0.054041,0,0
16,MONDAY,CONDOMINIO,0.1900,0.68,48.37,0.5,17.5,1,1,0.267563,0,0
16,TUESDAY,RESIDENCIAL,0.1900,2.87,64.06,3.2,13.9,0,1,0.083938,0,0
16,SATURDAY,RESIDENCIAL,0.1100,3.98,35.14,0.0,21.1,0,0,0.087230,0,0
17,FRIDAY,RESIDENCIAL,0.0500,6.13,84.10,4.8,13.5,0,0,0.102078,0,0
6,TUESDAY,COMERCIAL,0.1100,2.08,64.11,7.9,27.1,0,1,0.099386,0,0
9,SUNDAY,COMERCIAL,0.0500,1.31,18.37,0.0,23.1,1,1,0.313939,0,1
7,SUNDAY,RESIDENCIAL,0.1100,1.63,22.81,5.0,24.6,0,1,0.049219,0,0
7,SATURDAY,RURAL,0.2200,3.89,23.64,3.8,30.0,0,1,0.153529,0,0
18,MONDAY,RURAL,0.2200,4.35,19.85,3.5,20.7,0,0,0.398828,0,1
17,THURSDAY,RESIDENCIAL,0.3100,4.38,33.79,0.0,13.7,0,1,0.105143,0,0
6,WEDNESDAY,RURAL,0.2200,2.41,52.60,0.3,26.9,0,1,0.148319,0,0
6,MONDAY,CONDOMINIO,0.2500,4.74,37.87,8.7,32.6,1,0,0.565492,0,1
6,WEDNESDAY,COMERCIAL,0.3100,4.15,46.71,0.0,24.9,0,1,0.139265,0,0
15,WEDNESDAY,RESIDENCIAL,0.0800,2.00,12.98,6.8,18.6,0,1,0.057320,0,0
14,THURSDAY,COMERCIAL,0.2500,4.67,106.78,0.0,16.2,0,1,0.150315,0,0
19,SATURDAY,RESIDENCIAL,0.1200,1.81,45.15,3.9,22.7,0,1,0.112580,0,0
12,MONDAY,RESIDENCIAL,0.0800,5.10,35.06,10.7,18.1,2,1,0.433212,0,0
15,THURSDAY,COMERCIAL,0.0600,16.81,250.00,0.0,15.5,0,1,0.163865,0,0
14,SUNDAY,RESIDENCIAL,0.1500,1.54,13.24,0.3,20.3,0,1,0.052698,0,0
11,WEDNESDAY,COMERCIAL,0.0800,6.54,33.01,0.0,20.9,0,0,0.093939,0,0
15,SUNDAY,CONDOMINIO,0.2200,2.92,20.04,5.2,17.8,1,0,0.431229,0,1
18,SUNDAY,RESIDENCIAL,0.1200,5.50,39.01,0.1,23.1,0,1,0.103404,0,0
13,SUNDAY,CONDOMINIO,0.2500,8.59,42.63,0.0,15.5,1,1,0.319792,0,0
15,TUESDAY,RESIDENCIAL,0.2200,9.28,140.89,0.0,19.2,1,1,0.322908,0,0
17,SATURDAY,RESIDENCIAL,0.1100,10.92,150.70,0.0,15.3,0,0,0.138453,0,0
17,SATURDAY,COMERCIAL,0.2500,2.90,20.38,6.0,20.7,0,0,0.497005,0,0
12,SATURDAY,COMERCIAL,0.0600,0.90,5.67,0.0,21.9,0,1,0.157517,0,0
12,THURSDAY,RESIDENCIAL,0.3100,7.57,80.51,0.0,14.5,0,0,0.212703,0,0
14,THURSDAY,RESIDENCIAL,0.0500,2.23,25.83,0.0,22.5,1,1,0.120159,0,0
8,SUNDAY,CONDOMINIO,0.0500,2.33,37.72,5.3,24.3,0,0,0.107516,0,0
10,SATURDAY,RESIDENCIAL,0.2200,1.19,22.77,4.2,25.4,0,0,0.118975,0,0
10,TUESDAY,RESIDENCIAL,0.0600,4.59,89.73,0.0,23.5,0,0,0.081936,0,0
13,TUESDAY,RESIDENCIAL,0.2500,5.93,18.06,0.0,22.9,0,0,0.158223,0,0
21,FRIDAY,CONDOMINIO,0.2200,2.53,54.05,0.0,28.0,1,0,0.627019,0,0
11,MONDAY,CONDOMINIO,0.1900,0.97,29.27,0.0,18.9,1,0,0.316334,0,0
7,SATURDAY,COMERCIAL,0.2500,1.97,58.55,0.0,29.6,0,1,0.315496,0,0
9,SATURDAY,RESIDENCIAL,0.2200,0.92,19.34,0.0,20.8,3,1,0.609773,0,1
14,TUESDAY,RESIDENCIAL,0.0500,5.85,49.29,0.0,20.9,0,1,0.050279,0,0
13,SATURDAY,RESIDENCIAL,0.0900,1.45,23.76,0.0,19.6,0,0,0.071312,0,0
7,WEDNESDAY,CONDOMINIO,0.2500,2.10,15.44,0.0,27.8,0,1,0.116116,0,1
19,TUESDAY,CONDOMINIO,0.3100,4.47,58.54,0.0,21.5,1,1,0.566089,0,0
21,FRIDAY,RURAL,0.3100,0.54,62.60,2.9,20.1,0,1,0.362715,0,1
21,TUESDAY,RURAL,0.2500,2.91,53.77,0.0,21.5,0,0,0.417713,0,1
15,THURSDAY,CONDOMINIO,0.0900,2.31,27.31,6.4,14.5,0,1,0.087463,0,0
1,FRIDAY,RURAL,0.2500,2.89,25.26,0.0,33.9,0,1,0.269195,0,0
4,WEDNESDAY,CONDOMINIO,0.2200,6.13,91.17,1.1,27.2,0,1,0.248138,0,0
6,SUNDAY,COMERCIAL,0.1500,3.46,42.87,0.0,28.8,0,1,0.228638,0,1
19,WEDNESDAY,RESIDENCIAL,0.2800,5.54,78.46,0.0,21.3,2,0,0.809743,0,1
11,TUESDAY,RESIDENCIAL,0.0900,2.69,50.77,0.0,25.9,3,1,0.574034,0,1
21,SUNDAY,RESIDENCIAL,0.2200,0.94,23.23,0.4,16.6,0,1,0.113691,0,0
8,THURSDAY,CONDOMINIO,0.2500,1.45,35.81,4.8,23.5,0,1,0.137702,0,0
12,MONDAY,CONDOMINIO,0.1200,1.05,75.91,0.0,18.4,0,1,0.093459,0,0
9,TUESDAY,RURAL,0.2500,4.19,33.70,0.3,21.5,0,1,0.145922,0,0
14,TUESDAY,RESIDENCIAL,0.1200,3.22,22.91,6.1,16.2,0,1,0.066028,0,0
6,TUESDAY,RESIDENCIAL,0.0900,1.86,35.88,0.0,30.5,0,1,0.047881,0,0
19,THURSDAY,CONDOMINIO,0.1900,2.13,31.57,0.0,15.1,0,0,0.257602,0,0
16,WEDNESDAY,RESIDENCIAL,0.1500,2.45,41.55,0.0,15.1,0,0,0.097920,0,0
8,SATURDAY,CONDOMINIO,0.1500,3.98,66.60,0.0,21.9,0,0,0.136331,0,0
12,THURSDAY,RESIDENCIAL,0.2800,6.05,22.94,3.8,21.9,1,0,0.430947,0,1
12,MONDAY,RESIDENCIAL,0.1900,2.46,29.49,0.0,19.3,0,1,0.070795,0,1
8,THURSDAY,RURAL,0.3100,2.32,49.16,2.4,27.8,1,0,0.588711,0,1
9,THURSDAY,CONDOMINIO,0.2200,1.49,21.90,4.5,19.4,0,1,0.108646,0,0
17,FRIDAY,COMERCIAL,0.2200,0.34,10.16,0.0,17.9,0,0,0.146433,0,0
14,SATURDAY,RURAL,0.1500,0.64,10.66,15.0,19.1,0,1,0.170179,0,0
21,SATURDAY,RESIDENCIAL,0.1200,1.75,35.88,5.2,25.1,0,1,0.119547,0,0
17,SUNDAY,RESIDENCIAL,0.1500,4.35,18.41,0.0,19.4,0,1,0.055745,0,0
16,TUESDAY,RURAL,0.2800,1.10,22.31,1.3,17.6,2,1,0.656388,0,1
16,SUNDAY,RESIDENCIAL,0.0600,8.87,78.35,2.4,16.4,1,0,0.242532,0,0
18,SUNDAY,RESIDENCIAL,0.0800,1.89,56.83,0.0,21.7,0,0,0.139262,0,0
7,MONDAY,RESIDENCIAL,0.1200,4.22,39.65,0.0,27.7,0,0,0.090966,0,0
16,FRIDAY,CONDOMINIO,0.2200,7.78,88.61,0.0,16.5,0,0,0.242126,0,1
14,THURSDAY,RESIDENCIAL,0.3100,0.91,21.70,0.0,18.5,2,1,0.504887,0,0
7,SUNDAY,RURAL,0.1900,0.99,22.19,9.8,24.7,0,0,0.232993,0,0
8,MONDAY,CONDOMINIO,0.2800,1.62,31.31,25.0,23.8,1,1,0.571198,0,1
17,WEDNESDAY,COMERCIAL,0.0800,2.06,20.19,0.0,17.7,0,0,0.095891,0,0
8,TUESDAY,RESIDENCIAL,0.1500,1.11,27.81,0.0,22.8,0,1,0.049500,0,0
17,SUNDAY,RESIDENCIAL,0.2800,5.27,53.03,0.0,18.0,0,0,0.164361,0,0
17,TUESDAY,RESIDENCIAL,0.2800,1.08,33.30,0.0,17.0,1,0,0.347556,0,0
11,THURSDAY,COMERCIAL,0.2500,0.97,32.69,0.0,21.6,0,1,0.094235,0,0
17,MONDAY,RESIDENCIAL,0.0500,2.30,14.21,0.0,21.6,0,1,0.040947,0,0
14,SATURDAY,COMERCIAL,0.0500,1.45,23.57,0.0,20.6,0,1,0.160102,0,0
16,THURSDAY,RESIDENCIAL,0.2500,3.76,43.39,0.0,20.6,0,1,0.097930,0,0
17,THURSDAY,RESIDENCIAL,0.3100,0.80,29.20,0.0,20.6,1,0,0.386701,0,0
16,SATURDAY,COMERCIAL,0.0900,2.72,45.16,0.0,17.3,1,1,0.414508,0,0
10,TUESDAY,RESIDENCIAL,0.1500,1.05,4.11,0.0,26.0,0,1,0.048002,0,0
14,SATURDAY,RESIDENCIAL,0.1900,1.55,33.22,0.0,20.4,2,1,0.386898,0,1
12,SUNDAY,RESIDENCIAL,0.2200,3.68,27.53,0.0,20.0,0,0,0.122617,0,1
8,TUESDAY,RESIDENCIAL,0.1900,1.57,43.74,9.7,26.5,1,1,0.248003,0,0
9,SUNDAY,RESIDENCIAL,0.0600,3.64,33.43,0.0,23.9,2,1,0.248378,0,0
12,WEDNESDAY,RESIDENCIAL,0.1900,2.54,33.98,0.0,21.3,0,1,0.074842,1,1
16,TUESDAY,RESIDENCIAL,0.0500,2.72,41.21,0.0,19.5,0,1,0.044059,0,1
9,SATURDAY,RURAL,0.2800,3.32,37.54,0.0,23.0,0,1,0.149715,0,0
17,SUNDAY,COMERCIAL,0.1100,2.19,36.76,0.0,12.5,0,0,0.277237,0,0
9,TUESDAY,RESIDENCIAL,0.0900,11.45,144.06,0.0,22.2,0,1,0.077022,0,0
18,THURSDAY,RURAL,0.2800,1.75,39.80,0.0,18.2,0,1,0.286376,0,1
11,SATURDAY,RESIDENCIAL,0.2800,2.04,22.93,0.0,17.6,0,1,0.066902,0,0
6,SUNDAY,CONDOMINIO,0.1100,1.31,42.26,0.0,30.7,0,1,0.072816,0,0
13,SATURDAY,RESIDENCIAL,0.3100,1.61,16.13,0.0,18.6,1,0,0.346779,0,0
16,MONDAY,RESIDENCIAL,0.0500,1.90,10.97,0.0,14.1,1,0,0.157544,0,0
7,THURSDAY,COMERCIAL,0.1500,2.76,15.00,0.0,29.1,0,1,0.073169,0,0
9,THURSDAY,RESIDENCIAL,0.2500,1.13,21.83,0.0,26.2,0,1,0.075130,0,0
9,MONDAY,RESIDENCIAL,0.0800,12.71,124.69,0.0,24.6,0,1,0.074365,0,0
3,MONDAY,RESIDENCIAL,0.2800,6.14,25.81,0.0,28.5,2,1,0.644910,0,1
12,FRIDAY,CONDOMINIO,0.1100,3.54,51.34,0.0,25.1,0,0,0.159207,0,0
22,MONDAY,RESIDENCIAL,0.2200,0.78,10.18,0.0,24.6,1,0,0.385142,0,1
18,SATURDAY,COMERCIAL,0.0600,2.68,46.45,0.0,15.2,0,0,0.388600,0,0
19,THURSDAY,RESIDENCIAL,0.1500,0.25,4.10,5.2,21.2,1,0,0.408698,0,1
7,SUNDAY,RURAL,0.1500,2.22,51.16,0.0,30.6,1,1,0.273317,0,1
16,FRIDAY,CONDOMINIO,0.2800,2.10,8.44,0.0,21.5,0,0,0.220331,0,0
17,SUNDAY,RESIDENCIAL,0.2800,5.56,51.30,0.0,23.6,0,1,0.112665,0,0
8,TUESDAY,CONDOMINIO,0.0900,1.26,9.29,0.0,25.4,0,0,0.098559,0,0
11,TUESDAY,CONDOMINIO,0.0800,6.20,43.26,0.0,16.7,2,1,0.373329,0,0
6,FRIDAY,COMERCIAL,0.1100,4.58,83.48,0.0,26.9,0,1,0.081392,1,1
17,WEDNESDAY,RESIDENCIAL,0.2200,2.34,34.62,0.0,24.1,1,0,0.333806,0,1
18,THURSDAY,RESIDENCIAL,0.3100,12.74,207.41,2.3,25.2,0,1,0.424492,0,1
8,FRIDAY,COMERCIAL,0.1500,2.31,58.53,0.0,28.2,0,1,0.083621,0,0
18,WEDNESDAY,RESIDENCIAL,0.0500,5.87,83.91,4.2,24.1,0,1,0.124923,0,0
16,SUNDAY,RESIDENCIAL,0.0900,4.70,65.43,0.0,19.2,1,0,0.226745,0,0
12,SUNDAY,CONDOMINIO,0.2800,2.01,22.00,0.0,23.0,1,1,0.324811,0,0
13,MONDAY,RESIDENCIAL,0.2800,2.92,29.73,0.0,15.2,2,0,0.614418,0,0
10,SUNDAY,CONDOMINIO,0.1200,3.83,12.04,0.0,19.1,1,0,0.241570,0,0
12,WEDNESDAY,RURAL,0.2500,4.74,40.29,0.0,20.3,0,0,0.276010,0,1
6,TUESDAY,COMERCIAL,0.2800,0.63,24.99,0.0,28.5,2,1,0.538849,0,1
17,MONDAY,RESIDENCIAL,0.1500,3.53,42.12,14.3,16.9,0,0,0.180677,0,1
20,TUESDAY,CONDOMINIO,0.1500,2.64,30.67,0.0,21.6,0,0,0.253635,0,0
17,SATURDAY,RESIDENCIAL,0.2800,5.18,36.49,6.5,24.4,0,1,0.138950,0,0
11,TUESDAY,COMERCIAL,0.2800,3.72,25.15,0.0,22.4,0,1,0.110229,0,0
21,SATURDAY,RESIDENCIAL,0.1100,4.35,30.76,2.4,20.5,0,1,0.098837,0,0
8,SATURDAY,RESIDENCIAL,0.1900,1.65,20.69,3.6,26.4,2,1,0.383199,0,1
8,TUESDAY,RESIDENCIAL,0.0600,0.82,21.05,0.0,19.8,2,0,0.340897,0,1
19,MONDAY,RESIDENCIAL,0.3100,1.32,21.48,7.8,26.6,0,1,0.257677,0,1
7,WEDNESDAY,RURAL,0.3100,0.57,4.35,15.4,29.2,0,0,0.413055,0,1
13,SUNDAY,COMERCIAL,0.1500,0.91,59.75,0.0,19.3,2,0,0.831704,0,1
14,FRIDAY,RESIDENCIAL,0.0900,2.85,47.55,9.2,24.5,0,1,0.085134,0,0
17,MONDAY,CONDOMINIO,0.1900,2.53,62.84,0.1,20.3,0,1,0.122939,0,0
19,WEDNESDAY,COMERCIAL,0.1100,7.67,102.51,0.0,24.2,0,1,0.186304,0,1
4,FRIDAY,RESIDENCIAL,0.1200,0.72,31.45,3.2,30.2,0,1,0.101725,0,0
14,SUNDAY,COMERCIAL,0.2200,6.87,80.27,0.0,17.8,0,0,0.469745,0,1
13,SUNDAY,RESIDENCIAL,0.2500,3.64,58.29,3.6,23.1,0,1,0.113867,0,0
19,SATURDAY,COMERCIAL,0.0600,13.77,140.09,1.5,18.4,0,1,0.445248,0,0
14,SATURDAY,COMERCIAL,0.2200,2.18,30.99,0.0,17.4,1,0,0.658465,0,0
23,MONDAY,RESIDENCIAL,0.0900,0.84,5.30,0.0,26.4,0,0,0.112067,0,0
5,WEDNESDAY,CONDOMINIO,0.1100,10.37,52.25,0.0,28.8,0,0,0.256212,0,0
10,MONDAY,CONDOMINIO,0.2500,1.13,11.49,4.7,13.5,0,1,0.104866,0,1
7,THURSDAY,RESIDENCIAL,0.0500,4.23,50.55,0.0,23.3,0,1,0.040077,0,1
12,SATURDAY,RESIDENCIAL,0.1200,0.78,33.20,0.0,20.0,1,1,0.133808,0,0
11,FRIDAY,RESIDENCIAL,0.3100,1.27,15.91,0.0,19.6,0,0,0.133240,0,0
21,SATURDAY,COMERCIAL,0.3100,6.25,82.58,0.0,22.2,0,0,0.715158,0,1
9,SUNDAY,RURAL,0.3100,4.58,78.89,0.0,29.4,1,1,0.452162,0,0
16,THURSDAY,CONDOMINIO,0.2200,6.34,63.74,0.0,18.3,0,0,0.224342,0,0
17,SUNDAY,RURAL,0.2800,10.01,88.73,0.0,20.8,2,0,0.830781,0,0
16,WEDNESDAY,RESIDENCIAL,0.1900,4.15,59.59,0.0,17.6,0,1,0.079740,0,1
17,MONDAY,RESIDENCIAL,0.2800,3.19,14.19,4.3,18.0,3,0,0.853211,0,1
9,SUNDAY,RESIDENCIAL,0.0800,1.98,75.27,25.0,23.7,0,0,0.193033,0,0
15,SATURDAY,CONDOMINIO,0.2200,8.29,113.00,1.0,18.0,0,1,0.167180,0,0
16,SUNDAY,COMERCIAL,0.1100,5.29,46.50,0.0,19.7,1,1,0.463130,1,0
10,FRIDAY,RESIDENCIAL,0.1100,1.95,43.57,2.5,26.4,1,1,0.148493,0,0
21,FRIDAY,RESIDENCIAL,0.0500,2.68,31.43,3.0,24.2,0,0,0.149532,0,0
1,SUNDAY,COMERCIAL,0.2200,5.89,77.46,0.0,27.3,0,0,0.594618,0,0
10,FRIDAY,RESIDENCIAL,0.3100,3.39,25.85,0.0,23.6,2,1,0.487540,0,0
15,WEDNESDAY,COMERCIAL,0.1500,1.54,33.66,0.0,18.8,2,1,0.437612,0,1
16,TUESDAY,RESIDENCIAL,0.1500,1.64,23.93,0.0,17.0,0,0,0.093360,0,0
17,WEDNESDAY,RESIDENCIAL,0.0600,3.25,24.44,1.3,21.0,0,1,0.047314,0,0
11,THURSDAY,RESIDENCIAL,0.1900,2.37,46.67,0.0,19.7,1,1,0.161099,0,0
8,WEDNESDAY,COMERCIAL,0.0900,1.02,22.97,0.0,28.0,0,1,0.056646,0,0
15,THURSDAY,COMERCIAL,0.1200,5.80,27.27,0.0,19.4,0,1,0.077421,0,0
19,SUNDAY,RESIDENCIAL,0.1900,1.54,27.87,0.0,20.0,0,0,0.176532,0,0
13,SUNDAY,COMERCIAL,0.2800,0.39,16.70,0.0,16.2,1,0,0.683640,0,0
9,SATURDAY,COMERCIAL,0.2800,11.68,157.78,0.0,26.0,0,1,0.478294,0,0
10,SUNDAY,COMERCIAL,0.1200,0.27,12.74,0.0,18.2,0,1,0.148263,0,1
17,WEDNESDAY,CONDOMINIO,0.0600,3.24,49.07,0.0,17.3,0,0,0.115401,1,1
13,FRIDAY,COMERCIAL,0.2500,1.43,6.79,0.0,15.9,1,1,0.246180,0,0
14,SUNDAY,RESIDENCIAL,0.1500,3.96,78.24,0.0,12.8,0,0,0.101375,0,0
11,SATURDAY,CONDOMINIO,0.1900,1.03,36.23,0.0,23.0,1,0,0.318792,0,0
12,THURSDAY,RESIDENCIAL,0.0900,1.84,24.87,0.0,20.0,0,0,0.079840,0,0
17,TUESDAY,CONDOMINIO,0.0500,22.09,158.91,0.0,15.6,0,1,0.148033,0,0
9,TUESDAY,RESIDENCIAL,0.2800,2.07,40.64,0.0,23.3,1,0,0.331881,0,1
17,SATURDAY,CONDOMINIO,0.1500,2.99,63.73,2.7,21.5,0,1,0.112163,0,0
6,FRIDAY,RESIDENCIAL,0.0600,1.58,44.81,0.4,29.3,0,1,0.043636,0,0
13,TUESDAY,RESIDENCIAL,0.1200,8.68,93.99,0.0,18.8,0,0,0.129991,0,0
13,SATURDAY,CONDOMINIO,0.0600,1.72,9.30,0.0,14.2,0,0,0.083494,0,0
22,FRIDAY,RESIDENCIAL,0.0900,1.96,14.01,0.0,22.7,0,0,0.110961,0,0
6,MONDAY,RESIDENCIAL,0.0800,2.46,37.97,0.0,28.4,0,1,0.045277,0,0
7,FRIDAY,RESIDENCIAL,0.0800,2.66,58.40,2.4,30.4,0,1,0.056578,0,0
14,THURSDAY,COMERCIAL,0.2800,4.74,37.89,0.0,21.0,2,1,0.601102,0,1
12,FRIDAY,RURAL,0.2200,3.96,66.80,10.1,18.6,0,1,0.244660,0,0
8,FRIDAY,RESIDENCIAL,0.2200,6.49,61.68,0.0,21.4,0,1,0.080688,0,0
10,THURSDAY,RESIDENCIAL,0.2200,2.41,33.29,10.8,23.5,0,1,0.107112,0,0
17,SUNDAY,COMERCIAL,0.1200,2.95,76.90,0.0,19.3,1,1,0.486841,0,1
15,TUESDAY,COMERCIAL,0.0500,1.19,20.83,0.0,21.1,0,1,0.053915,0,0
20,SATURDAY,RESIDENCIAL,0.1500,2.23,37.26,0.1,23.9,0,0,0.173258,0,0
1,THURSDAY,RESIDENCIAL,0.2200,1.67,79.38,0.0,27.3,0,1,0.146199,0,0
10,WEDNESDAY,RESIDENCIAL,0.1900,1.46,18.14,6.6,17.8,0,1,0.067362,0,0
14,FRIDAY,RESIDENCIAL,0.2800,8.49,41.44,0.0,17.2,0,1,0.113248,0,0
8,WEDNESDAY,CONDOMINIO,0.0800,1.47,35.82,0.0,28.8,1,1,0.178878,0,0
6,WEDNESDAY,CONDOMINIO,0.2500,6.64,23.65,0.0,27.1,2,0,0.701112,0,1
7,WEDNESDAY,RESIDENCIAL,0.1900,4.00,39.41,0.0,26.0,1,0,0.276406,0,1
19,WEDNESDAY,RESIDENCIAL,0.1200,1.14,24.79,4.5,15.5,0,1,0.101576,0,0
23,THURSDAY,RESIDENCIAL,0.0800,5.52,57.65,0.0,26.3,0,0,0.143638,0,0
14,FRIDAY,RURAL,0.2200,1.56,25.22,0.0,19.2,1,0,0.463535,0,1
10,FRIDAY,COMERCIAL,0.2200,1.09,35.59,0.0,21.4,0,1,0.085302,0,0
21,MONDAY,RESIDENCIAL,0.2800,1.66,24.71,16.5,17.8,2,1,0.778826,0,1
9,SATURDAY,RESIDENCIAL,0.0600,0.55,34.91,0.0,24.0,0,1,0.033035,0,0
15,TUESDAY,CONDOMINIO,0.0500,1.00,6.70,0.0,16.3,0,1,0.053545,0,0
13,SATURDAY,RESIDENCIAL,0.2200,1.22,38.26,0.0,19.3,0,0,0.119155,0,1
11,WEDNESDAY,RESIDENCIAL,0.1500,2.37,43.68,0.0,23.4,0,1,0.054783,0,0
17,SATURDAY,RESIDENCIAL,0.0900,3.42,35.60,1.8,15.7,0,1,0.046659,0,0
11,MONDAY,COMERCIAL,0.2500,2.86,39.07,0.0,26.9,0,0,0.177377,0,1
20,TUESDAY,RESIDENCIAL,0.0800,2.01,51.46,0.0,27.0,0,0,0.163295,0,0
19,SUNDAY,RURAL,0.2800,1.61,30.31,0.0,21.6,1,0,0.660044,0,0
13,SUNDAY,RESIDENCIAL,0.1200,5.36,72.47,14.2,17.4,0,0,0.173773,0,1
13,SATURDAY,RESIDENCIAL,0.0800,1.86,32.71,0.9,14.8,0,1,0.040459,0,0
13,THURSDAY,COMERCIAL,0.2200,1.30,11.99,0.0,21.6,0,1,0.099075,0,1
10,WEDNESDAY,RESIDENCIAL,0.0800,6.10,48.06,0.5,24.6,1,0,0.210692,0,0
18,MONDAY,RESIDENCIAL,0.0900,1.54,24.35,0.4,18.7,0,0,0.134458,0,0
12,FRIDAY,RESIDENCIAL,0.0900,1.19,56.48,0.0,19.1,0,0,0.086881,0,0
18,TUESDAY,RESIDENCIAL,0.2800,3.54,19.93,0.0,22.5,1,1,0.386564,0,1
8,TUESDAY,CONDOMINIO,0.0800,14.98,51.92,0.0,28.0,0,1,0.096405,0,0
17,WEDNESDAY,COMERCIAL,0.2800,3.96,42.27,0.0,18.8,0,1,0.137535,0,1
21,THURSDAY,RESIDENCIAL,0.0900,3.73,63.67,0.0,25.2,0,1,0.110262,0,0
16,FRIDAY,RESIDENCIAL,0.1100,0.91,24.34,0.0,19.5,0,0,0.083181,0,0
17,FRIDAY,RESIDENCIAL,0.1500,2.54,33.52,0.0,14.4,3,1,0.619065,0,1
15,THURSDAY,COMERCIAL,0.0800,6.62,102.05,0.0,23.0,3,0,0.832535,0,1
7,SATURDAY,COMERCIAL,0.2800,0.81,17.43,0.0,26.1,0,1,0.285359,0,0
18,MONDAY,RESIDENCIAL,0.1200,1.53,26.63,0.0,19.9,0,0,0.150942,0,0
10,THURSDAY,COMERCIAL,0.3100,3.67,40.22,7.1,23.1,0,1,0.171381,0,0
12,WEDNESDAY,CONDOMINIO,0.1100,1.56,27.83,0.0,21.4,0,0,0.132196,0,0
11,TUESDAY,RESIDENCIAL,0.1500,0.66,15.29,0.0,26.2,0,1,0.049815,0,0
16,THURSDAY,RESIDENCIAL,0.1100,1.19,6.81,0.0,12.0,0,1,0.040582,0,0
9,THURSDAY,RESIDENCIAL,0.1200,5.78,56.77,6.4,23.1,0,0,0.119369,0,0
17,FRIDAY,COMERCIAL,0.1200,2.60,24.29,0.0,22.3,0,1,0.075032,0,0
10,THURSDAY,RESIDENCIAL,0.1200,0.93,5.58,0.0,21.3,0,0,0.066086,0,0
20,SUNDAY,RURAL,0.2200,4.66,76.06,0.0,23.2,3,0,0.948570,0,1
9,SATURDAY,RESIDENCIAL,0.3100,0.50,22.12,4.5,26.2,1,0,0.369929,0,0
12,TUESDAY,CONDOMINIO,0.2500,1.44,20.14,13.5,13.8,0,0,0.289063,0,0
13,THURSDAY,RESIDENCIAL,0.1500,2.19,6.44,0.0,20.6,1,1,0.153490,0,0
9,MONDAY,RESIDENCIAL,0.1900,3.38,42.44,0.0,22.3,2,0,0.515060,0,0
6,FRIDAY,RESIDENCIAL,0.2200,14.82,193.08,0.0,31.7,0,0,0.280258,0,1
19,MONDAY,COMERCIAL,0.0800,5.51,59.89,5.5,18.3,0,0,0.242469,0,1
15,MONDAY,RESIDENCIAL,0.0900,3.30,38.24,0.0,17.0,0,1,0.049054,0,0
8,THURSDAY,RESIDENCIAL,0.1500,5.67,13.81,0.0,27.2,1,0,0.238847,0,1
13,TUESDAY,RESIDENCIAL,0.1200,1.10,53.86,0.0,14.8,0,1,0.053098,0,0
17,FRIDAY,RESIDENCIAL,0.0800,3.06,58.41,1.3,15.3,0,1,0.051889,1,1
15,TUESDAY,COMERCIAL,0.2800,4.90,122.88,0.0,22.5,2,1,0.686546,0,1
15,TUESDAY,RESIDENCIAL,0.1200,1.63,8.22,0.0,18.9,0,1,0.048875,0,0
15,SUNDAY,RESIDENCIAL,0.0900,0.25,6.63,0.0,17.6,0,1,0.037139,0,0
15,WEDNESDAY,RESIDENCIAL,0.0500,1.29,33.71,0.0,16.6,0,1,0.039131,0,0
14,FRIDAY,CONDOMINIO,0.1100,3.64,52.48,0.0,14.3,1,0,0.315813,0,0
21,SATURDAY,COMERCIAL,0.2200,1.23,35.76,1.4,22.4,2,0,0.925172,0,1
8,MONDAY,RESIDENCIAL,0.1500,1.22,12.40,0.0,21.3,0,1,0.045482,0,0
19,SATURDAY,RESIDENCIAL,0.0500,3.61,35.23,5.4,23.1,1,0,0.351186,0,1
11,THURSDAY,RESIDENCIAL,0.2800,2.67,48.49,0.0,20.7,0,1,0.086646,0,0
7,SATURDAY,CONDOMINIO,0.2500,6.32,81.04,0.0,24.2,0,0,0.216897,0,1
6,SUNDAY,COMERCIAL,0.0500,5.35,89.64,0.0,23.8,0,0,0.282582,0,1
17,TUESDAY,COMERCIAL,0.2800,1.71,42.47,0.0,16.8,0,1,0.126599,0,0
18,SATURDAY,RESIDENCIAL,0.2800,1.20,55.74,0.0,22.6,2,0,0.764040,0,1
8,FRIDAY,RESIDENCIAL,0.0900,11.86,39.92,11.6,31.7,0,0,0.164129,0,0
10,SATURDAY,COMERCIAL,0.1500,1.17,21.95,0.0,25.4,0,1,0.193887,0,0
14,SATURDAY,COMERCIAL,0.0500,4.94,35.41,0.0,16.1,0,1,0.166192,0,0
2,SATURDAY,COMERCIAL,0.2200,2.02,69.66,0.0,31.4,0,0,0.583496,0,1
13,TUESDAY,CONDOMINIO,0.2200,2.43,34.30,0.0,16.5,0,0,0.183614,0,1
17,SATURDAY,RESIDENCIAL,0.2200,1.28,53.89,1.5,19.8,1,1,0.212664,0,0
22,THURSDAY,RESIDENCIAL,0.2200,5.15,82.99,4.3,19.7,0,1,0.164958,0,0
7,MONDAY,COMERCIAL,0.1900,1.51,38.69,4.2,26.6,0,1,0.101882,0,0
0,SUNDAY,RURAL,0.1900,1.24,34.11,0.0,29.5,1,1,0.417618,0,1
6,WEDNESDAY,CONDOMINIO,0.1500,5.10,60.88,0.0,29.4,1,0,0.379663,0,0
11,WEDNESDAY,COMERCIAL,0.1100,5.95,38.49,0.0,18.8,0,1,0.061152,0,0
16,WEDNESDAY,COMERCIAL,0.0500,0.65,10.59,0.0,16.3,0,1,0.046735,0,0
16,SUNDAY,RESIDENCIAL,0.2500,3.37,32.15,0.0,17.1,0,0,0.130658,0,0
13,MONDAY,CONDOMINIO,0.0800,2.41,37.50,6.8,16.2,1,1,0.233304,0,0
10,FRIDAY,RESIDENCIAL,0.1200,1.26,17.01,0.0,24.3,0,0,0.073477,0,0
17,THURSDAY,RESIDENCIAL,0.1200,2.22,16.13,0.0,17.4,0,1,0.049643,0,0
9,SATURDAY,RESIDENCIAL,0.3100,0.71,12.13,0.0,19.1,1,0,0.286646,0,0
9,SATURDAY,CONDOMINIO,0.2200,2.22,48.85,0.0,24.6,0,0,0.164228,0,0
11,MONDAY,RESIDENCIAL,0.0600,2.19,24.55,1.5,22.7,0,1,0.037850,0,0
7,FRIDAY,RESIDENCIAL,0.1100,4.24,63.77,0.0,23.2,0,1,0.052904,0,0
17,FRIDAY,RESIDENCIAL,0.2200,1.11,8.19,0.0,15.1,0,1,0.065529,0,0
6,SATURDAY,RESIDENCIAL,0.3100,2.84,20.81,0.0,30.5,0,1,0.095716,0,0
16,TUESDAY,CONDOMINIO,0.0500,7.25,124.53,5.1,15.2,0,0,0.184353,0,0
19,MONDAY,RESIDENCIAL,0.2500,2.73,48.51,1.8,20.5,0,1,0.175562,0,0
11,THURSDAY,CONDOMINIO,0.1500,2.83,14.87,0.0,20.3,0,0,0.117765,0,0
7,FRIDAY,COMERCIAL,0.1100,5.52,37.59,0.0,27.0,0,0,0.115921,0,0
8,TUESDAY,CONDOMINIO,0.0800,1.27,16.50,0.0,24.9,0,1,0.058181,0,0
14,SATURDAY,COMERCIAL,0.1500,13.47,157.88,0.0,26.1,0,1,0.423181,0,1
10,WEDNESDAY,RESIDENCIAL,0.1100,3.73,26.43,4.7,23.0,0,0,0.091994,0,0
7,SUNDAY,RESIDENCIAL,0.0500,6.63,83.56,1.7,30.4,0,1,0.053885,0,0
8,MONDAY,RESIDENCIAL,0.0800,2.68,26.94,3.4,27.5,0,0,0.083002,0,0
20,SUNDAY,RESIDENCIAL,0.2800,3.75,60.47,0.0,19.3,0,1,0.173881,0,0
14,TUESDAY,COMERCIAL,0.1100,1.15,8.30,0.0,24.0,0,0,0.112241,0,0
17,SATURDAY,COMERCIAL,0.1200,2.23,33.42,0.0,21.0,0,1,0.212391,0,0
18,SATURDAY,RESIDENCIAL,0.3100,1.51,33.24,13.7,18.6,1,0,0.656832,0,1
9,FRIDAY,RURAL,0.2800,6.57,59.23,0.0,26.7,0,1,0.198638,1,1
17,SUNDAY,RURAL,0.2500,3.33,89.13,0.0,21.7,0,1,0.193687,0,0
20,WEDNESDAY,CONDOMINIO,0.2500,1.86,22.09,0.0,24.9,1,1,0.470748,0,0
11,FRIDAY,RESIDENCIAL,0.2200,3.25,9.22,0.5,22.7,1,1,0.171452,0,0
5,TUESDAY,RURAL,0.3100,3.38,52.40,0.0,32.2,3,1,0.932648,0,1
13,WEDNESDAY,CONDOMINIO,0.0500,1.16,29.13,0.0,15.4,0,1,0.057515,0,0
21,FRIDAY,COMERCIAL,0.0800,3.58,51.71,0.0,27.9,0,1,0.138756,0,0
17,TUESDAY,COMERCIAL,0.1500,1.74,27.02,6.7,15.4,0,1,0.096309,0,0
13,SATURDAY,RURAL,0.2800,1.51,9.97,0.0,23.5,0,1,0.163506,0,0
11,SUNDAY,COMERCIAL,0.1200,0.97,28.56,0.0,19.9,0,0,0.252842,0,0
18,MONDAY,RESIDENCIAL,0.2800,0.46,6.54,0.0,21.0,0,1,0.151570,0,0
13,TUESDAY,RESIDENCIAL,0.0900,4.50,52.61,0.0,21.1,0,1,0.057592,0,0
18,FRIDAY,CONDOMINIO,0.3100,2.89,55.22,0.0,15.8,0,1,0.268770,0,0
14,FRIDAY,RESIDENCIAL,0.2200,2.73,41.89,3.6,20.5,0,0,0.159468,0,1
11,FRIDAY,RESIDENCIAL,0.1500,0.74,3.58,0.0,19.7,0,1,0.042161,0,0
13,TUESDAY,RESIDENCIAL,0.1100,16.53,157.12,0.1,19.8,0,0,0.187282,0,0
13,SUNDAY,RESIDENCIAL,0.2500,2.40,50.48,0.0,16.4,0,1,0.082407,0,0
16,MONDAY,RESIDENCIAL,0.3100,5.58,130.92,0.0,17.1,0,1,0.160459,0,0
12,SATURDAY,COMERCIAL,0.2200,10.35,153.57,0.0,24.0,0,1,0.458354,0,1
3,WEDNESDAY,RESIDENCIAL,0.0900,2.70,26.13,0.0,27.9,0,1,0.078712,0,0
21,FRIDAY,RESIDENCIAL,0.3100,4.64,41.71,0.0,24.0,1,1,0.450869,0,0
19,WEDNESDAY,CONDOMINIO,0.1100,3.28,31.82,0.0,19.1,0,1,0.139588,0,0
12,MONDAY,COMERCIAL,0.0500,0.97,33.47,0.0,17.3,0,1,0.052358,0,0
7,WEDNESDAY,RESIDENCIAL,0.1200,3.29,43.51,0.0,27.4,0,1,0.053875,0,0
11,THURSDAY,COMERCIAL,0.3100,2.08,32.79,4.0,23.0,0,1,0.143461,0,0
7,WEDNESDAY,RESIDENCIAL,0.2800,2.40,33.53,0.0,26.7,2,0,0.610192,0,1
12,WEDNESDAY,CONDOMINIO,0.1500,3.61,34.33,0.0,17.6,1,1,0.236777,0,0
11,THURSDAY,RURAL,0.3100,5.69,46.56,0.0,20.3,2,0,0.781510,0,0
0,WEDNESDAY,RESIDENCIAL,0.0600,4.33,40.85,0.0,30.3,0,0,0.132119,0,0
17,TUESDAY,RESIDENCIAL,0.3100,4.61,52.77,0.0,15.1,0,0,0.185175,0,1
8,TUESDAY,RESIDENCIAL,0.2800,5.51,25.05,14.2,26.0,0,1,0.163413,0,0
6,FRIDAY,RESIDENCIAL,0.0600,1.29,17.36,2.1,29.2,2,0,0.406173,0,1
11,THURSDAY,RESIDENCIAL,0.1900,2.54,28.37,2.3,14.9,1,1,0.152967,0,0
11,THURSDAY,CONDOMINIO,0.1100,2.77,62.52,0.0,21.6,0,1,0.075253,0,0
15,SUNDAY,RESIDENCIAL,0.0800,0.42,12.58,6.9,18.8,0,0,0.084503,0,0
13,TUESDAY,RESIDENCIAL,0.0500,2.19,6.25,0.0,19.0,0,1,0.037679,0,0
11,SUNDAY,COMERCIAL,0.1900,1.59,15.55,0.0,20.8,0,1,0.202289,0,0
12,MONDAY,RESIDENCIAL,0.3100,1.52,30.85,0.0,21.1,0,1,0.111392,0,1
14,SUNDAY,RESIDENCIAL,0.1500,2.75,35.92,6.8,21.9,0,0,0.130838,0,0
15,FRIDAY,RESIDENCIAL,0.1900,1.97,35.23,0.0,17.3,3,1,0.667338,0,1
8,MONDAY,CONDOMINIO,0.0900,2.95,16.90,17.4,26.2,0,1,0.131056,1,1
20,SUNDAY,RESIDENCIAL,0.1100,5.31,32.92,0.0,23.0,0,0,0.156359,0,0
18,TUESDAY,RESIDENCIAL,0.2800,1.27,8.33,0.0,18.5,0,1,0.148688,0,1
10,SUNDAY,CONDOMINIO,0.0600,2.39,35.46,0.0,17.3,0,1,0.046868,0,0
14,FRIDAY,COMERCIAL,0.0500,0.86,27.27,9.9,20.8,0,1,0.082571,0,0
14,FRIDAY,RESIDENCIAL,0.0900,1.46,22.92,0.0,16.6,0,1,0.043947,0,0
11,WEDNESDAY,COMERCIAL,0.1900,1.97,27.58,0.0,18.4,0,1,0.071596,0,0
14,THURSDAY,COMERCIAL,0.0500,2.20,14.31,12.8,20.0,0,1,0.090154,0,0
7,FRIDAY,CONDOMINIO,0.2800,0.86,38.92,0.0,25.5,1,1,0.311563,0,1
16,THURSDAY,RESIDENCIAL,0.0500,4.89,84.40,0.0,16.7,1,0,0.221637,0,0
13,SATURDAY,CONDOMINIO,0.3100,0.80,29.31,0.0,17.5,0,1,0.139103,0,0
10,SUNDAY,RESIDENCIAL,0.0600,5.88,94.70,0.0,23.0,0,0,0.077687,0,0
3,SUNDAY,COMERCIAL,0.2500,5.66,62.99,8.1,30.7,0,0,0.705153,0,1
15,FRIDAY,RESIDENCIAL,0.1100,1.12,17.64,0.0,22.9,0,0,0.086793,1,1
6,SUNDAY,RESIDENCIAL,0.1200,2.47,66.48,0.0,25.6,0,1,0.050674,0,0
13,WEDNESDAY,RESIDENCIAL,0.0600,5.45,81.03,0.0,15.3,0,0,0.087573,0,0
8,THURSDAY,COMERCIAL,0.2500,11.97,156.66,0.0,23.1,0,1,0.188145,0,1
12,WEDNESDAY,RESIDENCIAL,0.1100,3.03,58.97,2.1,16.9,0,1,0.062043,0,0
13,THURSDAY,COMERCIAL,0.1200,7.29,63.48,0.0,15.2,0,1,0.084724,0,0
18,FRIDAY,RESIDENCIAL,0.3100,2.26,41.06,1.2,19.2,3,1,0.869749,0,0
6,SATURDAY,RESIDENCIAL,0.2500,3.52,36.40,0.0,32.0,0,0,0.138668,0,0
13,SATURDAY,RESIDENCIAL,0.0800,3.47,35.84,10.0,15.8,0,1,0.063931,0,0
8,MONDAY,RESIDENCIAL,0.1500,2.20,45.91,0.0,23.3,0,1,0.054922,0,0
10,MONDAY,RESIDENCIAL,0.1900,1.13,19.38,0.0,20.1,1,1,0.144028,0,0
15,MONDAY,RESIDENCIAL,0.0500,3.79,50.86,0.0,20.7,0,1,0.047980,0,0
14,FRIDAY,RESIDENCIAL,0.1100,1.54,7.59,0.0,21.9,0,1,0.049588,0,0
12,SATURDAY,RESIDENCIAL,0.2500,11.44,111.01,0.0,19.8,0,1,0.133084,0,0
16,THURSDAY,COMERCIAL,0.1100,1.13,25.52,4.2,17.5,0,1,0.076515,0,0
7,TUESDAY,RESIDENCIAL,0.0800,6.50,31.37,0.0,22.6,0,0,0.073100,0,0
8,SUNDAY,CONDOMINIO,0.1100,4.23,52.34,0.0,22.4,0,1,0.069339,0,0
18,SUNDAY,RESIDENCIAL,0.3100,5.23,33.09,0.0,23.7,0,1,0.194209,0,0
7,SATURDAY,RESIDENCIAL,0.0900,0.65,30.41,2.5,27.5,0,1,0.043538,0,0
20,MONDAY,RESIDENCIAL,0.3100,5.50,45.95,14.7,24.9,0,1,0.359117,0,1
6,SATURDAY,RURAL,0.1900,2.50,40.45,0.0,27.6,0,1,0.117772,0,0
10,SUNDAY,COMERCIAL,0.3100,1.48,22.02,0.0,23.9,0,1,0.308547,0,0
17,SATURDAY,RESIDENCIAL,0.1200,12.59,105.35,0.0,13.8,3,1,0.688293,0,1
18,FRIDAY,COMERCIAL,0.0800,3.54,45.55,0.0,20.4,0,0,0.189802,0,0
10,SUNDAY,COMERCIAL,0.3100,6.12,94.74,0.0,21.4,0,0,0.524969,0,0
12,SATURDAY,RESIDENCIAL,0.3100,2.13,29.89,0.0,22.8,0,1,0.106102,0,0
11,MONDAY,RESIDENCIAL,0.0800,1.49,20.80,0.0,23.8,0,1,0.037923,0,0
9,WEDNESDAY,RESIDENCIAL,0.1200,2.11,31.56,0.0,19.0,0,1,0.042655,0,0
18,SUNDAY,COMERCIAL,0.2200,6.49,77.88,0.6,24.6,0,1,0.518184,0,1
6,TUESDAY,COMERCIAL,0.2500,2.31,48.73,4.0,30.2,1,1,0.328863,1,1
8,MONDAY,RESIDENCIAL,0.0500,4.41,85.57,11.3,28.4,1,0,0.316269,0,1
4,SUNDAY,RESIDENCIAL,0.0600,3.42,60.27,0.0,25.6,0,0,0.116972,0,0
19,SUNDAY,RESIDENCIAL,0.2800,3.16,13.25,0.0,20.0,2,0,0.731452,0,1
18,SUNDAY,RESIDENCIAL,0.1500,7.27,61.90,0.0,21.0,1,1,0.299297,0,0
17,TUESDAY,RESIDENCIAL,0.1900,14.20,228.25,0.0,18.1,0,0,0.276878,0,0
11,THURSDAY,RESIDENCIAL,0.1900,3.09,17.69,0.0,21.4,0,1,0.056573,0,0
7,TUESDAY,CONDOMINIO,0.1100,2.77,62.72,0.5,27.0,0,0,0.138552,0,0
10,TUESDAY,RURAL,0.1900,1.88,35.06,0.0,26.1,1,1,0.293020,0,1
19,THURSDAY,RESIDENCIAL,0.0600,6.21,44.33,4.5,22.9,0,0,0.179914,0,0
7,SUNDAY,COMERCIAL,0.1900,1.32,68.18,0.0,25.5,0,0,0.371852,0,1
10,MONDAY,RESIDENCIAL,0.0500,1.52,33.12,0.0,25.6,1,1,0.102705,0,1
8,THURSDAY,RESIDENCIAL,0.1100,4.69,67.42,0.0,26.9,2,1,0.357767,0,1
9,FRIDAY,RESIDENCIAL,0.1900,0.98,41.22,7.2,27.0,0,1,0.088135,0,0
23,SATURDAY,COMERCIAL,0.2800,3.04,40.43,3.7,27.9,0,1,0.508054,0,1
9,MONDAY,RESIDENCIAL,0.1900,3.72,52.95,0.0,26.3,2,0,0.547556,0,1
6,MONDAY,COMERCIAL,0.1900,3.03,82.17,0.0,27.1,3,1,0.760683,0,1
13,MONDAY,CONDOMINIO,0.2800,3.94,50.69,7.4,23.2,1,1,0.467113,0,0
17,SUNDAY,COMERCIAL,0.1900,1.40,41.58,0.0,22.9,2,0,0.854373,0,1
12,SATURDAY,RESIDENCIAL,0.0600,1.70,30.04,0.0,20.0,1,1,0.109356,0,0
13,SATURDAY,RESIDENCIAL,0.2200,2.64,56.78,0.0,18.4,1,1,0.204422,0,0
20,TUESDAY,RESIDENCIAL,0.2200,5.13,75.67,0.0,25.3,0,1,0.184964,0,0
16,TUESDAY,RESIDENCIAL,0.2800,1.29,22.31,0.0,21.5,2,1,0.492873,0,0
9,THURSDAY,CONDOMINIO,0.0500,2.33,47.11,0.0,25.7,0,1,0.060693,0,0
0,THURSDAY,COMERCIAL,0.0600,0.68,18.19,0.0,30.1,0,1,0.089624,0,0
12,SATURDAY,RESIDENCIAL,0.1500,5.23,27.06,6.1,17.3,0,0,0.120203,0,0
11,WEDNESDAY,CONDOMINIO,0.2200,6.02,57.00,9.8,15.0,0,0,0.240398,0,0
12,THURSDAY,RESIDENCIAL,0.0600,2.33,45.90,0.3,21.2,0,0,0.080865,0,0
13,TUESDAY,COMERCIAL,0.0800,8.59,76.59,0.0,17.9,2,1,0.449946,0,1
13,THURSDAY,RESIDENCIAL,0.2500,4.63,71.19,0.0,16.9,3,1,0.757406,0,0
12,FRIDAY,RESIDENCIAL,0.1100,1.04,10.09,0.6,22.1,0,0,0.085127,0,0
9,MONDAY,COMERCIAL,0.1900,1.43,61.04,0.0,24.2,0,1,0.088985,0,0
13,TUESDAY,RESIDENCIAL,0.1500,3.33,14.19,0.0,16.4,0,0,0.092626,0,0
18,WEDNESDAY,RESIDENCIAL,0.0800,0.58,14.59,0.0,22.7,2,1,0.437051,0,1
14,TUESDAY,RESIDENCIAL,0.2800,3.96,55.08,0.0,19.9,0,0,0.180542,0,0
13,FRIDAY,CONDOMINIO,0.1100,3.49,48.58,0.0,23.2,0,1,0.094112,0,0
10,WEDNESDAY,COMERCIAL,0.2800,5.96,60.13,2.7,19.7,0,0,0.218406,0,0
14,FRIDAY,RESIDENCIAL,0.0900,5.01,29.24,0.0,20.9,0,0,0.088686,0,0
9,THURSDAY,RESIDENCIAL,0.2200,1.15,16.03,0.0,25.2,0,1,0.064578,0,0
10,WEDNESDAY,RESIDENCIAL,0.1900,8.71,124.28,0.0,18.9,0,0,0.148410,0,0
13,MONDAY,RESIDENCIAL,0.2800,2.71,64.55,0.0,19.6,1,1,0.276468,0,0
20,WEDNESDAY,RESIDENCIAL,0.2500,6.10,88.09,3.9,23.4,1,0,0.622074,0,1
11,WEDNESDAY,RESIDENCIAL,0.2200,1.62,69.60,0.0,20.4,0,0,0.119929,0,0
10,MONDAY,CONDOMINIO,0.0600,1.51,59.09,0.0,18.4,0,0,0.093817,0,1
9,WEDNESDAY,RESIDENCIAL,0.2200,5.43,22.78,1.6,24.5,0,1,0.077192,0,0
12,THURSDAY,RURAL,0.2200,2.01,37.93,2.1,20.8,0,1,0.166932,0,0
17,SUNDAY,CONDOMINIO,0.1900,13.65,157.49,0.0,22.6,0,1,0.203139,0,0
12,THURSDAY,RESIDENCIAL,0.0600,12.53,115.52,10.8,14.3,0,1,0.107871,0,0
15,MONDAY,RESIDENCIAL,0.0800,5.78,56.09,0.0,17.1,0,1,0.053700,0,0
20,SATURDAY,RESIDENCIAL,0.3100,2.36,18.01,1.4,30.6,0,1,0.205224,0,0
9,SATURDAY,COMERCIAL,0.2200,1.24,44.57,0.0,22.8,1,1,0.498820,0,1
7,SUNDAY,RESIDENCIAL,0.0500,8.55,135.92,0.0,28.2,1,1,0.164026,0,1
10,FRIDAY,COMERCIAL,0.1900,3.67,26.05,0.0,21.0,0,1,0.077698,0,0
11,SUNDAY,RESIDENCIAL,0.2800,1.53,33.52,0.0,20.5,0,1,0.072583,0,0
10,WEDNESDAY,RESIDENCIAL,0.2200,1.27,21.66,0.0,26.1,1,1,0.178051,0,1
20,SUNDAY,RESIDENCIAL,0.2500,4.19,36.10,9.7,24.8,0,1,0.228227,0,0
13,SUNDAY,COMERCIAL,0.1100,1.34,21.50,5.1,23.3,0,1,0.241404,0,0
11,THURSDAY,RESIDENCIAL,0.0600,2.44,39.87,0.0,19.8,0,1,0.035794,0,0
10,SUNDAY,RURAL,0.2200,1.69,53.63,0.0,27.8,0,1,0.135026,0,0
17,MONDAY,RESIDENCIAL,0.2800,1.98,30.24,1.0,18.0,1,1,0.248890,0,0
9,SATURDAY,RESIDENCIAL,0.1100,3.66,34.09,0.0,23.0,0,1,0.042203,0,0
5,TUESDAY,COMERCIAL,0.3100,1.18,30.87,0.0,32.0,0,1,0.228461,0,1
7,MONDAY,RESIDENCIAL,0.0500,5.92,71.17,0.0,30.6,0,0,0.086644,0,0
15,SUNDAY,RESIDENCIAL,0.1100,4.46,25.73,10.9,18.8,0,1,0.077338,0,0
10,FRIDAY,RESIDENCIAL,0.0900,7.13,58.57,7.5,26.1,0,0,0.122607,0,1
9,TUESDAY,COMERCIAL,0.1200,3.48,74.63,4.8,23.0,0,0,0.146981,0,0
12,TUESDAY,RESIDENCIAL,0.1500,4.54,48.99,0.0,15.8,0,1,0.064493,0,0
1,SATURDAY,RESIDENCIAL,0.0900,14.09,100.59,0.0,32.4,1,1,0.312729,0,0
6,FRIDAY,RESIDENCIAL,0.2500,2.34,43.06,0.0,36.0,0,1,0.099817,0,1
13,THURSDAY,COMERCIAL,0.2500,2.16,14.97,0.0,17.2,0,1,0.105070,0,1
11,WEDNESDAY,RESIDENCIAL,0.0800,3.60,48.11,0.0,21.0,0,1,0.041985,0,0
16,WEDNESDAY,RESIDENCIAL,0.3100,0.68,23.06,1.1,16.5,0,1,0.102361,0,0
15,TUESDAY,RESIDENCIAL,0.0600,6.03,38.98,0.5,17.2,0,1,0.048024,0,0
10,WEDNESDAY,RESIDENCIAL,0.1200,5.45,61.80,0.0,19.9,0,1,0.052722,0,0
4,MONDAY,RESIDENCIAL,0.0500,11.57,57.32,15.4,28.7,1,0,0.521369,0,0
17,MONDAY,RESIDENCIAL,0.2800,7.61,58.84,4.8,17.4,0,1,0.143025,0,0
10,THURSDAY,CONDOMINIO,0.2200,9.59,125.81,0.7,28.3,0,1,0.185501,0,0
7,THURSDAY,RESIDENCIAL,0.0600,1.31,36.53,8.1,31.2,0,1,0.060504,0,0
9,FRIDAY,CONDOMINIO,0.1900,2.12,14.75,0.0,24.1,0,0,0.142339,0,0
10,MONDAY,RESIDENCIAL,0.0900,1.76,27.01,0.0,21.1,2,0,0.385573,0,1
8,WEDNESDAY,RESIDENCIAL,0.0900,8.98,43.13,0.0,29.1,1,0,0.238489,0,0
13,SATURDAY,COMERCIAL,0.3100,3.35,44.72,0.0,19.7,0,1,0.376749,0,1
18,TUESDAY,CONDOMINIO,0.1100,3.10,45.54,0.0,18.5,1,1,0.336185,0,0
9,THURSDAY,RESIDENCIAL,0.2800,3.94,45.36,0.0,24.5,0,1,0.094485,0,0
19,MONDAY,RESIDENCIAL,0.1200,2.24,20.77,0.7,21.0,0,1,0.097139,0,0
9,THURSDAY,COMERCIAL,0.2200,4.12,43.52,5.3,24.4,1,0,0.421548,0,0
10,THURSDAY,RESIDENCIAL,0.3100,1.57,49.83,0.0,20.1,0,0,0.151945,0,0
0,MONDAY,COMERCIAL,0.0900,4.51,70.54,0.0,25.2,1,1,0.290885,0,0
4,THURSDAY,COMERCIAL,0.0500,7.30,99.78,0.0,35.4,0,1,0.146743,0,0
12,SUNDAY,RESIDENCIAL,0.1500,0.57,15.25,0.0,21.9,0,0,0.088125,0,0
10,SATURDAY,COMERCIAL,0.1200,6.06,51.60,0.0,28.8,0,1,0.225116,0,0
5,THURSDAY,RESIDENCIAL,0.0800,1.70,32.41,1.1,26.2,0,1,0.076962,0,1
20,MONDAY,RESIDENCIAL,0.0800,1.14,43.28,7.8,21.9,3,0,0.865369,0,1
9,FRIDAY,RESIDENCIAL,0.0500,1.25,44.86,7.2,18.3,1,1,0.124629,0,0
12,THURSDAY,RESIDENCIAL,0.0800,3.54,48.91,0.6,17.0,1,1,0.138374,0,0
21,TUESDAY,RESIDENCIAL,0.0800,1.30,66.13,4.0,27.5,0,0,0.197344,0,0
17,TUESDAY,RESIDENCIAL,0.2800,2.18,29.71,0.1,22.7,0,1,0.104503,0,0
18,WEDNESDAY,COMERCIAL,0.2500,2.49,43.33,1.6,16.1,1,0,0.569441,0,1
5,MONDAY,CONDOMINIO,0.3100,4.34,52.79,0.0,23.1,0,1,0.253820,0,0
12,SATURDAY,RESIDENCIAL,0.3100,1.86,65.66,2.6,19.6,0,0,0.199111,0,0
19,SUNDAY,CONDOMINIO,0.0500,2.11,36.61,0.0,23.3,0,0,0.177291,0,0
20,SUNDAY,COMERCIAL,0.1200,3.13,14.54,8.4,21.0,0,0,0.541010,0,1
13,SUNDAY,RESIDENCIAL,0.0600,3.60,46.77,0.0,16.7,0,1,0.041134,0,0
7,MONDAY,RESIDENCIAL,0.1900,1.35,23.24,0.0,27.6,1,1,0.166410,0,0
14,WEDNESDAY,CONDOMINIO,0.2200,5.43,54.82,4.2,21.7,2,1,0.647491,0,0
17,MONDAY,RURAL,0.1900,5.72,69.81,0.0,19.2,2,0,0.753291,0,1
10,SATURDAY,COMERCIAL,0.0800,4.66,26.51,2.6,24.3,1,1,0.400241,0,0
3,FRIDAY,COMERCIAL,0.1200,0.71,15.70,0.0,33.1,0,0,0.185813,0,0
16,WEDNESDAY,RESIDENCIAL,0.1500,1.28,9.18,0.0,21.6,0,1,0.057363,0,0
19,TUESDAY,RURAL,0.2500,2.08,23.66,0.0,20.6,2,0,0.846660,0,1
15,THURSDAY,CONDOMINIO,0.1200,10.54,115.25,0.0,20.6,0,1,0.137822,0,0
16,SUNDAY,RESIDENCIAL,0.2800,1.17,13.05,0.0,17.6,1,0,0.310764,0,0
12,WEDNESDAY,CONDOMINIO,0.0900,4.81,47.87,0.9,22.0,0,1,0.091308,0,0
14,SUNDAY,CONDOMINIO,0.2200,2.25,13.47,0.0,12.6,1,1,0.230078,0,1
17,TUESDAY,RESIDENCIAL,0.2800,3.28,23.36,0.0,17.1,0,1,0.094272,0,0
7,FRIDAY,COMERCIAL,0.0900,5.10,82.91,21.1,28.2,0,1,0.179851,0,0
14,THURSDAY,RURAL,0.3100,3.05,79.55,2.0,21.1,0,0,0.376707,0,1
21,FRIDAY,RESIDENCIAL,0.0500,2.50,34.99,2.3,26.0,0,0,0.151352,0,0
15,WEDNESDAY,RESIDENCIAL,0.0900,1.99,42.24,0.0,18.9,1,1,0.136663,0,0
9,WEDNESDAY,CONDOMINIO,0.2200,4.71,23.12,1.9,24.3,0,0,0.184182,0,0
2,THURSDAY,RESIDENCIAL,0.0600,1.42,34.55,0.0,24.9,0,0,0.110239,0,0
20,SATURDAY,CONDOMINIO,0.1100,4.19,88.52,0.0,21.2,1,0,0.505707,0,0
8,THURSDAY,RESIDENCIAL,0.1100,3.65,51.05,4.0,23.7,0,0,0.098807,0,1
6,WEDNESDAY,CONDOMINIO,0.2200,2.09,29.50,0.0,30.7,0,1,0.115500,0,0
15,THURSDAY,COMERCIAL,0.1100,9.84,141.50,0.0,17.0,0,1,0.118366,0,0
8,THURSDAY,CONDOMINIO,0.1200,14.64,104.77,0.0,25.0,1,1,0.302606,0,0
18,THURSDAY,RESIDENCIAL,0.2200,4.43,54.02,4.2,19.9,2,1,0.666818,0,0
12,TUESDAY,CONDOMINIO,0.0500,5.07,46.50,5.6,18.2,0,0,0.145387,0,0
12,SUNDAY,CONDOMINIO,0.1200,5.65,37.69,0.0,19.7,0,1,0.084402,0,0
11,TUESDAY,RESIDENCIAL,0.2800,1.11,33.54,0.0,18.4,0,1,0.075852,0,0
7,FRIDAY,RURAL,0.1500,4.55,35.10,0.0,26.3,1,0,0.396553,0,0
17,SATURDAY,CONDOMINIO,0.0900,2.90,43.45,4.8,20.7,0,0,0.146328,0,0
15,MONDAY,COMERCIAL,0.2200,2.28,28.21,0.0,21.9,0,1,0.107921,0,0
13,SATURDAY,CONDOMINIO,0.1500,1.25,10.37,0.0,20.8,0,1,0.078618,0,0
11,SATURDAY,RESIDENCIAL,0.0900,6.45,80.85,0.0,23.6,0,1,0.050529,0,0
7,MONDAY,RESIDENCIAL,0.0500,2.20,42.68,0.0,27.1,0,1,0.039838,0,1
11,FRIDAY,RESIDENCIAL,0.3100,12.34,147.12,0.0,23.1,0,1,0.174939,0,0
9,THURSDAY,CONDOMINIO,0.3100,3.05,31.63,0.0,23.3,0,1,0.142922,0,0
6,WEDNESDAY,RESIDENCIAL,0.1100,2.11,46.78,0.0,32.8,0,1,0.056565,0,0
11,FRIDAY,COMERCIAL,0.0600,1.42,18.95,1.5,22.6,0,0,0.080973,0,0
3,FRIDAY,CONDOMINIO,0.2200,1.50,25.46,2.0,24.2,0,1,0.181434,0,0
18,TUESDAY,RESIDENCIAL,0.1500,9.37,44.02,0.0,16.8,0,1,0.124154,0,0
11,SATURDAY,CONDOMINIO,0.0500,3.34,76.18,0.0,18.7,0,1,0.055316,0,0
17,WEDNESDAY,CONDOMINIO,0.0600,2.28,53.34,0.0,20.0,2,0,0.552397,0,1
11,THURSDAY,COMERCIAL,0.1200,1.42,51.86,0.0,19.7,0,0,0.101282,0,0
8,SATURDAY,RESIDENCIAL,0.0500,2.46,45.29,6.3,25.0,0,1,0.046360,0,0
13,SATURDAY,CONDOMINIO,0.0900,4.97,35.55,1.6,17.1,0,0,0.123516,0,0
8,TUESDAY,COMERCIAL,0.1500,3.02,44.17,0.0,25.1,2,1,0.426580,0,0
12,FRIDAY,COMERCIAL,0.0800,7.63,136.61,0.0,17.9,2,1,0.503797,0,1
20,WEDNESDAY,RESIDENCIAL,0.1500,6.61,106.23,0.1,19.7,0,0,0.238426,0,0
22,SATURDAY,RESIDENCIAL,0.1200,12.33,151.37,0.0,21.7,1,1,0.326893,0,0
9,THURSDAY,RESIDENCIAL,0.2200,1.44,18.00,0.0,20.0,1,1,0.159494,0,1
17,FRIDAY,CONDOMINIO,0.2200,2.90,30.02,0.0,17.7,1,1,0.284262,0,0
18,MONDAY,CONDOMINIO,0.1500,1.77,21.67,5.6,19.0,0,0,0.281493,0,0
15,FRIDAY,CONDOMINIO,0.2500,0.89,29.22,0.0,12.5,0,0,0.180810,0,0
1,FRIDAY,RURAL,0.2500,4.89,22.02,0.8,27.9,0,1,0.260057,0,1
15,MONDAY,RESIDENCIAL,0.0900,4.47,60.06,1.1,20.5,0,1,0.061312,0,0
12,SATURDAY,RESIDENCIAL,0.0800,4.77,32.41,5.0,15.0,0,0,0.086581,0,0
9,TUESDAY,CONDOMINIO,0.1100,5.42,74.31,5.2,21.4,0,1,0.102914,0,0
4,MONDAY,RURAL,0.2500,0.86,11.84,0.0,29.4,1,0,0.612269,0,1
11,THURSDAY,COMERCIAL,0.1100,2.48,81.80,3.5,23.4,0,0,0.136426,0,0
16,WEDNESDAY,RESIDENCIAL,0.1900,1.76,9.08,9.5,17.2,2,1,0.477969,0,1
15,SUNDAY,RESIDENCIAL,0.3100,0.80,17.70,0.0,14.3,0,1,0.084463,0,0
7,SUNDAY,RESIDENCIAL,0.0900,4.36,46.91,0.0,26.2,0,1,0.044389,0,0
20,FRIDAY,RESIDENCIAL,0.3100,2.76,14.69,15.1,22.4,0,0,0.436657,0,0
13,TUESDAY,RESIDENCIAL,0.0600,3.43,36.15,1.6,24.1,0,1,0.053370,0,0
13,THURSDAY,RESIDENCIAL,0.0600,0.61,17.08,9.6,20.3,0,0,0.100794,0,0
16,SUNDAY,COMERCIAL,0.0600,4.72,51.79,0.0,21.5,0,1,0.197049,0,0
6,TUESDAY,RESIDENCIAL,0.0900,7.95,107.51,0.0,30.7,1,1,0.190431,0,0
10,WEDNESDAY,RESIDENCIAL,0.1200,4.47,22.39,0.0,22.8,1,0,0.203803,0,0
7,FRIDAY,COMERCIAL,0.2200,2.98,46.85,0.0,27.5,1,1,0.257673,0,0
7,MONDAY,CONDOMINIO,0.3100,2.38,61.36,3.9,26.7,1,1,0.414460,0,1
23,SUNDAY,RESIDENCIAL,0.0500,2.35,21.36,0.0,26.0,0,0,0.096581,0,0
7,FRIDAY,COMERCIAL,0.3100,0.54,29.82,0.0,27.5,2,0,0.694826,0,1
7,SUNDAY,CONDOMINIO,0.1500,2.55,61.56,0.0,27.5,1,0,0.334031,0,1
12,THURSDAY,COMERCIAL,0.3100,2.89,15.38,0.0,22.3,0,1,0.144275,0,0
6,SATURDAY,RESIDENCIAL,0.1200,2.08,31.12,0.0,24.4,0,1,0.042880,0,0
7,TUESDAY,RESIDENCIAL,0.3100,20.62,237.52,0.0,28.3,0,1,0.293505,0,0
1,SUNDAY,COMERCIAL,0.0900,14.00,186.22,0.0,33.5,0,1,0.518711,0,0
14,SUNDAY,COMERCIAL,0.2200,1.87,26.51,0.0,20.2,1,0,0.665252,0,1
15,FRIDAY,COMERCIAL,0.3100,3.03,71.14,1.9,22.2,0,0,0.284919,0,1
6,SUNDAY,RESIDENCIAL,0.3100,1.70,37.80,0.0,27.7,0,1,0.094294,0,0
11,WEDNESDAY,RESIDENCIAL,0.0800,3.70,47.28,0.0,20.2,0,0,0.069501,0,0
12,SATURDAY,RESIDENCIAL,0.1100,1.56,9.04,0.0,16.3,0,1,0.040744,0,0
15,MONDAY,RESIDENCIAL,0.1200,2.95,29.81,0.0,15.9,0,1,0.051710,0,0
20,WEDNESDAY,RESIDENCIAL,0.1100,6.86,67.10,0.0,23.6,0,1,0.124761,0,0
8,FRIDAY,RESIDENCIAL,0.0900,3.98,90.59,0.0,24.9,0,1,0.055717,0,0
15,SUNDAY,RESIDENCIAL,0.1500,2.71,86.45,0.0,17.8,0,1,0.067204,0,0
20,WEDNESDAY,RESIDENCIAL,0.1100,1.87,28.17,0.0,19.7,1,1,0.230309,0,0
14,MONDAY,RESIDENCIAL,0.1100,2.92,53.74,0.0,21.1,0,1,0.060084,0,0
7,MONDAY,RESIDENCIAL,0.1100,3.07,23.32,1.1,26.5,0,1,0.049244,0,0
16,TUESDAY,RESIDENCIAL,0.0500,1.67,47.98,0.0,21.3,0,0,0.076539,0,0
17,WEDNESDAY,COMERCIAL,0.1100,4.94,46.10,0.8,18.6,0,1,0.079871,0,0
6,TUESDAY,RESIDENCIAL,0.1100,0.93,22.67,0.0,26.7,0,0,0.075016,0,0
2,SATURDAY,CONDOMINIO,0.2800,2.65,55.10,0.0,25.6,1,0,0.591133,0,1
6,SATURDAY,RURAL,0.2500,0.91,25.30,0.0,22.9,0,0,0.194967,0,0
13,SATURDAY,RESIDENCIAL,0.1100,3.72,57.72,0.1,22.3,0,1,0.058106,0,0
10,WEDNESDAY,RESIDENCIAL,0.2200,4.06,27.53,8.6,18.9,1,0,0.344483,0,0
19,WEDNESDAY,RURAL,0.1900,5.29,66.29,0.4,20.2,1,1,0.519842,0,0
1,THURSDAY,RESIDENCIAL,0.2800,3.46,31.37,2.4,23.9,1,0,0.504495,0,1
11,SATURDAY,CONDOMINIO,0.0600,2.70,13.18,0.0,21.1,0,0,0.078148,0,0
12,THURSDAY,CONDOMINIO,0.1500,2.15,26.06,0.0,20.7,0,1,0.092961,0,0
16,MONDAY,RESIDENCIAL,0.0900,1.77,39.01,0.0,18.8,1,1,0.134271,0,1
17,WEDNESDAY,RURAL,0.3100,2.54,15.62,0.0,16.1,0,1,0.180640,0,0
17,THURSDAY,CONDOMINIO,0.1500,15.07,96.34,0.0,18.8,0,1,0.152919,0,0
7,TUESDAY,RURAL,0.3100,4.51,50.91,0.0,31.0,0,1,0.218640,0,0
7,MONDAY,RESIDENCIAL,0.1500,2.15,29.85,0.0,24.4,0,1,0.052708,0,0
0,THURSDAY,COMERCIAL,0.2800,0.41,4.92,3.4,27.4,0,1,0.197964,0,0
7,FRIDAY,RESIDENCIAL,0.1900,24.27,250.00,12.6,24.7,0,1,0.326898,0,0
14,WEDNESDAY,CONDOMINIO,0.1900,9.81,107.53,12.3,13.6,0,1,0.233415,0,1
8,SATURDAY,COMERCIAL,0.1200,1.77,36.61,4.1,22.0,0,0,0.308998,0,0
12,MONDAY,RESIDENCIAL,0.0900,0.94,43.63,18.2,16.0,0,0,0.160707,0,0
13,MONDAY,RESIDENCIAL,0.1100,1.32,18.68,11.5,18.6,0,1,0.078509,0,0
12,WEDNESDAY,COMERCIAL,0.1900,18.02,250.00,0.0,18.8,1,0,0.653962,0,0
21,MONDAY,RESIDENCIAL,0.1500,0.97,18.02,0.0,21.9,0,1,0.102876,0,1
5,MONDAY,RESIDENCIAL,0.0600,2.91,24.89,0.0,30.1,0,0,0.120714,0,0
16,WEDNESDAY,RESIDENCIAL,0.2500,6.39,68.82,0.0,21.4,0,0,0.184377,0,0
10,TUESDAY,RURAL,0.2800,1.98,20.42,0.0,20.6,0,0,0.224990,0,1
20,SATURDAY,CONDOMINIO,0.1500,0.84,15.10,0.0,20.4,0,0,0.212386,0,0
9,WEDNESDAY,COMERCIAL,0.2800,2.54,46.63,0.0,20.0,0,0,0.177997,0,0
16,SUNDAY,RESIDENCIAL,0.0800,1.14,63.85,0.0,12.5,0,0,0.069390,0,0
17,THURSDAY,RESIDENCIAL,0.2200,2.35,45.71,0.0,16.8,0,1,0.079995,0,1
10,FRIDAY,COMERCIAL,0.1100,3.21,34.21,0.0,20.8,2,1,0.359644,0,0
20,MONDAY,RESIDENCIAL,0.0900,1.86,50.31,0.0,17.7,0,1,0.088003,0,0
12,TUESDAY,COMERCIAL,0.1900,6.81,104.27,0.0,18.2,1,0,0.440614,0,0
10,SATURDAY,RESIDENCIAL,0.3100,9.93,89.46,0.0,15.5,2,0,0.658382,0,0
19,MONDAY,CONDOMINIO,0.2800,0.95,41.45,4.3,23.4,0,1,0.293395,0,0
11,MONDAY,RESIDENCIAL,0.2500,1.39,21.37,0.0,19.1,1,1,0.175409,0,1
14,SUNDAY,RURAL,0.3100,2.90,44.14,0.0,14.3,0,0,0.273897,0,0
7,WEDNESDAY,RESIDENCIAL,0.0800,6.64,31.05,0.0,27.5,0,1,0.047889,0,0
14,THURSDAY,RURAL,0.3100,0.19,23.00,0.0,16.2,1,0,0.527659,0,1
8,THURSDAY,RESIDENCIAL,0.1200,3.14,73.81,5.5,27.2,0,1,0.075525,0,0
7,SATURDAY,CONDOMINIO,0.1100,7.46,63.37,0.0,28.3,0,1,0.086747,0,0
17,MONDAY,CONDOMINIO,0.3100,3.09,21.95,0.0,13.3,0,0,0.226365,1,1
18,TUESDAY,RESIDENCIAL,0.1500,1.43,37.07,0.0,22.4,0,1,0.112249,0,0
10,THURSDAY,CONDOMINIO,0.1100,3.97,52.17,0.0,24.9,0,0,0.129649,0,0
8,THURSDAY,RESIDENCIAL,0.1900,3.28,26.46,0.1,27.0,0,0,0.108355,0,0
5,WEDNESDAY,RESIDENCIAL,0.1100,8.50,62.82,0.0,27.7,0,1,0.109855,0,0
17,TUESDAY,RESIDENCIAL,0.2500,14.81,85.64,0.0,14.9,1,1,0.312343,0,0
13,TUESDAY,RESIDENCIAL,0.2200,4.50,34.32,0.0,19.5,1,1,0.217513,0,0
7,TUESDAY,RESIDENCIAL,0.2800,3.30,75.76,0.0,29.6,1,0,0.400721,0,0
1,SATURDAY,RESIDENCIAL,0.0500,3.72,49.26,0.9,29.4,0,1,0.073682,0,0
17,TUESDAY,RESIDENCIAL,0.0600,2.14,27.62,0.0,21.2,2,1,0.294834,0,0
9,SATURDAY,RESIDENCIAL,0.3100,4.30,34.68,0.0,25.5,0,0,0.153972,0,0
19,FRIDAY,RESIDENCIAL,0.1100,4.51,22.26,7.9,22.2,1,0,0.448011,0,0
8,WEDNESDAY,COMERCIAL,0.0500,1.54,18.98,0.0,30.6,1,0,0.218645,0,0
18,MONDAY,RURAL,0.1500,5.41,57.47,11.1,20.2,0,1,0.324894,0,0
10,WEDNESDAY,RESIDENCIAL,0.0500,1.52,51.79,9.0,20.7,0,1,0.052858,0,0
4,THURSDAY,RESIDENCIAL,0.3100,4.83,75.18,1.7,31.6,0,0,0.347504,0,1
17,MONDAY,RESIDENCIAL,0.1200,2.33,45.78,0.0,16.2,0,1,0.054442,0,0
11,SUNDAY,CONDOMINIO,0.1500,5.91,26.64,0.0,16.5,0,1,0.068135,0,0
11,SATURDAY,CONDOMINIO,0.2800,13.33,198.99,9.6,23.0,0,1,0.341011,0,1
19,THURSDAY,RESIDENCIAL,0.0900,4.07,44.14,0.0,20.3,0,1,0.094860,0,0
14,THURSDAY,RESIDENCIAL,0.0800,6.32,24.58,0.0,20.3,0,1,0.051286,0,0
21,WEDNESDAY,RESIDENCIAL,0.1100,3.37,50.30,9.3,21.8,3,1,0.829197,0,1
8,SATURDAY,RESIDENCIAL,0.1100,1.02,42.47,0.0,19.9,0,1,0.038545,0,0
15,MONDAY,RESIDENCIAL,0.2200,1.39,37.87,10.3,16.1,3,0,0.858359,0,1
12,SATURDAY,CONDOMINIO,0.2200,1.27,40.74,0.0,24.4,0,1,0.120544,0,0
20,FRIDAY,RESIDENCIAL,0.2200,5.82,73.83,0.0,22.4,2,1,0.661239,1,1
15,SUNDAY,RESIDENCIAL,0.0900,2.48,33.19,0.0,19.3,0,0,0.075213,0,0
21,SUNDAY,RESIDENCIAL,0.0900,3.22,32.62,0.0,21.0,0,1,0.082487,0,0
8,SUNDAY,CONDOMINIO,0.2200,0.68,41.82,0.0,28.5,0,1,0.102871,0,1
8,TUESDAY,RURAL,0.2800,0.84,14.09,0.0,26.8,0,1,0.152304,0,0
7,TUESDAY,RESIDENCIAL,0.2500,7.86,114.45,17.4,32.9,0,1,0.258324,0,0
12,TUESDAY,RURAL,0.2500,3.81,23.15,0.0,18.1,0,1,0.161089,0,0
18,WEDNESDAY,RESIDENCIAL,0.1500,3.54,36.42,0.0,12.0,0,1,0.097456,0,0
17,SATURDAY,RESIDENCIAL,0.1500,1.97,43.67,7.9,22.6,0,1,0.085601,0,0
15,FRIDAY,RESIDENCIAL,0.0800,1.58,36.83,9.0,20.1,0,1,0.070033,0,0
17,SATURDAY,CONDOMINIO,0.3100,1.18,15.04,0.0,20.4,2,0,0.718627,0,1
20,TUESDAY,RESIDENCIAL,0.3100,2.14,11.09,0.0,25.5,1,0,0.549304,0,0
13,THURSDAY,RESIDENCIAL,0.0500,0.38,8.49,0.0,12.0,0,1,0.031783,0,0
13,THURSDAY,RESIDENCIAL,0.1200,3.09,73.20,0.0,19.3,2,1,0.386049,0,0
10,TUESDAY,RESIDENCIAL,0.0600,1.82,29.68,0.0,21.7,0,1,0.035169,0,0
13,TUESDAY,RESIDENCIAL,0.3100,23.35,196.64,6.1,24.1,0,0,0.504202,0,0
11,THURSDAY,RESIDENCIAL,0.1200,5.95,40.36,0.0,23.2,0,0,0.087399,0,0
9,THURSDAY,RESIDENCIAL,0.2500,0.90,22.41,0.0,16.9,0,0,0.104344,0,0
6,MONDAY,RESIDENCIAL,0.2800,1.62,24.16,13.1,34.2,1,1,0.373002,0,0
11,SUNDAY,RESIDENCIAL,0.0900,3.43,77.79,4.4,20.2,0,1,0.052596,0,0
9,SATURDAY,RESIDENCIAL,0.1500,3.25,41.55,2.3,24.1,0,1,0.056410,0,0
13,SATURDAY,RESIDENCIAL,0.2500,8.56,55.26,0.0,15.2,2,1,0.484765,0,1
21,SATURDAY,RESIDENCIAL,0.0600,11.06,152.82,0.0,24.9,0,1,0.145018,0,0
19,SATURDAY,CONDOMINIO,0.0500,2.78,77.19,8.3,21.1,0,1,0.171329,0,0
11,TUESDAY,RESIDENCIAL,0.1100,2.69,50.06,5.4,19.1,1,1,0.152192,0,0
16,SUNDAY,RESIDENCIAL,0.3100,4.62,49.55,0.0,17.1,2,1,0.523907,0,1
13,TUESDAY,RESIDENCIAL,0.1500,2.56,47.62,0.0,25.7,2,1,0.417871,0,1
9,SATURDAY,RESIDENCIAL,0.0500,11.19,174.05,0.0,26.6,1,0,0.290687,0,0
12,THURSDAY,COMERCIAL,0.0900,3.45,49.94,0.0,18.8,0,0,0.116295,0,0
5,THURSDAY,COMERCIAL,0.0600,2.76,36.26,7.7,34.8,0,1,0.147611,0,0
13,MONDAY,COMERCIAL,0.3100,0.81,11.37,0.0,15.9,0,1,0.121717,0,0
17,TUESDAY,RESIDENCIAL,0.1200,2.71,36.46,0.0,21.3,0,0,0.097053,0,1
6,SATURDAY,RESIDENCIAL,0.1900,0.88,33.46,0.0,30.8,0,1,0.061910,0,0
14,THURSDAY,RESIDENCIAL,0.1200,3.67,47.13,0.0,17.8,0,0,0.096762,0,0
2,SUNDAY,CONDOMINIO,0.0900,4.85,75.37,0.0,29.1,0,1,0.137612,0,0
16,WEDNESDAY,RESIDENCIAL,0.2800,2.36,56.47,0.0,17.2,0,0,0.167825,0,1
15,FRIDAY,RESIDENCIAL,0.0900,1.97,51.59,1.5,20.5,0,1,0.056953,0,0
19,WEDNESDAY,RESIDENCIAL,0.0600,4.05,86.00,6.5,20.3,0,1,0.128280,0,0
18,SUNDAY,RESIDENCIAL,0.0900,5.43,80.40,0.0,18.4,0,0,0.159139,0,0
20,WEDNESDAY,CONDOMINIO,0.2800,0.56,35.31,14.6,23.1,1,0,0.767499,0,0
14,SUNDAY,RESIDENCIAL,0.0800,1.02,18.29,0.0,21.1,0,1,0.040725,0,0
14,WEDNESDAY,RESIDENCIAL,0.1100,2.01,32.52,0.0,21.0,0,1,0.054184,0,0
18,MONDAY,COMERCIAL,0.0500,0.79,18.59,4.0,23.8,0,0,0.182442,0,0
12,MONDAY,RESIDENCIAL,0.1500,1.49,25.56,0.0,18.5,0,0,0.096171,0,0
10,THURSDAY,CONDOMINIO,0.0800,0.57,12.08,1.7,19.8,0,1,0.054944,0,0
14,MONDAY,RESIDENCIAL,0.0500,6.18,36.64,0.0,19.3,0,1,0.046845,0,0
17,MONDAY,RESIDENCIAL,0.3100,4.25,23.14,2.9,17.3,0,0,0.192369,0,0
19,THURSDAY,CONDOMINIO,0.1200,1.09,26.98,0.0,17.6,0,0,0.208692,0,1
14,MONDAY,RESIDENCIAL,0.0800,2.63,39.93,4.5,21.2,0,1,0.061339,0,0
16,SUNDAY,CONDOMINIO,0.0900,1.93,20.50,0.0,15.4,2,1,0.365458,0,0
7,SUNDAY,RESIDENCIAL,0.3100,3.96,67.62,0.0,31.2,1,1,0.285667,0,0
15,FRIDAY,CONDOMINIO,0.0800,2.58,61.22,0.0,18.5,0,0,0.130038,0,1
8,MONDAY,RESIDENCIAL,0.2800,1.47,70.89,0.0,24.7,0,1,0.098350,0,0
11,THURSDAY,RESIDENCIAL,0.1100,1.56,44.41,0.0,22.6,0,1,0.045592,0,0
19,SUNDAY,COMERCIAL,0.1500,6.30,90.13,2.0,19.9,0,1,0.451656,0,1
11,SATURDAY,CONDOMINIO,0.1900,1.24,17.24,0.0,20.9,1,1,0.194342,0,0
8,SUNDAY,CONDOMINIO,0.0800,1.18,23.87,0.0,25.5,0,1,0.054939,0,0
7,FRIDAY,RESIDENCIAL,0.0900,5.80,91.29,0.0,26.9,0,0,0.100486,0,0
7,WEDNESDAY,RESIDENCIAL,0.0900,5.58,101.55,0.0,25.9,2,1,0.371380,0,0
11,THURSDAY,CONDOMINIO,0.0500,12.53,222.83,0.0,22.1,0,0,0.213588,0,0
9,THURSDAY,RESIDENCIAL,0.3100,6.27,55.79,0.0,23.0,3,1,0.773803,0,0
9,WEDNESDAY,RESIDENCIAL,0.2200,6.76,113.98,0.0,25.1,1,1,0.260556,0,0
14,MONDAY,RESIDENCIAL,0.2500,4.00,41.81,0.0,19.0,0,0,0.154105,0,0
16,THURSDAY,CONDOMINIO,0.3100,1.26,44.53,2.5,22.4,1,1,0.415839,0,0
7,FRIDAY,RESIDENCIAL,0.2200,1.83,65.64,0.0,23.4,0,1,0.076302,0,0
7,TUESDAY,RURAL,0.2200,0.35,13.74,0.5,32.5,2,1,0.590543,0,0
2,MONDAY,RESIDENCIAL,0.1100,1.07,20.68,0.0,30.2,0,1,0.083438,0,0
10,SUNDAY,RURAL,0.1500,1.35,33.16,0.0,23.8,0,1,0.090495,0,0
20,FRIDAY,CONDOMINIO,0.1200,1.79,37.89,0.0,14.8,0,1,0.132654,0,0
23,WEDNESDAY,CONDOMINIO,0.2200,2.75,18.23,0.0,27.5,1,1,0.394525,0,1
21,THURSDAY,CONDOMINIO,0.1500,1.01,17.72,0.0,24.4,1,1,0.362190,0,0
12,TUESDAY,RESIDENCIAL,0.1900,2.51,67.08,0.0,20.8,0,1,0.083713,0,0
18,SATURDAY,COMERCIAL,0.1900,0.46,20.08,0.0,13.7,1,1,0.604875,0,0
11,THURSDAY,COMERCIAL,0.0500,5.10,77.65,0.1,20.6,0,1,0.057573,0,0
13,FRIDAY,COMERCIAL,0.0600,3.60,34.99,0.0,19.9,2,0,0.504490,0,0
19,SUNDAY,CONDOMINIO,0.1100,4.47,26.64,0.0,21.3,0,1,0.134041,0,0
12,SUNDAY,RESIDENCIAL,0.3100,1.45,26.86,0.0,20.3,0,0,0.159720,0,0
15,SATURDAY,CONDOMINIO,0.1100,1.89,29.54,17.9,19.1,0,1,0.147155,0,0
15,SATURDAY,RESIDENCIAL,0.2200,2.27,38.87,0.0,14.1,0,0,0.111474,0,0
16,SATURDAY,COMERCIAL,0.2200,2.34,26.87,0.0,18.2,1,1,0.527467,0,0
11,MONDAY,RESIDENCIAL,0.0600,1.67,17.12,1.3,21.8,0,0,0.059790,0,0
8,SATURDAY,CONDOMINIO,0.3100,7.97,97.83,0.0,27.4,0,0,0.294957,0,1
21,TUESDAY,CONDOMINIO,0.0500,4.24,76.56,0.0,24.3,0,1,0.147825,0,1
7,TUESDAY,CONDOMINIO,0.1500,4.18,79.61,2.1,31.8,1,0,0.426399,0,1
18,THURSDAY,CONDOMINIO,0.0900,1.79,13.06,6.9,20.5,0,1,0.158090,0,0
14,TUESDAY,RESIDENCIAL,0.0900,1.94,11.39,0.0,15.1,0,1,0.041331,0,0
13,FRIDAY,RURAL,0.2800,22.53,250.00,0.0,17.7,0,1,0.459402,0,1
9,THURSDAY,COMERCIAL,0.2800,0.75,29.59,0.0,24.5,0,1,0.108816,0,0
21,MONDAY,RESIDENCIAL,0.0900,2.30,34.17,0.0,23.8,0,0,0.151894,0,0
16,SUNDAY,RURAL,0.1900,4.01,28.46,0.0,22.5,1,1,0.315202,0,1
16,FRIDAY,RURAL,0.1900,8.62,162.29,0.0,22.0,0,0,0.357705,0,0
16,SATURDAY,RESIDENCIAL,0.3100,0.92,22.08,0.0,22.5,0,1,0.099869,1,1
3,SATURDAY,CONDOMINIO,0.2200,2.73,55.20,3.0,34.0,1,1,0.471045,0,0
9,TUESDAY,RESIDENCIAL,0.0800,4.73,15.41,13.0,24.2,0,1,0.070364,0,0
7,SUNDAY,RURAL,0.1500,1.52,48.62,0.0,30.0,0,1,0.107406,0,0
9,SATURDAY,RESIDENCIAL,0.1200,1.70,56.16,5.8,22.0,2,1,0.353918,0,0
11,THURSDAY,RESIDENCIAL,0.2800,2.95,16.39,0.0,14.5,0,1,0.069094,0,0
8,TUESDAY,RESIDENCIAL,0.0600,1.15,44.31,5.4,24.7,0,1,0.048939,0,0
6,SUNDAY,RESIDENCIAL,0.0900,1.20,20.89,0.0,28.9,0,1,0.039224,0,0
17,SATURDAY,CONDOMINIO,0.1200,1.93,47.77,1.1,18.7,0,1,0.082628,0,0
10,SATURDAY,RESIDENCIAL,0.1900,0.60,47.81,3.6,29.6,1,1,0.193136,0,1
11,THURSDAY,CONDOMINIO,0.0600,4.13,28.40,0.0,18.3,0,1,0.053295,0,0
18,TUESDAY,RESIDENCIAL,0.1200,1.94,44.26,0.0,18.2,0,0,0.157035,0,0
11,TUESDAY,COMERCIAL,0.0600,2.28,57.45,0.0,26.8,0,0,0.096459,0,0
19,SUNDAY,RESIDENCIAL,0.2800,0.81,66.40,0.0,17.2,2,1,0.634101,0,0
21,WEDNESDAY,RESIDENCIAL,0.1900,11.34,142.54,1.8,25.1,1,1,0.499165,0,1
12,THURSDAY,RESIDENCIAL,0.3100,4.12,50.21,0.0,21.4,0,0,0.201305,0,0
6,WEDNESDAY,RESIDENCIAL,0.0500,2.33,58.83,6.5,24.9,0,0,0.089812,0,0
21,WEDNESDAY,RESIDENCIAL,0.1500,6.91,70.49,8.3,27.2,0,0,0.314796,0,1
12,SUNDAY,RESIDENCIAL,0.3100,0.93,30.69,0.7,20.0,0,0,0.163490,0,0
8,WEDNESDAY,CONDOMINIO,0.2200,2.02,31.66,0.3,27.6,0,1,0.111317,0,0
8,TUESDAY,RESIDENCIAL,0.0600,0.83,20.80,0.0,21.6,0,0,0.056038,0,0
13,WEDNESDAY,RESIDENCIAL,0.3100,5.94,36.38,0.0,18.5,0,1,0.119626,0,0
9,FRIDAY,COMERCIAL,0.0600,1.80,54.16,0.0,24.1,0,0,0.089777,0,0
21,SUNDAY,RESIDENCIAL,0.1900,1.04,25.25,0.0,30.5,0,1,0.129769,0,0
12,WEDNESDAY,CONDOMINIO,0.0800,2.99,37.23,0.0,16.5,0,1,0.070677,0,0
20,FRIDAY,COMERCIAL,0.1200,1.92,16.64,0.0,24.5,1,1,0.306732,0,1
17,MONDAY,RESIDENCIAL,0.3100,6.31,31.92,0.0,16.7,0,1,0.115009,0,0
18,WEDNESDAY,RESIDENCIAL,0.3100,3.48,35.91,0.0,19.4,0,1,0.191335,0,0
21,SATURDAY,RESIDENCIAL,0.3100,8.82,141.14,3.8,23.2,0,0,0.452657,0,0
13,FRIDAY,RESIDENCIAL,0.1100,3.25,60.79,0.0,17.4,0,1,0.057998,0,0
13,THURSDAY,CONDOMINIO,0.1900,11.57,155.65,0.0,23.3,0,1,0.212127,0,0
13,TUESDAY,RESIDENCIAL,0.0900,1.05,52.73,4.0,19.8,0,1,0.061409,0,0
15,SATURDAY,RESIDENCIAL,0.0600,1.22,19.76,0.0,19.3,1,1,0.102988,0,0
16,THURSDAY,RESIDENCIAL,0.2500,1.79,41.26,0.0,20.8,2,1,0.481456,0,0
4,SATURDAY,RURAL,0.1900,11.65,109.53,0.0,30.3,0,0,0.424426,0,0
11,SATURDAY,CONDOMINIO,0.0500,0.73,26.50,0.0,20.4,0,0,0.074623,0,0
8,TUESDAY,CONDOMINIO,0.0800,5.64,89.79,18.0,29.8,0,0,0.284176,0,0
6,TUESDAY,RESIDENCIAL,0.2500,8.31,45.68,0.0,24.8,0,0,0.152706,0,0
20,SUNDAY,COMERCIAL,0.0500,2.63,30.61,0.0,25.9,1,1,0.551366,0,1
12,FRIDAY,RESIDENCIAL,0.1900,4.67,78.88,0.0,19.1,0,0,0.144831,0,0
12,MONDAY,RESIDENCIAL,0.1900,6.25,32.21,0.0,14.0,1,1,0.186197,0,0
7,SUNDAY,CONDOMINIO,0.2500,13.78,98.41,0.0,24.6,1,1,0.384649,0,0
21,SUNDAY,RESIDENCIAL,0.3100,3.13,50.24,1.8,24.2,0,0,0.317391,1,1
10,SUNDAY,CONDOMINIO,0.1900,3.37,48.55,0.0,25.3,0,1,0.094872,0,0
9,THURSDAY,RESIDENCIAL,0.0900,2.05,22.73,0.0,24.2,0,1,0.040550,0,0
15,THURSDAY,CONDOMINIO,0.1500,2.54,23.69,12.6,20.6,0,1,0.152809,0,0
12,FRIDAY,RESIDENCIAL,0.2500,1.96,46.79,1.3,18.4,1,0,0.357245,1,1
19,FRIDAY,CONDOMINIO,0.2500,1.79,31.97,0.0,18.0,1,1,0.445870,0,0
21,WEDNESDAY,RESIDENCIAL,0.3100,5.15,16.86,0.0,23.3,0,1,0.198164,0,0
6,SATURDAY,RURAL,0.2800,1.91,29.45,0.0,29.7,0,1,0.158364,0,0
8,TUESDAY,RESIDENCIAL,0.1500,8.81,103.93,0.0,27.5,0,0,0.140152,0,0
15,FRIDAY,CONDOMINIO,0.0800,2.03,12.73,3.3,17.1,1,1,0.191882,0,0
13,WEDNESDAY,RESIDENCIAL,0.1200,13.69,85.98,0.5,16.7,0,1,0.084918,0,0
14,WEDNESDAY,COMERCIAL,0.3100,1.81,6.86,9.5,20.7,0,0,0.289912,0,0
14,FRIDAY,RESIDENCIAL,0.2200,1.27,35.02,0.8,15.4,0,1,0.075566,0,0
11,WEDNESDAY,CONDOMINIO,0.2500,2.85,60.61,0.0,17.5,0,1,0.115443,0,1
12,MONDAY,RESIDENCIAL,0.0900,5.43,82.33,0.0,20.7,0,0,0.108039,0,0
12,SUNDAY,RESIDENCIAL,0.1500,1.03,15.75,10.9,18.6,0,1,0.079530,0,0
15,TUESDAY,RESIDENCIAL,0.1500,2.16,69.38,0.0,23.9,0,0,0.125595,0,0
15,SATURDAY,CONDOMINIO,0.0500,2.57,42.12,1.8,15.8,0,1,0.061788,0,0
14,SUNDAY,COMERCIAL,0.2800,2.77,29.77,0.0,13.8,1,1,0.570607,0,0
23,TUESDAY,COMERCIAL,0.0600,15.52,157.19,0.0,25.8,0,1,0.185845,0,0
7,TUESDAY,RESIDENCIAL,0.1900,5.65,63.52,0.0,24.6,2,1,0.424905,0,0
16,WEDNESDAY,RESIDENCIAL,0.1100,3.43,27.32,0.0,18.7,0,0,0.087786,0,0
1,SATURDAY,RESIDENCIAL,0.0500,1.81,15.98,0.0,34.6,2,0,0.525271,0,0
17,FRIDAY,COMERCIAL,0.1500,1.51,19.47,0.0,16.8,0,0,0.119374,0,0
10,FRIDAY,CONDOMINIO,0.1100,0.78,14.62,0.0,23.4,2,1,0.374252,0,0
19,WEDNESDAY,COMERCIAL,0.1200,0.94,17.10,0.0,19.4,0,0,0.183907,0,0
15,THURSDAY,RESIDENCIAL,0.1900,0.38,4.42,1.8,19.1,0,1,0.066000,0,0
18,SUNDAY,RESIDENCIAL,0.2200,3.41,17.56,0.0,20.9,1,1,0.300165,0,0
14,SATURDAY,RESIDENCIAL,0.2200,2.41,14.00,0.0,17.9,0,1,0.066251,0,0
8,SUNDAY,CONDOMINIO,0.1100,2.06,24.69,0.1,28.2,0,0,0.109951,0,0
7,TUESDAY,COMERCIAL,0.1100,1.89,18.04,0.0,27.7,2,1,0.368981,0,0
13,THURSDAY,RESIDENCIAL,0.1100,1.28,34.56,0.0,19.0,1,0,0.221015,0,0
18,FRIDAY,COMERCIAL,0.0900,2.80,83.16,2.4,20.4,0,1,0.151696,0,0
14,WEDNESDAY,CONDOMINIO,0.0600,2.67,18.83,0.0,21.3,0,0,0.109884,0,0
15,SATURDAY,CONDOMINIO,0.2200,0.48,30.86,0.0,20.2,0,0,0.170716,0,1
9,WEDNESDAY,CONDOMINIO,0.2200,7.10,94.25,0.0,28.9,0,1,0.156105,0,0
15,FRIDAY,RESIDENCIAL,0.0600,0.87,40.92,0.0,20.4,0,1,0.044507,0,0
7,TUESDAY,RESIDENCIAL,0.0600,3.63,38.64,0.4,25.5,2,1,0.281569,0,1
12,THURSDAY,COMERCIAL,0.3100,0.73,22.22,0.0,18.6,1,0,0.442538,0,1
14,TUESDAY,CONDOMINIO,0.0500,12.90,196.26,0.7,17.3,0,1,0.146170,0,0
17,TUESDAY,COMERCIAL,0.1900,5.44,130.85,0.0,19.3,0,1,0.142510,0,0
10,WEDNESDAY,COMERCIAL,0.2200,2.33,59.30,0.0,23.5,1,0,0.364809,0,1
6,SATURDAY,RESIDENCIAL,0.1100,5.02,90.47,0.0,33.2,1,1,0.173845,0,0
8,SUNDAY,RESIDENCIAL,0.1500,7.59,68.68,2.1,31.6,0,0,0.129090,0,0
15,SATURDAY,CONDOMINIO,0.1200,3.92,62.98,0.0,14.9,0,1,0.081504,0,0
17,WEDNESDAY,COMERCIAL,0.0800,2.82,28.37,0.0,21.1,0,0,0.106784,0,0
22,SATURDAY,CONDOMINIO,0.0900,8.39,62.32,0.0,26.6,0,1,0.135994,0,0
16,SUNDAY,CONDOMINIO,0.1900,0.88,15.19,13.5,19.0,0,0,0.236902,0,0
7,FRIDAY,RESIDENCIAL,0.0800,3.08,50.39,0.0,30.2,0,0,0.083368,0,0
8,FRIDAY,COMERCIAL,0.1500,7.40,37.33,0.0,20.0,0,0,0.122854,0,0
9,MONDAY,RESIDENCIAL,0.3100,1.21,20.64,0.0,26.0,1,1,0.235558,0,1
16,SATURDAY,RESIDENCIAL,0.1100,1.58,29.59,0.0,18.1,0,1,0.045645,0,0
6,WEDNESDAY,RESIDENCIAL,0.1100,2.49,13.76,0.0,26.4,0,1,0.044587,0,0
9,SATURDAY,CONDOMINIO,0.2500,5.46,78.62,0.0,25.2,0,1,0.136459,0,0
11,WEDNESDAY,RESIDENCIAL,0.1900,2.92,38.62,0.0,18.2,3,0,0.741059,0,1
16,THURSDAY,RESIDENCIAL,0.3100,1.70,43.09,16.8,19.9,2,1,0.712767,0,1
13,FRIDAY,RESIDENCIAL,0.3100,3.94,37.08,0.0,17.5,0,1,0.112727,0,1
11,FRIDAY,RESIDENCIAL,0.3100,2.35,39.27,2.2,25.7,0,1,0.110941,0,0
14,WEDNESDAY,RURAL,0.1900,5.32,73.93,0.0,19.0,0,1,0.163655,0,0
6,SATURDAY,RESIDENCIAL,0.1100,3.78,26.46,16.9,27.9,1,1,0.233052,0,0
13,MONDAY,RESIDENCIAL,0.0500,1.12,15.94,0.2,13.8,0,0,0.058787,0,0
7,MONDAY,COMERCIAL,0.0600,4.43,72.09,4.1,25.4,1,0,0.295589,0,0
21,WEDNESDAY,RESIDENCIAL,0.2800,3.92,51.84,0.0,23.3,2,1,0.688123,0,0
21,MONDAY,COMERCIAL,0.1200,10.42,154.32,0.0,25.6,0,1,0.244121,0,1
7,FRIDAY,CONDOMINIO,0.3100,1.67,19.91,0.0,28.8,0,1,0.146464,0,0
13,TUESDAY,COMERCIAL,0.2800,2.80,43.38,0.0,20.8,0,0,0.219175,0,0
15,WEDNESDAY,RESIDENCIAL,0.1500,4.99,42.40,3.7,19.4,0,0,0.129978,1,1
10,TUESDAY,RESIDENCIAL,0.1200,5.97,75.89,2.0,24.9,0,1,0.067283,1,1
8,SUNDAY,COMERCIAL,0.2200,1.75,46.07,0.0,22.4,0,0,0.367265,0,0
12,TUESDAY,RESIDENCIAL,0.2800,2.77,65.93,0.0,20.8,0,1,0.115983,0,0
10,FRIDAY,RESIDENCIAL,0.2200,4.30,73.08,11.8,24.6,0,0,0.214640,0,0
6,WEDNESDAY,COMERCIAL,0.0900,0.71,28.49,0.0,29.7,0,1,0.059285,0,0
4,TUESDAY,RESIDENCIAL,0.2200,2.43,39.14,17.5,28.1,0,0,0.365125,0,0
10,FRIDAY,RESIDENCIAL,0.0600,7.74,77.79,5.5,21.7,0,0,0.102124,0,0
20,SUNDAY,RURAL,0.1900,1.84,27.61,0.0,26.2,0,1,0.221050,0,0
15,SUNDAY,RESIDENCIAL,0.2800,0.34,56.99,0.0,13.5,0,1,0.085213,0,0
11,SUNDAY,RURAL,0.2200,3.25,60.57,1.3,23.0,1,0,0.455625,0,0
20,TUESDAY,RESIDENCIAL,0.0900,0.56,46.12,0.0,27.3,0,1,0.100154,0,0
12,MONDAY,COMERCIAL,0.1500,0.34,28.36,0.0,12.2,0,1,0.066978,0,1
16,SATURDAY,RESIDENCIAL,0.1200,0.33,21.33,2.4,20.4,0,1,0.051640,0,0
8,SATURDAY,CONDOMINIO,0.1900,1.38,46.28,0.2,28.9,1,1,0.243538,0,0
16,MONDAY,RESIDENCIAL,0.0900,5.55,37.08,1.6,20.4,0,1,0.058805,0,0
15,MONDAY,COMERCIAL,0.0500,8.58,142.51,11.6,17.7,0,1,0.149382,0,0
16,SUNDAY,COMERCIAL,0.1100,3.68,12.29,0.0,17.1,0,1,0.185905,0,0
20,FRIDAY,RURAL,0.1900,2.73,52.92,2.2,16.8,2,0,0.835474,0,1
0,MONDAY,CONDOMINIO,0.1900,0.86,31.63,0.0,31.5,0,1,0.173363,0,0
14,WEDNESDAY,RESIDENCIAL,0.2200,1.94,10.73,1.5,16.7,0,1,0.073981,0,0
18,MONDAY,COMERCIAL,0.3100,0.77,26.13,0.0,18.6,1,0,0.595264,0,0
9,TUESDAY,RESIDENCIAL,0.0500,4.18,56.49,0.0,21.7,0,1,0.039714,0,0
13,TUESDAY,COMERCIAL,0.1100,3.78,21.82,0.0,16.9,0,1,0.066594,0,0
17,SATURDAY,CONDOMINIO,0.0900,2.25,36.90,0.0,17.1,1,1,0.175933,0,0
8,WEDNESDAY,COMERCIAL,0.3100,2.78,27.79,22.5,27.5,0,1,0.295912,0,0
11,TUESDAY,RESIDENCIAL,0.1500,0.78,43.30,2.0,20.4,2,1,0.340897,0,0
6,TUESDAY,RURAL,0.2800,1.06,28.94,0.0,26.3,0,0,0.247547,0,0
7,MONDAY,RESIDENCIAL,0.0500,1.86,17.25,0.0,23.6,0,1,0.033488,0,0
6,SUNDAY,COMERCIAL,0.2800,4.96,94.40,0.0,31.7,0,1,0.402659,0,1
9,THURSDAY,RESIDENCIAL,0.1500,5.46,56.68,0.0,23.4,1,1,0.165373,0,0
13,MONDAY,RESIDENCIAL,0.2200,2.83,20.24,15.1,20.3,1,1,0.335639,0,0
17,SUNDAY,RURAL,0.1500,6.11,22.54,16.5,22.3,2,1,0.717361,0,0
1,MONDAY,RESIDENCIAL,0.0600,6.49,124.60,0.0,30.2,0,1,0.114523,0,0
15,SUNDAY,RESIDENCIAL,0.1500,5.77,43.31,0.0,18.7,0,0,0.103539,0,0
21,WEDNESDAY,RESIDENCIAL,0.1900,4.45,19.44,1.0,24.2,0,0,0.218917,0,0
17,THURSDAY,RESIDENCIAL,0.1500,5.52,110.65,0.0,20.3,0,0,0.146365,0,0
8,SUNDAY,COMERCIAL,0.1200,6.20,61.75,3.5,24.4,0,1,0.245548,0,0
0,FRIDAY,RESIDENCIAL,0.2800,4.01,42.35,0.0,26.9,0,1,0.164881,0,1
13,WEDNESDAY,CONDOMINIO,0.0600,3.31,29.94,1.0,22.0,0,0,0.122122,0,1
10,SATURDAY,RESIDENCIAL,0.0500,1.14,9.01,0.0,22.1,0,0,0.047722,0,0
21,FRIDAY,RESIDENCIAL,0.2500,0.81,18.95,0.6,27.0,0,1,0.162881,0,0
13,FRIDAY,CONDOMINIO,0.0800,3.30,55.76,6.8,22.6,0,1,0.112400,0,0
17,FRIDAY,CONDOMINIO,0.0800,1.51,40.02,0.0,18.5,1,1,0.188136,0,0
19,TUESDAY,RESIDENCIAL,0.2200,3.90,42.88,0.0,17.9,0,0,0.223918,0,0
14,SATURDAY,COMERCIAL,0.1200,2.26,38.50,0.0,19.3,1,1,0.444356,1,0
13,THURSDAY,RESIDENCIAL,0.1100,1.96,32.91,0.0,16.8,0,1,0.050051,0,0
14,TUESDAY,RESIDENCIAL,0.1100,5.01,35.75,0.0,16.0,0,0,0.089338,0,0
7,WEDNESDAY,RESIDENCIAL,0.1500,1.09,21.68,9.8,28.8,0,0,0.133654,0,0
4,MONDAY,CONDOMINIO,0.1100,5.86,35.53,0.0,30.2,0,1,0.145868,0,1
10,SATURDAY,RESIDENCIAL,0.0600,2.67,41.63,0.0,21.8,0,1,0.034200,0,0
21,SUNDAY,COMERCIAL,0.1900,4.13,34.69,0.0,21.5,0,0,0.545377,0,0
11,FRIDAY,COMERCIAL,0.1900,10.84,81.16,12.0,14.3,3,1,0.836394,0,1
8,THURSDAY,RESIDENCIAL,0.3100,0.49,16.77,0.0,25.7,0,1,0.089752,0,0
12,MONDAY,COMERCIAL,0.2200,0.92,62.90,0.0,15.1,1,1,0.260494,0,0
11,SUNDAY,RESIDENCIAL,0.1900,2.38,51.33,0.0,13.5,0,1,0.049492,0,0
9,TUESDAY,COMERCIAL,0.2500,0.97,50.17,0.0,20.6,1,0,0.362837,1,1
10,THURSDAY,CONDOMINIO,0.3100,0.63,10.19,0.0,25.7,1,1,0.312278,0,0
6,TUESDAY,COMERCIAL,0.0500,6.01,58.30,0.0,26.9,0,1,0.061310,1,1
13,MONDAY,COMERCIAL,0.1900,0.72,10.31,0.0,23.3,1,1,0.228860,0,0
10,MONDAY,RESIDENCIAL,0.2200,9.27,114.72,0.0,21.8,0,0,0.168910,0,0
8,TUESDAY,CONDOMINIO,0.0800,2.75,41.74,0.0,19.3,0,0,0.099009,0,0
20,SUNDAY,CONDOMINIO,0.2800,4.94,15.48,3.4,26.2,1,0,0.664279,0,1
17,SUNDAY,COMERCIAL,0.1200,1.35,59.99,0.0,18.9,0,1,0.219550,0,0
7,SUNDAY,RESIDENCIAL,0.1100,2.07,50.90,0.0,25.8,0,1,0.045710,0,0
9,MONDAY,RESIDENCIAL,0.1100,5.38,91.38,0.0,16.7,0,1,0.053354,0,0
9,SATURDAY,CONDOMINIO,0.1900,2.01,26.04,0.0,25.3,0,0,0.138287,0,0
21,FRIDAY,RESIDENCIAL,0.2500,2.06,5.91,1.6,20.3,0,1,0.148444,0,0
12,SUNDAY,CONDOMINIO,0.2200,2.92,69.42,0.0,23.9,2,1,0.588721,0,1
13,FRIDAY,RURAL,0.1900,4.81,34.42,0.1,19.9,2,1,0.603586,0,1
11,FRIDAY,RESIDENCIAL,0.0900,1.44,53.01,0.0,20.1,0,0,0.069787,0,0
12,WEDNESDAY,RESIDENCIAL,0.0500,6.27,94.28,0.0,18.1,0,1,0.057101,0,0
9,SATURDAY,RURAL,0.2200,17.31,205.55,0.0,25.9,0,0,0.414098,0,1
21,WEDNESDAY,RESIDENCIAL,0.1100,6.46,100.15,0.0,19.2,0,0,0.203607,0,0
14,THURSDAY,RESIDENCIAL,0.2800,3.75,63.59,4.9,17.9,0,1,0.135475,0,0
17,THURSDAY,COMERCIAL,0.1200,1.41,10.85,0.0,17.7,1,1,0.169757,0,0
18,MONDAY,RESIDENCIAL,0.2200,2.12,20.52,9.5,17.7,0,1,0.181916,0,0
13,MONDAY,CONDOMINIO,0.0500,7.20,85.39,0.0,21.6,0,0,0.148497,0,0
13,TUESDAY,CONDOMINIO,0.0900,3.65,44.56,0.0,12.0,0,1,0.070403,0,0
15,FRIDAY,CONDOMINIO,0.0900,26.74,158.91,3.8,17.9,0,1,0.221515,0,0
11,FRIDAY,COMERCIAL,0.0900,2.90,37.69,0.0,25.7,0,0,0.099505,0,0
12,FRIDAY,RESIDENCIAL,0.1100,3.23,21.51,0.0,16.5,1,0,0.211950,0,1
9,SATURDAY,RESIDENCIAL,0.0500,3.28,38.91,0.0,22.8,0,1,0.033688,0,0
7,TUESDAY,COMERCIAL,0.3100,5.35,69.77,2.4,29.3,0,0,0.278248,0,0
23,WEDNESDAY,RESIDENCIAL,0.1200,1.47,30.37,5.1,27.1,0,1,0.105244,0,0
15,FRIDAY,RESIDENCIAL,0.2200,3.92,58.32,0.0,17.6,0,1,0.088127,0,1
17,FRIDAY,RESIDENCIAL,0.1200,9.44,121.54,0.0,17.4,0,0,0.141871,0,0
15,SUNDAY,COMERCIAL,0.2200,4.08,23.71,5.2,12.7,0,0,0.429189,0,0
15,MONDAY,COMERCIAL,0.0800,7.15,49.70,4.9,19.1,0,1,0.091127,0,0
21,SATURDAY,RESIDENCIAL,0.2500,1.29,45.37,11.0,18.4,0,1,0.210275,0,1
8,FRIDAY,RESIDENCIAL,0.1900,6.91,37.85,0.0,26.8,0,0,0.121335,0,0
9,THURSDAY,RESIDENCIAL,0.1200,0.42,51.18,5.2,25.5,0,1,0.062340,0,0
12,THURSDAY,CONDOMINIO,0.0500,0.71,48.80,2.6,20.4,0,0,0.123245,0,0
13,MONDAY,COMERCIAL,0.2800,1.96,52.82,0.0,14.3,0,1,0.126339,0,0
12,SATURDAY,COMERCIAL,0.1900,3.90,29.59,2.9,22.3,1,1,0.562757,0,1
20,SATURDAY,CONDOMINIO,0.0800,3.96,59.96,9.6,17.6,0,1,0.181360,0,0
17,WEDNESDAY,RESIDENCIAL,0.2500,2.17,36.63,4.1,21.4,0,0,0.177011,0,0
10,SATURDAY,RURAL,0.2800,5.37,94.32,0.0,24.3,1,1,0.417640,0,0
19,THURSDAY,RESIDENCIAL,0.1100,2.71,29.11,5.4,22.8,0,1,0.121659,0,0
6,WEDNESDAY,RESIDENCIAL,0.2800,1.07,24.90,0.0,25.6,0,1,0.083812,0,0
18,TUESDAY,COMERCIAL,0.2800,0.74,34.92,5.6,20.0,2,0,0.842928,0,1
18,THURSDAY,RESIDENCIAL,0.1500,9.00,114.24,0.0,20.0,0,0,0.255776,0,0
16,MONDAY,RURAL,0.2200,1.97,12.24,0.0,18.9,0,1,0.136604,0,0
2,SUNDAY,CONDOMINIO,0.2800,0.53,20.31,0.0,28.7,0,1,0.195996,0,0
7,SATURDAY,COMERCIAL,0.1500,1.70,17.56,4.1,29.0,0,0,0.349154,0,1
9,WEDNESDAY,RESIDENCIAL,0.2200,0.91,15.18,4.0,23.8,1,1,0.193016,0,1
16,MONDAY,COMERCIAL,0.0800,3.39,22.05,0.0,19.3,0,1,0.061743,0,0
7,WEDNESDAY,CONDOMINIO,0.0600,1.05,61.11,0.0,27.0,0,1,0.066032,0,0
15,MONDAY,RESIDENCIAL,0.1500,3.98,67.44,0.0,17.1,0,1,0.069867,0,1
13,THURSDAY,COMERCIAL,0.0600,1.89,19.11,0.0,20.1,0,0,0.092431,0,0
9,SATURDAY,RESIDENCIAL,0.0600,3.14,24.61,0.0,21.2,0,0,0.054215,0,0
6,SATURDAY,RESIDENCIAL,0.1900,1.91,50.68,0.0,30.8,0,0,0.111696,0,0
9,FRIDAY,CONDOMINIO,0.0600,0.99,7.54,24.6,24.3,0,1,0.140386,0,0
11,TUESDAY,RESIDENCIAL,0.1200,4.37,121.25,0.0,20.8,0,0,0.108153,0,0
13,MONDAY,RESIDENCIAL,0.1200,4.04,32.92,0.0,18.2,0,0,0.093357,0,0
10,SUNDAY,RESIDENCIAL,0.1100,1.52,25.40,0.0,25.4,0,1,0.040605,0,0
16,SUNDAY,RESIDENCIAL,0.2500,6.15,51.26,0.0,15.8,0,0,0.144896,0,0
16,FRIDAY,RESIDENCIAL,0.0500,3.56,45.69,15.2,19.2,2,0,0.596225,0,0
10,FRIDAY,RESIDENCIAL,0.3100,2.55,63.92,0.0,17.8,1,0,0.357882,0,0
7,SUNDAY,RESIDENCIAL,0.2800,1.60,46.70,0.0,27.8,3,1,0.721678,0,1
7,THURSDAY,RESIDENCIAL,0.0900,8.76,80.18,13.3,23.4,0,0,0.163313,0,0
7,SUNDAY,RESIDENCIAL,0.3100,0.94,32.51,0.0,27.0,0,0,0.145983,0,0
20,THURSDAY,RESIDENCIAL,0.0800,1.97,12.49,2.6,14.3,0,1,0.077430,0,0
19,FRIDAY,RESIDENCIAL,0.1100,2.46,49.24,0.0,15.6,0,0,0.149371,0,0
16,SUNDAY,RESIDENCIAL,0.0600,3.46,38.58,6.4,17.4,2,0,0.466754,0,0
13,MONDAY,RESIDENCIAL,0.2500,3.29,55.57,0.0,23.7,1,1,0.264741,0,0
10,WEDNESDAY,RESIDENCIAL,0.3100,1.04,37.31,5.8,21.1,0,1,0.113875,0,0
21,WEDNESDAY,RESIDENCIAL,0.2200,4.72,36.94,0.0,31.4,2,1,0.662345,0,0
10,SUNDAY,RESIDENCIAL,0.1500,5.33,61.25,0.0,23.4,0,1,0.057122,1,1
15,MONDAY,RESIDENCIAL,0.2800,1.36,20.58,0.0,17.1,1,0,0.338121,0,1
8,TUESDAY,RESIDENCIAL,0.0500,1.77,36.01,0.0,30.8,1,0,0.183066,0,0
15,MONDAY,RESIDENCIAL,0.1200,2.09,38.21,0.0,21.0,0,1,0.057600,0,0
16,THURSDAY,RESIDENCIAL,0.1200,1.68,43.71,0.0,14.2,0,1,0.051215,0,0
8,THURSDAY,CONDOMINIO,0.2500,1.57,43.43,0.0,27.4,0,1,0.125754,0,0
8,SATURDAY,CONDOMINIO,0.0600,0.58,30.20,0.0,28.8,0,0,0.091231,0,0
10,SUNDAY,RESIDENCIAL,0.2200,5.55,73.89,3.0,20.9,0,1,0.084502,0,0
12,FRIDAY,RESIDENCIAL,0.2800,0.91,29.01,0.0,17.2,2,1,0.475717,0,1
10,MONDAY,RESIDENCIAL,0.1200,1.33,29.49,0.0,22.2,0,1,0.044159,0,0
17,FRIDAY,COMERCIAL,0.0800,0.63,12.58,0.0,18.4,1,1,0.148561,0,0
17,THURSDAY,COMERCIAL,0.2800,3.14,26.78,0.6,18.6,0,1,0.130632,0,0
8,THURSDAY,COMERCIAL,0.2500,0.68,29.37,0.0,27.7,0,0,0.166378,0,0
4,TUESDAY,CONDOMINIO,0.0600,1.60,14.12,0.0,28.7,0,0,0.162530,0,0
10,SUNDAY,RESIDENCIAL,0.0600,1.46,30.02,0.0,23.5,0,1,0.032818,0,0
11,SUNDAY,RESIDENCIAL,0.0800,7.84,138.28,0.0,20.6,3,0,0.746706,0,1
23,TUESDAY,COMERCIAL,0.3100,3.93,44.67,0.0,26.5,0,0,0.342298,0,1
6,FRIDAY,COMERCIAL,0.1900,5.75,86.09,0.0,25.6,2,0,0.659285,0,1
19,TUESDAY,COMERCIAL,0.1100,0.44,40.92,0.0,19.9,0,1,0.120541,0,0
15,THURSDAY,CONDOMINIO,0.1900,5.62,73.87,0.0,14.7,1,1,0.297335,0,0
17,FRIDAY,RESIDENCIAL,0.1900,4.55,36.01,0.0,15.8,0,1,0.071345,0,0
7,TUESDAY,CONDOMINIO,0.2800,12.26,155.00,0.0,30.2,1,1,0.512622,0,0
18,THURSDAY,RESIDENCIAL,0.0500,10.96,153.03,0.0,23.8,2,0,0.733435,0,1
8,WEDNESDAY,COMERCIAL,0.1100,1.17,4.83,0.0,24.9,0,1,0.053991,0,0
15,THURSDAY,RESIDENCIAL,0.2500,5.99,64.98,2.7,17.2,1,1,0.283975,0,0
15,FRIDAY,CONDOMINIO,0.1100,3.26,52.60,2.4,24.8,0,0,0.173059,0,0
10,FRIDAY,RESIDENCIAL,0.0900,1.31,34.61,0.4,22.5,0,0,0.069086,0,1
11,FRIDAY,COMERCIAL,0.1900,2.57,15.35,0.0,21.2,0,0,0.120220,0,0
12,THURSDAY,RESIDENCIAL,0.1100,0.83,24.13,0.0,18.7,0,0,0.081756,0,0
16,THURSDAY,RESIDENCIAL,0.3100,2.16,33.32,1.0,17.8,0,1,0.111876,0,1
12,TUESDAY,RESIDENCIAL,0.0900,0.92,53.22,0.0,21.7,0,1,0.053651,0,0
6,THURSDAY,COMERCIAL,0.0800,5.00,71.45,0.0,30.0,0,1,0.074523,0,0
8,FRIDAY,RESIDENCIAL,0.1900,1.01,22.51,0.0,28.7,1,1,0.167882,0,0
15,FRIDAY,RESIDENCIAL,0.0500,2.49,46.13,0.0,17.6,0,1,0.043057,0,0
6,THURSDAY,RESIDENCIAL,0.2200,4.48,45.21,0.0,25.4,3,0,0.799126,0,1
17,FRIDAY,CONDOMINIO,0.1200,0.40,5.09,4.4,15.3,0,1,0.080495,0,0
14,FRIDAY,CONDOMINIO,0.0900,4.43,56.80,2.4,18.7,2,1,0.482495,0,1
9,THURSDAY,RESIDENCIAL,0.0900,2.30,40.82,8.1,22.2,0,1,0.059484,0,0
12,SUNDAY,RESIDENCIAL,0.3100,0.97,38.45,0.0,21.5,2,0,0.645210,0,1
6,FRIDAY,COMERCIAL,0.2800,3.58,76.38,0.0,29.1,1,1,0.342318,0,0
10,MONDAY,RESIDENCIAL,0.1500,5.58,97.94,0.0,23.2,0,1,0.072109,0,0
6,SUNDAY,RESIDENCIAL,0.1500,3.30,59.37,0.0,27.7,1,0,0.244896,0,0
17,SUNDAY,RESIDENCIAL,0.0800,0.27,4.90,3.7,17.6,0,0,0.070100,0,1
14,TUESDAY,COMERCIAL,0.2800,2.47,44.99,0.0,19.8,1,1,0.322504,0,1
10,SATURDAY,RESIDENCIAL,0.1900,1.16,44.84,0.0,24.0,0,1,0.057236,0,0
9,MONDAY,RESIDENCIAL,0.1900,2.51,16.70,10.6,22.4,0,1,0.088229,0,1
17,THURSDAY,CONDOMINIO,0.2800,4.82,72.19,4.9,16.4,0,0,0.305288,0,1
9,WEDNESDAY,CONDOMINIO,0.1500,4.75,36.87,1.0,22.7,0,1,0.088284,0,0
9,SUNDAY,RESIDENCIAL,0.0900,2.34,37.24,0.0,25.2,0,1,0.039981,0,0
17,TUESDAY,RESIDENCIAL,0.3100,2.74,37.15,9.6,18.6,3,1,0.840386,0,0
11,THURSDAY,COMERCIAL,0.0500,7.12,60.73,0.0,18.6,0,1,0.054316,0,0
17,SATURDAY,RESIDENCIAL,0.0600,1.63,29.32,3.5,12.0,0,1,0.038998,0,0
6,TUESDAY,RESIDENCIAL,0.0900,1.73,23.82,0.0,25.1,0,0,0.069173,0,0
2,TUESDAY,RESIDENCIAL,0.2500,3.26,36.22,5.1,31.0,1,1,0.407546,0,1
2,WEDNESDAY,RESIDENCIAL,0.0900,3.24,18.69,0.0,33.2,0,1,0.085470,0,0
15,SATURDAY,CONDOMINIO,0.1100,4.23,64.01,0.0,19.9,0,1,0.087049,0,0
7,TUESDAY,CONDOMINIO,0.0500,2.28,15.96,0.0,26.5,0,0,0.091193,0,0
2,MONDAY,RESIDENCIAL,0.2500,3.29,64.43,0.0,28.5,1,1,0.368181,0,1
9,THURSDAY,RESIDENCIAL,0.2800,3.49,21.64,0.0,23.2,0,0,0.136792,0,0
14,THURSDAY,RESIDENCIAL,0.1900,1.70,27.76,11.5,22.8,1,1,0.286395,0,0
9,TUESDAY,RESIDENCIAL,0.0900,2.92,25.47,0.0,19.8,1,0,0.172342,0,0
7,TUESDAY,RURAL,0.3100,5.50,65.12,2.9,23.0,1,1,0.469657,0,0
6,FRIDAY,RESIDENCIAL,0.2800,6.33,64.83,0.0,34.8,0,1,0.128260,0,0
16,SUNDAY,RESIDENCIAL,0.2500,3.33,28.01,0.0,16.5,0,0,0.127337,0,0
17,SUNDAY,COMERCIAL,0.2800,2.99,32.23,0.0,21.9,0,1,0.345624,0,1
15,FRIDAY,RESIDENCIAL,0.1900,2.12,43.11,9.5,18.1,0,0,0.171496,0,1
6,SUNDAY,CONDOMINIO,0.2800,2.07,13.56,0.0,27.1,3,0,0.860325,0,0
14,TUESDAY,RESIDENCIAL,0.0500,3.07,67.40,13.2,17.4,0,1,0.082289,0,0
11,THURSDAY,RESIDENCIAL,0.1500,6.81,74.26,0.0,19.1,0,1,0.062931,0,0
11,SUNDAY,RESIDENCIAL,0.2200,3.57,33.70,0.0,23.2,0,1,0.064047,0,0
17,SUNDAY,RESIDENCIAL,0.2200,1.02,39.51,0.0,13.8,1,1,0.173581,0,0
10,FRIDAY,RESIDENCIAL,0.0900,2.90,37.41,0.0,21.8,1,0,0.185147,0,1
11,SATURDAY,CONDOMINIO,0.0900,8.91,136.39,1.0,17.1,0,1,0.092399,0,0
11,WEDNESDAY,COMERCIAL,0.0500,7.99,87.64,7.7,19.7,0,0,0.140736,0,1
11,SUNDAY,COMERCIAL,0.0600,1.59,37.68,0.0,17.7,0,1,0.134060,0,0
3,THURSDAY,RESIDENCIAL,0.0500,2.35,56.90,5.6,28.5,0,1,0.096072,0,0
18,MONDAY,CONDOMINIO,0.3100,3.02,23.82,0.0,18.1,0,1,0.254032,0,0
11,MONDAY,CONDOMINIO,0.2500,0.43,22.00,0.0,21.2,2,1,0.505687,0,1
8,THURSDAY,COMERCIAL,0.1500,1.02,30.54,0.7,27.5,0,1,0.074410,0,0
14,MONDAY,COMERCIAL,0.1900,7.15,106.80,1.5,18.7,0,0,0.223992,0,0
21,THURSDAY,RESIDENCIAL,0.2200,0.74,16.29,0.5,19.8,0,0,0.202969,0,0
21,MONDAY,RESIDENCIAL,0.1200,1.38,20.25,6.0,26.5,2,0,0.699622,0,1
7,FRIDAY,COMERCIAL,0.1500,2.93,47.62,1.2,31.0,0,0,0.146506,0,0
7,SUNDAY,RESIDENCIAL,0.0500,1.21,53.54,2.5,28.9,0,0,0.071419,0,0
17,MONDAY,COMERCIAL,0.0600,5.32,27.07,0.0,14.6,0,0,0.093069,0,0
11,SUNDAY,RESIDENCIAL,0.2200,4.98,79.86,5.8,18.9,0,0,0.149687,0,1
7,SUNDAY,COMERCIAL,0.2200,0.87,17.05,0.0,26.2,0,1,0.239386,0,0
6,MONDAY,COMERCIAL,0.0600,8.48,136.34,0.0,28.8,0,1,0.093076,0,0
17,SUNDAY,CONDOMINIO,0.1100,0.91,18.33,0.0,22.2,0,0,0.117126,0,0
13,THURSDAY,CONDOMINIO,0.2800,1.71,60.54,0.0,20.1,1,1,0.367469,0,1
13,SUNDAY,COMERCIAL,0.0500,4.40,40.82,0.0,22.1,0,0,0.281968,0,0
10,TUESDAY,CONDOMINIO,0.3100,5.34,85.05,1.3,22.3,1,1,0.405693,0,0
15,SATURDAY,CONDOMINIO,0.0600,2.68,60.33,0.0,20.4,1,1,0.183370,0,0
11,THURSDAY,COMERCIAL,0.2800,1.22,31.71,0.0,18.3,0,0,0.160211,0,0
19,WEDNESDAY,CONDOMINIO,0.1900,1.47,14.33,0.0,23.3,1,1,0.394143,0,0
17,MONDAY,RESIDENCIAL,0.3100,3.13,32.04,0.0,15.4,0,0,0.168599,0,0
16,THURSDAY,RESIDENCIAL,0.2500,4.84,54.57,1.2,17.2,0,1,0.103149,0,0
9,MONDAY,RESIDENCIAL,0.2800,3.01,14.21,8.1,24.5,1,1,0.280212,0,0
13,SUNDAY,RESIDENCIAL,0.1900,3.71,50.70,3.7,15.4,1,0,0.305774,0,1
8,MONDAY,RESIDENCIAL,0.1100,1.57,32.34,5.2,24.5,1,1,0.152208,0,0
12,SUNDAY,RESIDENCIAL,0.1100,6.00,53.15,0.0,12.4,0,0,0.083218,0,0
6,WEDNESDAY,RESIDENCIAL,0.0900,1.67,62.06,2.4,33.3,1,1,0.164378,0,0
20,SATURDAY,COMERCIAL,0.3100,1.54,37.99,6.2,25.1,0,0,0.723414,0,1
16,MONDAY,COMERCIAL,0.1900,7.52,95.36,0.0,17.5,1,1,0.305645,0,0
14,SATURDAY,RESIDENCIAL,0.2200,1.15,11.02,0.0,14.5,2,1,0.364203,0,0
21,TUESDAY,CONDOMINIO,0.0900,1.34,42.11,1.5,22.2,0,0,0.226784,0,0
18,THURSDAY,RESIDENCIAL,0.2800,1.35,22.49,0.0,23.0,0,1,0.168501,0,0
16,SUNDAY,RESIDENCIAL,0.3100,6.61,141.86,0.0,16.0,0,1,0.153513,0,0
14,THURSDAY,COMERCIAL,0.1100,2.06,16.57,0.0,20.3,0,0,0.110443,0,0
10,FRIDAY,COMERCIAL,0.1200,3.96,28.58,0.0,26.8,0,1,0.067819,0,0
6,MONDAY,RESIDENCIAL,0.1200,3.28,66.22,0.0,26.8,0,0,0.096466,0,0
13,WEDNESDAY,RESIDENCIAL,0.1500,6.48,94.35,0.0,16.8,0,1,0.081316,0,0
9,WEDNESDAY,RESIDENCIAL,0.0800,7.10,31.36,0.0,23.2,0,1,0.044657,0,0
4,WEDNESDAY,RESIDENCIAL,0.0900,3.54,48.52,0.0,26.3,1,0,0.324883,0,0
12,SUNDAY,RESIDENCIAL,0.3100,2.69,19.94,0.0,20.0,0,1,0.098590,0,0
15,WEDNESDAY,CONDOMINIO,0.1500,5.30,46.55,7.6,12.1,0,0,0.198245,0,0
20,WEDNESDAY,CONDOMINIO,0.1100,0.94,41.49,2.0,21.6,0,0,0.240756,1,1
17,THURSDAY,RESIDENCIAL,0.2800,11.07,139.95,0.0,17.2,1,0,0.512635,0,1
6,WEDNESDAY,RESIDENCIAL,0.0800,2.15,29.49,0.0,32.0,2,1,0.306127,0,0
12,SATURDAY,RESIDENCIAL,0.1900,1.17,19.87,0.0,18.6,0,0,0.098921,0,0
16,SUNDAY,RESIDENCIAL,0.0800,1.65,44.60,0.0,24.1,0,0,0.081036,0,0
20,SATURDAY,RESIDENCIAL,0.0500,1.75,56.17,11.0,17.1,0,0,0.175872,0,1
16,MONDAY,RESIDENCIAL,0.1200,4.22,54.72,14.9,17.1,0,0,0.177538,0,1
16,FRIDAY,CONDOMINIO,0.1500,8.96,138.96,0.0,12.0,0,0,0.217523,0,1
16,THURSDAY,RESIDENCIAL,0.2200,9.06,58.50,0.0,19.3,0,0,0.164723,0,0
13,SUNDAY,CONDOMINIO,0.0600,2.69,54.51,2.3,22.3,0,1,0.077614,0,0
18,FRIDAY,RESIDENCIAL,0.0600,13.87,183.28,1.3,20.6,0,0,0.276952,0,0
16,WEDNESDAY,RESIDENCIAL,0.0800,2.29,38.30,0.0,17.0,0,0,0.077304,0,0
11,TUESDAY,RESIDENCIAL,0.0500,5.40,55.95,0.0,15.8,1,1,0.102000,0,0
18,FRIDAY,COMERCIAL,0.2200,0.31,17.00,3.5,19.7,0,1,0.183509,0,0
15,FRIDAY,RESIDENCIAL,0.0600,1.55,18.07,0.0,16.8,0,0,0.065194,0,0
15,MONDAY,RESIDENCIAL,0.1900,8.64,78.22,3.2,16.3,0,0,0.169226,1,0
16,SUNDAY,CONDOMINIO,0.2200,4.33,70.79,0.0,20.2,1,1,0.315487,0,0
12,SATURDAY,RESIDENCIAL,0.0900,2.17,35.22,10.3,23.5,0,1,0.075065,0,0
19,FRIDAY,RESIDENCIAL,0.0500,4.49,72.54,0.1,22.7,1,1,0.242487,0,1
7,MONDAY,CONDOMINIO,0.0600,0.69,35.97,0.0,30.9,0,0,0.106132,0,1
9,TUESDAY,RESIDENCIAL,0.0900,2.88,28.83,0.0,27.3,0,0,0.075391,0,0
20,TUESDAY,CONDOMINIO,0.2500,0.97,17.80,0.7,16.2,2,1,0.690178,1,0
7,TUESDAY,COMERCIAL,0.1500,3.43,30.88,0.0,27.9,1,1,0.200571,0,0
6,THURSDAY,RESIDENCIAL,0.2500,12.91,188.28,0.0,33.6,0,1,0.197478,0,1
14,FRIDAY,COMERCIAL,0.2800,1.02,12.02,0.0,16.1,0,1,0.110620,0,0
15,SATURDAY,CONDOMINIO,0.2800,2.92,15.34,13.5,20.8,1,1,0.457071,0,1
7,THURSDAY,COMERCIAL,0.1100,4.39,18.80,12.4,30.4,0,1,0.113141,0,0
19,WEDNESDAY,RESIDENCIAL,0.0500,1.18,35.09,7.7,18.9,0,1,0.099245,0,1
6,SUNDAY,RURAL,0.1500,2.11,13.68,0.0,28.8,1,1,0.237483,0,0
12,SATURDAY,RESIDENCIAL,0.1200,0.75,20.36,0.0,18.1,0,0,0.075312,0,0
9,MONDAY,RESIDENCIAL,0.0900,9.94,104.59,0.0,27.9,2,0,0.546084,0,1
10,TUESDAY,RESIDENCIAL,0.1900,1.30,14.35,0.0,20.8,1,0,0.225465,0,1
13,THURSDAY,RESIDENCIAL,0.1100,2.31,57.74,2.7,17.3,2,0,0.511550,0,1
17,SUNDAY,RURAL,0.3100,2.47,35.86,0.0,15.3,1,1,0.389644,0,0
6,SATURDAY,RESIDENCIAL,0.2800,4.12,24.63,0.0,33.6,0,0,0.153621,0,0
12,THURSDAY,RURAL,0.1900,8.36,29.37,0.0,25.4,1,1,0.376244,0,0
17,SUNDAY,RESIDENCIAL,0.2200,3.40,94.67,0.0,21.4,0,1,0.097236,0,0
7,TUESDAY,RESIDENCIAL,0.3100,1.91,9.32,0.0,22.4,0,1,0.084946,0,1
14,SATURDAY,CONDOMINIO,0.1900,4.31,29.40,9.0,17.9,2,0,0.720783,0,1
11,SATURDAY,RESIDENCIAL,0.1200,0.77,19.60,11.3,24.0,0,1,0.063933,0,0
7,WEDNESDAY,CONDOMINIO,0.0600,3.69,59.36,4.7,31.0,3,1,0.731292,1,1
10,MONDAY,COMERCIAL,0.0900,14.90,220.13,0.0,23.8,0,1,0.146668,0,0
12,TUESDAY,COMERCIAL,0.0500,1.56,10.46,0.0,19.4,0,1,0.050635,0,0
18,SATURDAY,COMERCIAL,0.2200,1.77,59.81,0.0,25.0,1,1,0.723820,0,1
12,MONDAY,COMERCIAL,0.2200,7.46,92.72,0.0,15.2,2,1,0.584526,0,0
16,SUNDAY,RURAL,0.1900,1.65,30.72,0.0,20.7,0,1,0.123265,0,0
11,THURSDAY,RESIDENCIAL,0.2500,4.50,101.46,0.0,20.2,1,1,0.244593,0,0
8,SATURDAY,CONDOMINIO,0.0500,3.74,66.08,0.0,27.3,0,1,0.063199,0,0
11,SATURDAY,CONDOMINIO,0.0900,1.44,26.97,6.4,18.8,0,0,0.110847,0,0
9,MONDAY,RESIDENCIAL,0.1500,17.72,96.80,0.0,25.0,0,0,0.158451,0,0
7,TUESDAY,RURAL,0.1500,5.06,99.74,0.0,18.2,0,1,0.123409,0,0
12,FRIDAY,RURAL,0.2800,1.59,33.71,0.0,15.9,1,1,0.380504,0,0
8,WEDNESDAY,RESIDENCIAL,0.2800,4.39,45.06,0.0,23.9,1,1,0.238302,0,0
14,THURSDAY,RESIDENCIAL,0.1500,2.23,54.55,0.0,18.4,0,1,0.065495,0,0
16,WEDNESDAY,RESIDENCIAL,0.1500,1.58,47.85,5.2,20.3,0,1,0.080980,0,0
11,THURSDAY,CONDOMINIO,0.1900,1.95,36.54,2.1,18.6,1,1,0.235306,0,0
20,TUESDAY,RESIDENCIAL,0.0500,1.57,5.94,21.3,22.6,0,0,0.254171,0,0
19,SUNDAY,RESIDENCIAL,0.1100,4.51,57.42,0.0,19.3,0,1,0.096951,0,0
10,TUESDAY,RURAL,0.1900,2.48,61.76,0.0,23.7,0,1,0.129323,0,0
15,SATURDAY,RESIDENCIAL,0.0500,2.32,39.54,0.0,24.2,0,1,0.043114,0,0
11,FRIDAY,CONDOMINIO,0.1100,1.08,19.89,8.0,22.3,0,1,0.087269,0,0
11,SUNDAY,RESIDENCIAL,0.0600,0.86,8.07,0.0,24.7,0,0,0.051553,0,1
0,TUESDAY,RESIDENCIAL,0.1900,3.34,34.17,0.0,27.9,0,1,0.117967,0,0
17,THURSDAY,CONDOMINIO,0.1100,2.33,35.03,0.0,16.9,0,1,0.077728,0,0
14,THURSDAY,RESIDENCIAL,0.2500,2.19,22.58,0.0,16.1,0,1,0.080696,0,0
17,TUESDAY,CONDOMINIO,0.1900,8.53,117.80,6.9,21.6,0,0,0.328925,0,0
14,WEDNESDAY,COMERCIAL,0.0800,0.88,7.48,0.0,20.9,0,1,0.056782,0,0
21,SATURDAY,COMERCIAL,0.0800,1.59,31.42,0.0,28.0,0,1,0.319826,0,0
21,SUNDAY,RESIDENCIAL,0.0800,9.12,114.17,0.0,24.2,1,0,0.435039,0,0
6,FRIDAY,RESIDENCIAL,0.1100,2.22,39.18,0.0,29.3,1,1,0.140423,0,0
21,WEDNESDAY,RESIDENCIAL,0.1500,4.97,57.26,0.0,25.1,0,1,0.136495,0,0
12,WEDNESDAY,RURAL,0.2500,1.99,60.61,0.0,17.9,0,0,0.268979,0,0
8,THURSDAY,CONDOMINIO,0.0500,2.57,49.80,0.0,24.1,0,1,0.059830,0,0
9,SUNDAY,COMERCIAL,0.1900,1.91,50.61,10.5,24.2,1,1,0.602691,0,0
14,TUESDAY,RESIDENCIAL,0.2800,1.22,21.18,17.0,17.5,0,1,0.175118,0,1
19,SUNDAY,COMERCIAL,0.3100,1.40,30.72,0.0,18.0,1,1,0.742285,0,1
10,SUNDAY,CONDOMINIO,0.1200,8.90,118.86,0.0,21.7,0,0,0.162729,0,1
17,THURSDAY,RESIDENCIAL,0.0600,3.43,51.90,0.0,17.0,0,1,0.046236,0,0
14,TUESDAY,RESIDENCIAL,0.3100,3.93,27.69,0.0,19.5,0,1,0.112947,0,0
21,WEDNESDAY,COMERCIAL,0.0900,1.36,26.82,0.0,23.0,0,0,0.184114,0,0
9,TUESDAY,RESIDENCIAL,0.1500,2.29,55.71,0.0,25.2,0,1,0.059194,0,0
13,MONDAY,RESIDENCIAL,0.1200,5.24,48.93,6.8,21.9,0,0,0.141939,0,0
13,THURSDAY,RESIDENCIAL,0.0500,3.48,26.63,0.0,19.7,0,1,0.042595,0,0
6,WEDNESDAY,COMERCIAL,0.0500,9.95,80.76,0.0,26.8,0,1,0.072952,0,0
13,THURSDAY,RESIDENCIAL,0.0800,1.81,52.11,12.6,23.6,1,1,0.233740,1,0
8,MONDAY,RESIDENCIAL,0.1200,2.61,31.66,0.0,27.4,0,0,0.084702,0,1
10,MONDAY,COMERCIAL,0.1100,1.27,31.46,0.0,26.6,0,1,0.061780,0,0
15,THURSDAY,RESIDENCIAL,0.0900,1.26,9.19,0.0,17.1,0,0,0.070454,0,0
13,FRIDAY,COMERCIAL,0.0800,1.01,8.19,0.3,18.5,1,1,0.149505,1,1
17,MONDAY,CONDOMINIO,0.2200,3.44,32.78,9.4,17.2,0,1,0.169964,0,0
19,WEDNESDAY,COMERCIAL,0.0500,2.61,44.91,0.5,22.9,0,0,0.178784,0,0
16,TUESDAY,COMERCIAL,0.0500,2.46,37.98,0.0,19.8,0,0,0.096165,0,0
15,SUNDAY,CONDOMINIO,0.0500,2.74,10.87,0.0,12.0,0,0,0.079583,0,0
6,MONDAY,CONDOMINIO,0.2500,11.92,169.86,8.0,26.3,1,1,0.565482,0,0
1,WEDNESDAY,COMERCIAL,0.1500,2.35,39.91,0.0,28.1,0,0,0.210883,0,1
6,SATURDAY,COMERCIAL,0.2500,3.95,70.33,8.4,27.0,2,0,0.916680,0,1
6,TUESDAY,RESIDENCIAL,0.0800,4.42,78.13,13.1,31.1,0,1,0.100157,0,0
14,SUNDAY,RESIDENCIAL,0.0600,4.24,40.56,0.0,21.2,0,1,0.044457,0,0
14,MONDAY,RESIDENCIAL,0.2800,2.01,21.99,6.6,15.6,0,1,0.115803,0,0
9,SUNDAY,CONDOMINIO,0.2500,3.21,34.48,0.0,22.2,0,1,0.105474,0,0
13,WEDNESDAY,RESIDENCIAL,0.2200,1.87,20.90,0.0,18.4,0,0,0.122212,0,0
10,MONDAY,RESIDENCIAL,0.1900,3.26,32.85,0.0,24.6,0,1,0.063858,0,0
16,FRIDAY,RESIDENCIAL,0.2200,3.91,29.82,0.0,14.2,0,0,0.122500,0,0
11,WEDNESDAY,RESIDENCIAL,0.2500,2.36,22.71,0.0,18.3,0,1,0.066972,0,0
12,SUNDAY,RESIDENCIAL,0.1200,6.71,49.83,4.2,24.0,0,0,0.126316,0,0
7,WEDNESDAY,RESIDENCIAL,0.0800,3.43,28.32,0.0,29.9,0,1,0.045958,0,0
12,MONDAY,CONDOMINIO,0.0500,1.67,20.92,0.0,21.1,2,1,0.376937,0,1
9,MONDAY,RESIDENCIAL,0.1900,2.03,42.83,0.0,22.7,1,1,0.166044,0,0
11,FRIDAY,CONDOMINIO,0.1200,5.43,99.18,0.0,21.9,0,1,0.095390,0,0
8,MONDAY,COMERCIAL,0.2800,0.51,17.43,0.0,24.3,1,1,0.257017,0,0
13,SATURDAY,RESIDENCIAL,0.2200,1.22,55.78,0.0,21.7,0,0,0.132116,0,0
20,TUESDAY,RESIDENCIAL,0.1100,5.95,48.76,0.0,21.4,0,1,0.110248,0,0
7,TUESDAY,RURAL,0.3100,2.55,23.77,2.0,29.5,0,1,0.202431,0,0
10,WEDNESDAY,RESIDENCIAL,0.1200,1.42,41.97,0.1,25.7,0,0,0.083316,0,0
17,THURSDAY,COMERCIAL,0.2200,0.90,13.02,0.0,18.3,0,0,0.150662,0,0
9,THURSDAY,CONDOMINIO,0.0500,3.29,79.55,0.0,22.8,0,1,0.066388,0,0
10,FRIDAY,RESIDENCIAL,0.0800,1.17,45.58,0.1,19.7,0,0,0.064771,0,0
16,TUESDAY,CONDOMINIO,0.3100,4.68,36.03,6.1,23.8,1,0,0.611024,0,1
13,THURSDAY,CONDOMINIO,0.0600,6.26,100.50,0.0,16.3,1,1,0.226970,0,0
13,TUESDAY,CONDOMINIO,0.0500,10.12,170.51,0.0,17.4,0,0,0.195139,0,0
17,TUESDAY,RURAL,0.2800,2.37,10.18,0.0,23.1,1,1,0.396988,0,0
11,MONDAY,COMERCIAL,0.0600,2.28,34.59,7.5,27.9,0,1,0.074527,0,0
9,THURSDAY,RESIDENCIAL,0.3100,2.35,50.03,3.9,19.8,0,0,0.178048,0,0
13,FRIDAY,COMERCIAL,0.2200,1.90,53.89,2.5,19.3,1,0,0.423496,0,0
20,WEDNESDAY,COMERCIAL,0.0800,0.33,13.89,0.0,19.5,0,1,0.097423,0,0
5,MONDAY,RESIDENCIAL,0.1200,2.22,58.49,5.2,33.4,2,0,0.705049,0,1
4,SUNDAY,COMERCIAL,0.3100,3.28,44.90,0.0,30.5,1,0,0.847044,0,0
16,MONDAY,COMERCIAL,0.2800,1.11,31.87,0.0,16.3,0,1,0.119332,0,0
10,TUESDAY,COMERCIAL,0.2200,0.95,18.92,0.0,21.2,1,0,0.310760,0,0
9,FRIDAY,RESIDENCIAL,0.2500,2.57,21.38,0.0,26.0,0,0,0.126725,0,0
10,WEDNESDAY,COMERCIAL,0.0600,0.53,7.02,0.0,17.8,1,1,0.107871,0,0
15,MONDAY,RESIDENCIAL,0.1900,2.90,15.08,0.0,22.2,0,0,0.117826,0,0
10,SUNDAY,COMERCIAL,0.0800,5.39,42.37,4.6,18.9,1,1,0.415622,0,0
11,THURSDAY,RESIDENCIAL,0.1100,2.25,34.79,0.0,20.9,0,0,0.072656,0,0
14,THURSDAY,RESIDENCIAL,0.1200,1.48,16.99,0.0,20.2,0,0,0.086192,0,0
6,WEDNESDAY,CONDOMINIO,0.2500,1.65,78.94,0.0,35.2,0,1,0.162603,0,0
22,SUNDAY,RESIDENCIAL,0.0500,3.06,18.58,0.0,25.3,0,1,0.057694,0,0
13,SUNDAY,RESIDENCIAL,0.1100,1.71,15.09,19.0,25.8,0,1,0.110476,0,0
9,SATURDAY,RESIDENCIAL,0.2500,10.79,53.85,13.0,27.3,0,0,0.252778,0,0
15,TUESDAY,COMERCIAL,0.2800,3.67,64.48,7.1,17.9,0,1,0.189566,0,0
15,MONDAY,CONDOMINIO,0.1500,1.56,16.67,0.0,21.2,1,1,0.227880,0,1
15,THURSDAY,COMERCIAL,0.2200,1.91,48.00,7.2,21.0,0,1,0.149790,0,0
12,SUNDAY,COMERCIAL,0.2200,6.02,91.83,0.0,18.4,1,1,0.614394,0,1
12,THURSDAY,COMERCIAL,0.2200,1.98,29.36,0.0,22.9,1,1,0.269914,0,1
17,SUNDAY,RESIDENCIAL,0.1900,3.74,20.22,2.3,21.0,0,1,0.072958,0,0
19,WEDNESDAY,CONDOMINIO,0.0900,3.85,48.75,1.0,16.5,2,0,0.716314,0,0
17,MONDAY,RESIDENCIAL,0.2200,4.31,27.37,0.0,14.7,0,0,0.123600,0,1
12,SUNDAY,RESIDENCIAL,0.2500,4.29,40.99,0.0,20.3,0,0,0.145196,0,0
10,WEDNESDAY,CONDOMINIO,0.1200,4.04,63.29,9.5,23.8,0,0,0.195865,0,1
17,TUESDAY,COMERCIAL,0.1900,0.78,8.87,12.2,19.1,0,1,0.135402,0,0
15,THURSDAY,CONDOMINIO,0.0900,1.84,33.22,0.0,13.8,0,1,0.066912,0,0
18,TUESDAY,CONDOMINIO,0.2500,2.55,39.02,0.1,22.5,1,1,0.481092,0,0
11,TUESDAY,RESIDENCIAL,0.2500,3.17,50.89,0.6,16.6,0,0,0.123663,0,0
11,FRIDAY,RURAL,0.3100,4.65,64.68,0.0,17.6,0,0,0.282310,0,0
13,SATURDAY,CONDOMINIO,0.1500,3.78,41.12,0.0,21.6,0,0,0.153291,0,0
9,FRIDAY,RESIDENCIAL,0.0900,10.52,78.30,0.0,23.7,1,1,0.162492,0,0
12,THURSDAY,RESIDENCIAL,0.2500,8.60,93.36,0.0,20.8,2,0,0.701498,0,1
17,SATURDAY,RESIDENCIAL,0.2800,1.54,41.05,2.8,23.1,3,0,0.853297,0,1
11,WEDNESDAY,RESIDENCIAL,0.0600,1.88,29.00,11.0,16.9,0,0,0.085959,0,0
16,SUNDAY,RESIDENCIAL,0.2800,0.63,8.28,13.6,16.9,1,1,0.314076,0,0
20,TUESDAY,RESIDENCIAL,0.2800,1.77,46.00,0.0,23.1,0,1,0.183959,0,0
8,SUNDAY,COMERCIAL,0.2200,1.44,55.90,0.0,25.4,0,0,0.388790,0,0
6,FRIDAY,RESIDENCIAL,0.2500,1.59,24.34,0.0,26.8,0,1,0.077494,0,0
10,SUNDAY,CONDOMINIO,0.2200,5.80,103.55,0.0,22.9,0,0,0.205413,0,0
21,SATURDAY,RESIDENCIAL,0.0800,4.72,79.20,0.3,25.4,0,1,0.106815,0,0
4,WEDNESDAY,RESIDENCIAL,0.1500,2.10,47.88,0.0,27.8,0,0,0.167984,0,0
13,MONDAY,RESIDENCIAL,0.2800,6.60,86.01,0.0,18.8,0,0,0.206696,0,0
15,FRIDAY,RURAL,0.1500,2.54,46.29,2.2,15.1,0,1,0.124516,0,1
6,FRIDAY,RESIDENCIAL,0.0800,1.98,34.60,0.0,27.2,0,0,0.072554,0,1
15,SATURDAY,CONDOMINIO,0.0600,2.85,37.00,3.9,17.7,0,1,0.071674,0,0
15,TUESDAY,RESIDENCIAL,0.0800,22.84,250.00,0.0,16.7,0,1,0.157759,0,0
10,THURSDAY,COMERCIAL,0.3100,3.26,47.27,0.0,22.7,0,1,0.131768,0,0
18,THURSDAY,RESIDENCIAL,0.1500,5.71,75.83,0.0,21.2,0,0,0.217562,0,0
9,MONDAY,RURAL,0.2200,1.30,45.72,8.7,23.3,0,1,0.182855,0,0
3,TUESDAY,CONDOMINIO,0.3100,2.08,62.61,0.0,34.8,0,1,0.297014,0,0
13,WEDNESDAY,RESIDENCIAL,0.2800,1.52,18.20,0.6,21.9,2,1,0.498950,0,0
7,TUESDAY,RURAL,0.2800,5.29,101.36,13.9,28.5,0,0,0.488300,0,1
13,SATURDAY,COMERCIAL,0.0600,2.23,17.14,1.6,19.3,1,1,0.382798,0,0
11,SUNDAY,RESIDENCIAL,0.1900,2.51,22.34,0.0,24.5,1,0,0.231851,0,0
20,MONDAY,COMERCIAL,0.2800,16.29,72.55,0.0,24.0,0,1,0.331247,0,0
18,WEDNESDAY,CONDOMINIO,0.1900,5.39,78.31,0.0,22.0,1,0,0.610161,0,1
3,WEDNESDAY,COMERCIAL,0.2200,1.35,28.92,0.0,31.4,1,1,0.379288,0,1
14,WEDNESDAY,RESIDENCIAL,0.0900,3.88,69.90,0.0,17.0,1,1,0.151434,0,0
21,MONDAY,RESIDENCIAL,0.2500,1.49,21.96,0.0,22.9,0,0,0.237414,0,0
14,THURSDAY,RESIDENCIAL,0.3100,6.62,119.71,0.0,22.9,2,1,0.655282,0,1
11,SUNDAY,CONDOMINIO,0.0600,5.67,54.77,0.0,18.4,0,1,0.055663,0,0
14,SATURDAY,CONDOMINIO,0.1100,1.28,28.39,0.0,15.8,1,1,0.175312,0,0
13,SATURDAY,RESIDENCIAL,0.2200,4.04,42.31,0.0,17.8,0,1,0.076297,0,0
9,FRIDAY,COMERCIAL,0.2200,0.26,12.36,0.0,24.0,0,1,0.080612,0,0
11,MONDAY,CONDOMINIO,0.1100,3.22,53.71,8.2,25.3,0,1,0.110106,0,1
12,THURSDAY,RESIDENCIAL,0.1100,2.99,52.01,0.0,15.0,0,0,0.088894,0,0
12,SATURDAY,RESIDENCIAL,0.2200,4.71,47.15,0.0,25.0,2,1,0.471618,1,0
7,WEDNESDAY,CONDOMINIO,0.2200,2.86,24.99,0.0,22.6,2,1,0.500865,0,1
10,SATURDAY,RURAL,0.1500,7.73,94.83,0.0,21.0,0,1,0.123745,0,0
15,FRIDAY,CONDOMINIO,0.0800,3.65,53.74,0.0,17.3,2,0,0.567635,0,0
12,SATURDAY,RESIDENCIAL,0.2500,2.03,24.95,0.0,19.5,0,0,0.129043,0,0
11,THURSDAY,RESIDENCIAL,0.0600,0.88,43.72,0.0,21.1,1,0,0.162313,0,0
10,WEDNESDAY,CONDOMINIO,0.0500,2.80,51.65,0.0,23.9,1,1,0.161732,0,0
12,FRIDAY,COMERCIAL,0.0900,7.60,95.82,4.4,19.6,0,0,0.178474,0,0
6,THURSDAY,RESIDENCIAL,0.2500,3.44,43.30,6.0,21.8,0,1,0.101124,0,1
13,WEDNESDAY,RESIDENCIAL,0.2500,0.99,24.04,0.0,20.5,0,1,0.085560,0,1
6,MONDAY,RESIDENCIAL,0.3100,5.95,26.22,1.9,30.0,0,1,0.122295,0,0
18,TUESDAY,RESIDENCIAL,0.1900,1.72,38.91,2.2,23.6,0,0,0.227873,0,0
6,THURSDAY,RESIDENCIAL,0.2500,0.96,14.43,0.0,29.1,1,1,0.200002,0,1
6,SUNDAY,RESIDENCIAL,0.1100,3.06,53.53,0.0,29.1,0,1,0.050336,0,0
6,FRIDAY,CONDOMINIO,0.0600,1.50,36.52,0.0,19.7,0,1,0.053029,0,0
15,TUESDAY,RESIDENCIAL,0.2800,1.49,30.95,0.0,12.0,0,1,0.084792,0,0
7,SUNDAY,RESIDENCIAL,0.1500,10.18,30.58,0.0,29.5,0,1,0.063973,0,0
14,SATURDAY,RESIDENCIAL,0.2800,2.86,34.56,0.0,21.3,0,1,0.095846,0,0
9,FRIDAY,RESIDENCIAL,0.0600,2.04,19.26,3.3,29.0,0,0,0.075616,0,0
11,TUESDAY,COMERCIAL,0.0600,1.53,29.40,15.9,17.7,0,1,0.084351,0,0
12,TUESDAY,RESIDENCIAL,0.2800,3.09,72.83,0.0,18.3,0,0,0.183108,0,0
18,SUNDAY,RESIDENCIAL,0.1900,0.42,14.08,0.0,15.1,0,0,0.151719,0,0
22,SUNDAY,RESIDENCIAL,0.3100,2.81,39.66,12.1,24.8,0,1,0.242208,0,1
6,SATURDAY,RESIDENCIAL,0.0500,2.60,27.12,0.0,25.9,0,1,0.033617,0,0
12,SATURDAY,RESIDENCIAL,0.1900,5.71,61.93,0.0,18.3,1,1,0.200443,0,1
17,SUNDAY,RESIDENCIAL,0.3100,1.62,57.69,9.7,15.1,2,1,0.610582,0,0
7,SUNDAY,RESIDENCIAL,0.1200,1.80,15.02,6.7,23.6,1,1,0.142899,0,0
21,FRIDAY,RESIDENCIAL,0.0900,2.92,26.65,0.0,24.6,0,1,0.093774,0,1
15,TUESDAY,RURAL,0.1900,1.94,23.56,2.0,17.4,1,1,0.318807,0,0
10,SATURDAY,RESIDENCIAL,0.0900,3.85,24.11,0.0,22.3,0,1,0.037280,0,0
6,WEDNESDAY,COMERCIAL,0.2200,8.00,195.52,0.0,23.1,0,0,0.273702,0,0
5,THURSDAY,RURAL,0.1500,1.81,70.38,0.0,35.2,0,0,0.338669,0,1
14,SUNDAY,RESIDENCIAL,0.0600,0.94,14.72,0.0,13.8,0,0,0.054598,0,0
8,SUNDAY,CONDOMINIO,0.2800,19.31,138.00,0.0,22.0,0,0,0.341807,0,1
16,WEDNESDAY,RESIDENCIAL,0.0500,2.50,23.11,9.3,17.2,1,1,0.156757,0,1
7,SUNDAY,RESIDENCIAL,0.0900,4.25,88.37,0.0,25.4,0,1,0.051064,0,0
7,SATURDAY,CONDOMINIO,0.1100,6.80,109.33,0.0,25.0,0,1,0.095119,0,0
13,MONDAY,RESIDENCIAL,0.0800,0.76,37.20,0.0,25.3,2,1,0.330439,0,0
12,MONDAY,RESIDENCIAL,0.0600,1.43,41.98,2.6,25.8,0,0,0.093356,0,0
14,SATURDAY,RESIDENCIAL,0.0600,2.74,44.38,12.9,22.1,0,1,0.076458,0,0
11,SATURDAY,RESIDENCIAL,0.0800,1.88,23.87,0.0,21.4,1,1,0.094531,0,1
17,SATURDAY,RESIDENCIAL,0.2500,5.13,84.31,1.9,16.6,1,1,0.265610,0,0
18,THURSDAY,CONDOMINIO,0.1500,5.46,57.33,0.0,21.5,0,1,0.189359,0,0
12,WEDNESDAY,COMERCIAL,0.1200,4.35,43.11,0.0,22.6,0,1,0.084184,0,0
7,SATURDAY,COMERCIAL,0.0600,2.45,53.00,5.0,24.6,0,1,0.194701,1,1
12,TUESDAY,COMERCIAL,0.0600,3.82,17.76,4.3,15.8,0,1,0.063927,0,1
11,SUNDAY,COMERCIAL,0.2200,1.97,17.00,0.0,16.1,1,1,0.442567,0,0
10,TUESDAY,RESIDENCIAL,0.2800,3.79,76.97,7.6,28.0,0,1,0.151181,0,0
12,FRIDAY,CONDOMINIO,0.1500,3.91,41.62,0.0,16.8,0,0,0.154495,0,0
6,SUNDAY,RESIDENCIAL,0.1100,5.23,82.70,0.0,24.8,0,1,0.054555,0,0
13,SATURDAY,RESIDENCIAL,0.1500,0.31,10.31,0.0,17.5,1,1,0.129994,0,0
13,FRIDAY,RURAL,0.2800,5.06,55.83,2.2,13.8,0,1,0.205025,0,0
8,MONDAY,RESIDENCIAL,0.2800,7.05,86.22,0.0,29.0,0,0,0.201191,0,0
7,TUESDAY,CONDOMINIO,0.2800,1.15,31.54,0.0,32.3,0,0,0.226341,0,0
19,MONDAY,RESIDENCIAL,0.0900,4.87,45.62,0.0,21.9,3,0,0.839192,0,1
15,SATURDAY,RESIDENCIAL,0.2800,2.58,13.69,0.0,13.0,1,0,0.299278,0,0
10,TUESDAY,COMERCIAL,0.2200,1.89,21.86,0.0,20.2,0,0,0.132238,0,0
17,WEDNESDAY,RESIDENCIAL,0.1900,2.21,21.15,0.0,21.6,1,0,0.285335,0,1
8,MONDAY,RESIDENCIAL,0.1200,1.53,56.43,0.0,29.4,2,1,0.350230,0,1
11,TUESDAY,RESIDENCIAL,0.1500,1.62,41.50,0.0,23.8,0,0,0.089684,0,1
8,SATURDAY,RESIDENCIAL,0.0800,6.71,125.16,0.0,19.3,0,1,0.053373,0,0
13,TUESDAY,RESIDENCIAL,0.0600,2.94,10.58,0.0,15.7,0,0,0.064153,1,1
20,TUESDAY,RESIDENCIAL,0.0900,4.96,100.53,5.7,26.8,0,0,0.255141,0,1
7,FRIDAY,RESIDENCIAL,0.1100,2.28,31.51,0.0,22.9,0,1,0.044406,0,0
15,THURSDAY,RESIDENCIAL,0.1900,6.60,40.79,16.3,19.5,0,1,0.155994,0,0
7,SATURDAY,CONDOMINIO,0.0600,1.97,56.41,0.0,27.8,0,1,0.061277,0,0
7,TUESDAY,RESIDENCIAL,0.1500,7.04,35.84,0.0,32.7,0,0,0.116434,0,0
15,SATURDAY,RURAL,0.1500,6.19,74.87,0.0,13.5,0,1,0.121770,0,0
9,WEDNESDAY,RESIDENCIAL,0.3100,1.32,33.61,0.0,17.9,0,1,0.084358,0,0
17,WEDNESDAY,CONDOMINIO,0.0500,12.02,43.45,0.0,14.7,0,1,0.077151,0,0
8,SUNDAY,RESIDENCIAL,0.1900,5.62,42.09,0.0,26.9,3,1,0.658555,0,0
7,MONDAY,RESIDENCIAL,0.2500,1.34,28.11,0.0,27.8,0,0,0.130328,0,1
13,MONDAY,RESIDENCIAL,0.1500,2.94,51.53,2.5,14.0,0,0,0.111265,0,0
4,SATURDAY,RESIDENCIAL,0.1500,2.34,42.06,0.6,30.2,0,1,0.100448,0,0
21,MONDAY,RURAL,0.3100,4.60,52.83,4.4,26.1,0,1,0.422217,0,0
1,SUNDAY,CONDOMINIO,0.3100,9.15,29.09,0.0,27.4,0,1,0.255995,0,1
12,TUESDAY,RESIDENCIAL,0.1100,3.25,43.40,1.7,22.1,1,0,0.261797,0,0
7,MONDAY,RESIDENCIAL,0.0800,3.10,60.81,0.0,24.9,0,0,0.078619,0,0
9,MONDAY,RESIDENCIAL,0.0600,2.34,57.77,0.0,26.5,1,1,0.120212,0,1
10,SUNDAY,COMERCIAL,0.1100,1.97,28.44,0.0,21.2,0,1,0.164793,0,0
8,SUNDAY,RESIDENCIAL,0.2200,2.49,49.01,0.0,24.8,0,1,0.068134,0,0
18,TUESDAY,CONDOMINIO,0.0600,0.94,15.29,0.0,18.1,0,0,0.166125,0,0
15,SUNDAY,CONDOMINIO,0.3100,2.43,58.55,0.0,14.5,0,1,0.151222,0,0
1,SATURDAY,COMERCIAL,0.1100,1.91,41.12,0.0,31.9,0,1,0.318696,0,0
12,MONDAY,RESIDENCIAL,0.2200,1.37,10.52,0.0,21.0,0,1,0.074215,0,0
15,FRIDAY,RURAL,0.2500,1.10,13.79,12.1,20.9,0,0,0.353237,0,1
14,MONDAY,RESIDENCIAL,0.3100,1.70,43.31,0.0,14.2,0,1,0.103376,0,1
6,WEDNESDAY,COMERCIAL,0.1500,4.56,40.72,0.0,25.4,0,0,0.128407,0,0
13,SATURDAY,CONDOMINIO,0.0600,1.49,32.89,8.1,18.7,1,0,0.320235,0,1
14,SATURDAY,RESIDENCIAL,0.0800,4.54,69.84,0.0,16.6,0,1,0.049494,0,0
13,WEDNESDAY,RESIDENCIAL,0.3100,3.32,54.48,0.0,21.2,1,1,0.302572,0,1
15,MONDAY,RESIDENCIAL,0.1500,4.82,73.18,0.0,17.1,0,1,0.072778,0,1
14,SUNDAY,RESIDENCIAL,0.0800,18.88,133.04,0.0,20.6,0,0,0.152666,0,1
6,SUNDAY,CONDOMINIO,0.2800,1.38,8.28,0.0,26.0,0,1,0.109840,0,0
8,WEDNESDAY,CONDOMINIO,0.2800,3.03,55.77,8.2,22.8,0,1,0.189054,0,0
17,WEDNESDAY,CONDOMINIO,0.2800,1.55,36.62,0.0,19.8,3,1,0.825091,0,1
12,THURSDAY,RESIDENCIAL,0.0600,10.21,131.87,0.0,19.2,0,0,0.125289,0,0
8,WEDNESDAY,RESIDENCIAL,0.0500,5.58,34.36,0.0,28.6,0,1,0.043064,0,0
12,SUNDAY,RESIDENCIAL,0.2200,2.19,32.24,0.0,19.5,2,1,0.414282,0,0
7,WEDNESDAY,RURAL,0.1500,15.35,116.09,0.0,27.4,0,1,0.189404,0,1
8,MONDAY,COMERCIAL,0.0600,4.71,56.74,0.0,32.7,0,0,0.112917,0,0
10,MONDAY,RESIDENCIAL,0.0500,4.15,39.26,0.0,21.1,1,1,0.102734,0,0
15,SATURDAY,RESIDENCIAL,0.0800,4.38,81.48,0.0,22.3,0,0,0.095472,0,0
20,FRIDAY,COMERCIAL,0.2800,0.64,21.95,0.0,20.8,0,1,0.204208,0,1
6,TUESDAY,COMERCIAL,0.2800,16.52,89.92,0.0,26.9,3,0,0.919137,0,1
13,THURSDAY,CONDOMINIO,0.1100,3.30,35.39,0.0,13.2,0,1,0.074334,0,0
21,WEDNESDAY,RESIDENCIAL,0.2800,3.26,47.74,2.0,26.9,0,1,0.217629,0,0
5,WEDNESDAY,RESIDENCIAL,0.1200,0.39,40.35,0.0,31.5,1,1,0.237063,0,0
21,THURSDAY,RURAL,0.1900,2.52,35.23,2.9,19.7,0,1,0.247576,0,0
7,TUESDAY,RESIDENCIAL,0.2800,1.81,38.52,0.0,22.2,0,1,0.084195,0,0
18,WEDNESDAY,COMERCIAL,0.2200,12.16,39.21,0.0,23.1,2,1,0.731617,0,1
19,SATURDAY,COMERCIAL,0.1500,3.05,23.00,0.0,20.6,1,0,0.736964,0,0
10,TUESDAY,RESIDENCIAL,0.0800,1.94,37.24,6.1,26.1,0,0,0.092286,0,0
16,SUNDAY,RESIDENCIAL,0.2500,2.60,42.20,0.0,19.5,0,1,0.085006,0,1
6,FRIDAY,CONDOMINIO,0.3100,2.58,34.22,4.6,35.0,0,0,0.309679,0,1
19,TUESDAY,RESIDENCIAL,0.1100,1.93,44.18,5.4,23.7,0,0,0.202938,0,0
19,SUNDAY,RESIDENCIAL,0.2200,11.41,162.32,0.0,27.0,0,0,0.378606,0,1
13,WEDNESDAY,RESIDENCIAL,0.0800,2.10,50.92,0.0,16.3,1,1,0.130355,0,0
14,THURSDAY,CONDOMINIO,0.1500,2.09,27.05,0.0,16.3,0,0,0.140210,0,0
20,FRIDAY,CONDOMINIO,0.1100,2.70,46.34,0.0,21.3,0,0,0.234847,0,0
6,THURSDAY,RESIDENCIAL,0.0500,5.96,64.49,0.0,29.1,0,1,0.049217,0,0
13,FRIDAY,RESIDENCIAL,0.0900,3.89,51.65,0.0,20.6,0,1,0.056033,0,0
12,WEDNESDAY,RURAL,0.3100,1.78,11.59,2.7,18.9,0,1,0.202678,0,0
19,SUNDAY,RURAL,0.2500,11.73,143.39,3.6,22.9,0,1,0.446903,0,1
18,FRIDAY,COMERCIAL,0.1100,2.23,24.63,0.0,17.0,0,1,0.112473,0,0
16,TUESDAY,CONDOMINIO,0.2800,2.44,6.04,0.0,16.9,0,0,0.204754,0,1
16,SATURDAY,RESIDENCIAL,0.2200,10.20,151.08,0.8,17.9,0,1,0.133926,0,1
8,FRIDAY,RESIDENCIAL,0.1500,0.73,6.61,0.0,23.6,0,0,0.077037,0,1
6,TUESDAY,RESIDENCIAL,0.3100,1.11,6.85,3.2,31.7,0,0,0.178455,0,0
6,FRIDAY,RESIDENCIAL,0.1200,3.17,37.74,12.3,28.3,0,1,0.089456,0,0
21,SUNDAY,RESIDENCIAL,0.0600,0.85,15.55,0.0,29.5,0,1,0.076806,0,0
10,SUNDAY,CONDOMINIO,0.0500,1.71,46.88,2.3,24.0,3,1,0.625690,0,1
20,THURSDAY,RESIDENCIAL,0.2800,4.41,22.24,0.0,20.0,0,1,0.170684,0,1
8,WEDNESDAY,CONDOMINIO,0.1900,2.00,9.64,0.0,29.7,0,1,0.094710,0,0
15,WEDNESDAY,RESIDENCIAL,0.1200,3.28,45.49,0.2,21.6,2,0,0.508739,0,1
8,FRIDAY,RESIDENCIAL,0.2200,2.08,16.42,7.2,23.5,1,1,0.221263,0,1
21,SUNDAY,COMERCIAL,0.0800,3.67,51.79,0.0,21.4,0,0,0.449401,0,1
20,SUNDAY,CONDOMINIO,0.2200,4.76,79.37,23.7,20.4,0,1,0.460329,0,1
7,WEDNESDAY,RESIDENCIAL,0.0600,11.29,102.16,0.0,23.4,0,1,0.060024,0,0
20,WEDNESDAY,COMERCIAL,0.0600,8.94,46.86,0.6,24.2,0,1,0.137281,0,0
10,TUESDAY,CONDOMINIO,0.0800,3.80,43.04,6.9,19.9,0,1,0.082842,0,1
14,MONDAY,RESIDENCIAL,0.0500,1.29,30.81,6.6,14.9,0,1,0.049760,0,1
16,THURSDAY,RESIDENCIAL,0.0900,7.60,101.00,0.0,15.1,0,1,0.066360,0,0
8,THURSDAY,RESIDENCIAL,0.2200,3.45,59.59,0.0,20.8,1,0,0.293304,0,0
6,WEDNESDAY,COMERCIAL,0.1200,2.24,20.00,14.9,30.3,2,0,0.688368,1,0
19,WEDNESDAY,RESIDENCIAL,0.1200,0.78,29.33,0.0,19.3,0,1,0.091357,0,0
16,THURSDAY,RESIDENCIAL,0.1500,3.11,44.99,3.8,26.3,0,1,0.087441,0,0
8,SUNDAY,CONDOMINIO,0.0600,4.39,27.13,0.0,30.8,0,0,0.101951,0,1
15,FRIDAY,CONDOMINIO,0.0900,4.11,48.60,0.0,20.3,2,1,0.453423,0,1
12,FRIDAY,RESIDENCIAL,0.1100,0.83,14.33,7.9,22.5,0,1,0.070671,0,0
13,THURSDAY,RESIDENCIAL,0.2800,4.26,29.40,0.0,24.0,1,0,0.395106,0,1
20,TUESDAY,RESIDENCIAL,0.1900,0.71,36.16,0.0,25.5,0,1,0.133819,0,0
11,FRIDAY,RURAL,0.1500,2.66,24.03,0.0,17.1,0,0,0.142414,0,0
6,SUNDAY,COMERCIAL,0.0500,4.00,54.87,10.8,30.0,1,1,0.513866,0,0
10,SATURDAY,RESIDENCIAL,0.3100,2.92,36.08,0.0,20.2,0,1,0.084040,0,0
16,SATURDAY,RURAL,0.1900,3.32,19.96,0.0,16.1,0,1,0.113532,0,0
15,THURSDAY,RESIDENCIAL,0.1900,5.79,101.23,0.5,17.4,0,1,0.097984,0,0
19,THURSDAY,RURAL,0.3100,1.84,70.30,0.0,15.6,2,1,0.814452,0,1
11,SUNDAY,COMERCIAL,0.2500,12.39,119.17,0.0,22.4,1,0,0.774593,0,1
9,SATURDAY,CONDOMINIO,0.0500,3.22,51.50,0.0,20.6,0,1,0.052079,0,0
9,SATURDAY,CONDOMINIO,0.2800,1.47,25.81,0.0,22.9,0,1,0.110858,0,0
12,THURSDAY,COMERCIAL,0.1900,2.06,39.40,0.0,17.4,0,1,0.092549,0,0
17,WEDNESDAY,RESIDENCIAL,0.3100,1.44,46.40,0.0,13.6,3,0,0.843381,0,0
7,THURSDAY,RESIDENCIAL,0.1100,2.94,84.75,0.0,30.5,0,1,0.063715,0,0
11,SUNDAY,RESIDENCIAL,0.0600,2.62,64.03,0.0,19.4,0,0,0.060065,0,0
18,MONDAY,RESIDENCIAL,0.0600,15.50,148.36,0.0,20.9,0,1,0.159620,0,0
15,FRIDAY,RESIDENCIAL,0.2200,5.32,54.32,0.0,17.9,0,0,0.146575,0,0
10,WEDNESDAY,RESIDENCIAL,0.3100,2.58,70.13,0.0,17.3,1,0,0.361472,0,0
7,THURSDAY,COMERCIAL,0.1100,0.45,5.82,0.0,32.3,0,0,0.101609,0,0
21,FRIDAY,COMERCIAL,0.2800,4.00,61.00,0.0,27.4,1,1,0.527971,0,0
13,THURSDAY,COMERCIAL,0.1500,5.14,60.51,0.0,19.6,0,1,0.096437,0,0
17,SUNDAY,RESIDENCIAL,0.1900,4.30,87.12,0.0,22.4,0,1,0.088183,1,1
10,WEDNESDAY,COMERCIAL,0.2500,10.47,73.77,0.9,23.1,0,1,0.142991,0,0
13,TUESDAY,RESIDENCIAL,0.0800,1.70,30.39,0.0,16.9,1,1,0.121539,0,0
9,THURSDAY,CONDOMINIO,0.1500,5.67,66.62,0.0,25.8,1,0,0.371504,0,0
16,FRIDAY,RESIDENCIAL,0.2500,1.73,21.17,7.9,14.6,0,0,0.171566,0,1
9,THURSDAY,RURAL,0.2500,4.81,51.46,4.1,26.1,0,0,0.295794,0,1
17,SATURDAY,CONDOMINIO,0.1900,1.36,18.42,0.0,13.6,0,0,0.134666,0,0
1,SUNDAY,RESIDENCIAL,0.0500,1.71,68.50,2.1,29.0,0,0,0.129121,0,0
21,THURSDAY,RESIDENCIAL,0.0600,4.74,83.22,0.0,19.6,0,0,0.158875,0,0
10,FRIDAY,CONDOMINIO,0.0600,1.54,39.47,0.0,21.4,0,0,0.092321,0,0
9,SUNDAY,RESIDENCIAL,0.3100,3.67,69.58,0.0,27.8,0,1,0.110669,0,0
9,MONDAY,RESIDENCIAL,0.2500,1.38,46.64,0.0,28.6,1,0,0.330275,0,0
19,SUNDAY,RESIDENCIAL,0.0500,10.43,144.93,0.0,20.9,0,1,0.125480,0,1
17,WEDNESDAY,CONDOMINIO,0.1200,6.97,53.31,0.0,15.7,1,0,0.350120,0,0
7,THURSDAY,RESIDENCIAL,0.0500,5.58,81.44,0.0,26.6,0,1,0.049607,0,0
18,TUESDAY,CONDOMINIO,0.1900,12.47,67.73,10.2,17.0,1,1,0.596685,0,0
8,MONDAY,CONDOMINIO,0.3100,1.94,45.76,0.0,24.1,0,0,0.232106,0,0
21,SATURDAY,RESIDENCIAL,0.2500,1.75,40.24,0.0,19.6,2,1,0.597897,0,0
8,MONDAY,RESIDENCIAL,0.1200,0.48,10.78,0.0,31.0,0,1,0.047658,0,0
7,WEDNESDAY,RESIDENCIAL,0.1900,1.18,23.19,0.0,24.5,3,1,0.627676,0,1
8,SUNDAY,RESIDENCIAL,0.3100,12.13,173.81,0.0,24.4,0,0,0.274181,0,1
7,MONDAY,RESIDENCIAL,0.1100,1.98,27.92,0.0,27.6,0,0,0.079671,0,1
18,THURSDAY,RURAL,0.2200,5.10,79.95,6.8,19.3,1,0,0.744464,0,1
8,WEDNESDAY,COMERCIAL,0.1100,4.97,95.07,9.6,22.1,1,1,0.282627,0,0
18,SATURDAY,RESIDENCIAL,0.1200,2.70,47.50,0.0,19.8,0,1,0.093936,0,0
7,TUESDAY,RESIDENCIAL,0.0600,4.07,90.32,0.1,25.6,0,0,0.084674,0,0
12,TUESDAY,RESIDENCIAL,0.2800,3.29,37.94,0.0,15.0,2,0,0.623401,0,1
11,THURSDAY,RESIDENCIAL,0.2200,2.00,32.31,4.3,23.6,1,0,0.315342,0,0
15,THURSDAY,RESIDENCIAL,0.0900,2.43,16.32,1.6,16.7,0,1,0.047067,0,0
9,WEDNESDAY,COMERCIAL,0.1900,4.99,91.01,0.0,27.5,1,0,0.401022,1,1
15,WEDNESDAY,COMERCIAL,0.0600,1.25,38.00,0.5,16.2,0,1,0.055711,0,0
14,WEDNESDAY,CONDOMINIO,0.0900,1.89,36.60,1.8,14.3,0,1,0.073826,0,1
8,THURSDAY,COMERCIAL,0.0800,0.93,16.34,0.0,20.8,0,1,0.046292,0,0
11,MONDAY,CONDOMINIO,0.0900,1.73,27.30,11.1,25.9,0,0,0.165198,0,0
14,SATURDAY,RESIDENCIAL,0.1500,5.99,58.86,0.0,12.9,0,0,0.099141,0,0
19,WEDNESDAY,RESIDENCIAL,0.2500,2.10,17.77,5.1,19.8,0,1,0.174953,0,1
9,THURSDAY,RESIDENCIAL,0.0800,4.81,74.66,0.0,25.8,0,0,0.087455,0,0
16,FRIDAY,RESIDENCIAL,0.0600,0.77,14.72,3.1,17.1,1,1,0.119164,0,1
6,TUESDAY,RESIDENCIAL,0.0900,5.06,55.70,21.0,28.5,0,0,0.201700,0,0
19,SUNDAY,COMERCIAL,0.1900,10.01,118.05,15.0,23.8,2,0,0.972971,0,1
13,MONDAY,RESIDENCIAL,0.0500,2.13,7.67,0.0,14.8,0,0,0.058963,0,0
11,TUESDAY,RESIDENCIAL,0.1900,6.23,65.20,0.0,22.2,1,1,0.193184,0,1
9,TUESDAY,RESIDENCIAL,0.2500,1.62,23.75,11.7,27.1,0,0,0.198452,0,1
16,SUNDAY,COMERCIAL,0.1200,2.55,24.32,0.0,15.4,0,1,0.189852,0,0
16,SATURDAY,RESIDENCIAL,0.2800,0.99,21.42,0.0,15.4,3,0,0.800341,0,1
14,MONDAY,RESIDENCIAL,0.1900,1.39,15.23,0.0,18.3,3,0,0.763447,0,1
10,TUESDAY,RURAL,0.1500,5.81,61.27,0.0,28.5,1,1,0.312240,0,1
9,FRIDAY,COMERCIAL,0.0900,0.97,31.87,0.0,26.3,0,0,0.094296,0,0
18,MONDAY,RURAL,0.1900,4.00,67.11,0.0,16.4,0,1,0.241667,0,0
7,FRIDAY,CONDOMINIO,0.0900,4.44,33.68,0.0,25.1,0,0,0.114835,0,0
6,TUESDAY,RESIDENCIAL,0.0600,8.95,112.72,0.0,31.5,0,1,0.068794,0,0
15,WEDNESDAY,CONDOMINIO,0.2200,5.79,80.79,0.0,19.3,0,1,0.152375,0,0
16,SUNDAY,RESIDENCIAL,0.0800,2.58,79.14,0.0,19.7,0,1,0.051910,0,0
11,THURSDAY,CONDOMINIO,0.2500,18.02,136.13,9.8,22.0,0,0,0.431930,0,1
20,THURSDAY,RESIDENCIAL,0.1500,1.35,9.35,1.9,17.4,0,1,0.100169,0,0
17,FRIDAY,CONDOMINIO,0.2800,0.32,23.79,0.0,21.8,1,0,0.464848,0,0
18,THURSDAY,COMERCIAL,0.3100,1.15,23.65,12.1,16.0,3,0,0.955970,0,1
16,THURSDAY,RESIDENCIAL,0.0600,3.92,62.30,0.0,19.9,0,0,0.085897,0,0
15,MONDAY,COMERCIAL,0.1100,2.99,12.81,4.0,16.0,0,1,0.073508,0,1
16,MONDAY,COMERCIAL,0.1100,0.60,27.45,7.8,19.1,3,0,0.824596,0,1
11,WEDNESDAY,RURAL,0.2800,2.19,52.08,14.1,19.4,1,1,0.513889,0,0
10,THURSDAY,RESIDENCIAL,0.0900,3.44,59.44,0.0,27.2,0,0,0.085314,1,1
8,FRIDAY,RESIDENCIAL,0.0600,2.02,17.26,0.0,28.2,1,1,0.106552,0,1
10,FRIDAY,RURAL,0.2500,1.44,57.48,0.0,21.4,0,1,0.147282,0,0
14,TUESDAY,RESIDENCIAL,0.0800,7.23,44.12,0.0,17.2,0,1,0.053213,0,0
9,SUNDAY,CONDOMINIO,0.0600,1.75,50.13,0.0,19.0,3,1,0.590074,0,1
17,WEDNESDAY,COMERCIAL,0.1200,14.19,99.96,0.0,20.3,0,1,0.123531,0,0
10,TUESDAY,RESIDENCIAL,0.2200,4.33,89.42,0.0,22.0,3,1,0.718277,0,1
19,TUESDAY,RESIDENCIAL,0.0900,2.94,29.77,2.7,16.7,0,1,0.091794,0,0
6,WEDNESDAY,RESIDENCIAL,0.0600,3.19,46.08,0.0,29.4,0,0,0.075304,0,0
12,SATURDAY,RESIDENCIAL,0.0500,1.29,42.32,0.0,17.3,0,1,0.037238,0,0
7,WEDNESDAY,RESIDENCIAL,0.1100,2.25,45.66,0.0,25.1,0,1,0.048841,0,0
17,SATURDAY,RESIDENCIAL,0.0900,1.82,19.51,0.0,18.9,1,1,0.115224,0,0
8,SATURDAY,CONDOMINIO,0.1500,0.87,26.43,0.3,19.4,0,0,0.107070,0,0
18,WEDNESDAY,RESIDENCIAL,0.1100,8.40,37.79,1.5,14.5,0,0,0.169195,0,0
18,TUESDAY,RESIDENCIAL,0.1500,2.51,48.91,0.0,23.6,0,0,0.194723,0,1
0,SATURDAY,RURAL,0.2200,3.44,53.43,0.0,28.2,0,1,0.230360,0,1
15,WEDNESDAY,COMERCIAL,0.1900,4.59,50.88,0.0,18.4,2,1,0.511565,0,0
6,THURSDAY,COMERCIAL,0.2500,2.17,28.64,0.5,31.4,0,0,0.185323,0,0
17,MONDAY,CONDOMINIO,0.0500,2.09,68.90,0.0,15.7,1,0,0.277249,0,0
10,TUESDAY,COMERCIAL,0.1100,1.27,18.27,0.0,19.8,0,0,0.086340,0,0
6,SATURDAY,RESIDENCIAL,0.2500,3.50,41.36,0.0,24.8,0,1,0.075784,0,0
5,FRIDAY,RESIDENCIAL,0.1100,5.08,76.30,0.0,23.6,2,0,0.632789,0,1
6,THURSDAY,RESIDENCIAL,0.1200,1.19,40.96,1.6,27.0,0,1,0.053941,0,0
15,WEDNESDAY,COMERCIAL,0.0500,1.50,19.47,0.0,20.0,0,1,0.052919,0,0
6,SATURDAY,RESIDENCIAL,0.0500,4.99,54.04,1.8,24.7,0,1,0.041723,0,0
16,SATURDAY,RESIDENCIAL,0.1900,0.79,18.60,0.0,17.2,1,1,0.154224,0,0
11,TUESDAY,RESIDENCIAL,0.2800,5.28,68.87,0.0,18.7,0,1,0.095477,0,0
19,SUNDAY,RESIDENCIAL,0.3100,1.75,28.41,1.3,22.9,1,0,0.540881,0,1
15,THURSDAY,RESIDENCIAL,0.2200,2.35,47.11,0.0,18.4,1,1,0.213357,0,0
7,MONDAY,CONDOMINIO,0.0500,1.04,18.89,0.0,27.4,1,0,0.231397,0,0
7,TUESDAY,RESIDENCIAL,0.3100,4.95,78.79,2.6,28.1,0,1,0.142817,0,0
13,SUNDAY,RESIDENCIAL,0.0600,1.83,27.80,0.0,14.3,1,1,0.098230,0,0
11,MONDAY,CONDOMINIO,0.2500,5.44,53.95,1.2,21.0,1,0,0.444184,0,0
17,THURSDAY,RURAL,0.2500,1.15,18.09,6.0,14.4,0,0,0.270736,0,1
21,SATURDAY,RESIDENCIAL,0.3100,5.39,74.19,0.0,24.4,0,0,0.333924,0,0
11,THURSDAY,RESIDENCIAL,0.1200,3.39,84.70,0.0,20.0,0,1,0.054865,0,0
13,TUESDAY,RESIDENCIAL,0.2500,0.86,18.76,0.0,24.5,2,0,0.607434,0,1
7,SATURDAY,RESIDENCIAL,0.1200,5.45,113.42,0.0,23.2,0,1,0.062032,1,1
5,SATURDAY,RESIDENCIAL,0.1200,1.87,31.46,25.0,24.1,0,0,0.301448,0,1
13,SATURDAY,COMERCIAL,0.1900,14.79,99.40,0.0,16.8,1,0,0.752753,0,0
11,THURSDAY,RESIDENCIAL,0.3100,0.79,9.24,4.0,21.8,1,1,0.242818,0,0
17,THURSDAY,COMERCIAL,0.1900,2.37,35.15,0.0,19.8,0,1,0.095855,0,1
1,WEDNESDAY,COMERCIAL,0.3100,1.35,31.14,0.0,31.1,0,1,0.226236,0,1
15,MONDAY,RESIDENCIAL,0.2500,2.27,26.43,0.0,15.8,2,1,0.444843,0,1
11,THURSDAY,RESIDENCIAL,0.1100,2.95,36.66,12.1,18.1,0,0,0.115770,0,0
11,THURSDAY,COMERCIAL,0.2800,5.03,93.40,0.0,18.6,0,1,0.134860,0,0
17,MONDAY,CONDOMINIO,0.1100,0.77,27.25,0.0,17.0,0,1,0.072983,0,0
11,MONDAY,CONDOMINIO,0.1100,8.30,114.20,0.0,25.8,0,1,0.111086,0,0
23,FRIDAY,RESIDENCIAL,0.0800,4.16,69.35,0.0,25.7,1,0,0.335235,0,0
11,MONDAY,RESIDENCIAL,0.2800,1.87,13.68,7.1,20.5,2,1,0.500242,0,1
7,SUNDAY,RESIDENCIAL,0.0800,2.22,35.32,0.0,28.2,0,0,0.067912,0,0
11,WEDNESDAY,RESIDENCIAL,0.3100,5.53,16.92,0.0,24.2,0,0,0.158415,0,0
12,SUNDAY,CONDOMINIO,0.0800,1.62,10.91,0.0,19.1,0,1,0.059309,0,0
5,WEDNESDAY,RESIDENCIAL,0.2500,4.25,34.15,0.0,29.6,2,0,0.737855,0,1
15,TUESDAY,COMERCIAL,0.2800,2.01,52.98,0.0,24.9,0,1,0.151893,0,0
17,THURSDAY,RESIDENCIAL,0.1200,3.31,33.47,0.0,19.7,0,1,0.056820,0,0
7,TUESDAY,COMERCIAL,0.0900,9.87,120.97,5.1,17.9,2,1,0.507032,0,1
7,WEDNESDAY,RESIDENCIAL,0.2500,7.83,115.40,0.0,30.4,0,1,0.131856,0,0
14,TUESDAY,CONDOMINIO,0.3100,1.27,34.51,0.0,18.4,0,1,0.158130,0,0
9,WEDNESDAY,RURAL,0.3100,4.45,59.26,0.0,20.7,0,1,0.190354,0,0
16,SATURDAY,RESIDENCIAL,0.2800,3.17,19.82,0.0,20.3,2,1,0.471165,0,0
9,THURSDAY,RESIDENCIAL,0.1200,2.72,33.63,0.0,27.1,0,1,0.050908,0,0
9,THURSDAY,RESIDENCIAL,0.2800,4.67,48.55,0.0,22.5,0,0,0.151994,0,0
12,TUESDAY,RURAL,0.1500,4.29,28.26,0.0,22.0,1,1,0.301596,0,0
15,MONDAY,RURAL,0.1900,5.28,51.23,0.0,21.3,1,0,0.493230,0,0
8,TUESDAY,RURAL,0.1500,7.97,84.31,23.6,25.4,0,1,0.322237,0,0
7,WEDNESDAY,RESIDENCIAL,0.1500,0.66,37.43,0.0,29.0,0,1,0.057120,0,1
9,FRIDAY,COMERCIAL,0.2200,1.35,10.32,8.0,21.1,0,1,0.107843,0,0
7,SUNDAY,RESIDENCIAL,0.2800,1.14,41.88,0.0,28.5,3,0,0.815480,0,1
20,SATURDAY,RESIDENCIAL,0.2800,3.88,35.28,0.0,22.5,1,0,0.514526,0,1
8,THURSDAY,COMERCIAL,0.1200,1.00,23.69,0.0,21.2,0,0,0.093110,0,0
11,WEDNESDAY,RESIDENCIAL,0.0900,1.50,40.09,0.0,18.5,2,0,0.384110,0,1
12,FRIDAY,COMERCIAL,0.0800,0.72,42.59,0.0,23.1,0,1,0.067255,0,0
9,SATURDAY,CONDOMINIO,0.1500,2.80,58.77,0.0,24.3,1,1,0.212668,0,0
18,MONDAY,RESIDENCIAL,0.0800,3.73,31.14,6.0,18.3,0,0,0.171336,0,0
17,TUESDAY,RESIDENCIAL,0.2800,13.46,126.65,0.0,20.4,3,0,0.910610,0,1
11,SATURDAY,COMERCIAL,0.1900,1.46,24.88,0.0,23.4,1,0,0.590013,0,1
11,MONDAY,CONDOMINIO,0.1500,1.62,16.04,0.0,21.4,1,1,0.187347,0,0
15,TUESDAY,RESIDENCIAL,0.0500,9.15,42.91,0.0,16.0,0,1,0.048356,0,0
17,TUESDAY,RESIDENCIAL,0.1900,8.65,78.57,0.0,20.8,0,1,0.100338,0,0
19,WEDNESDAY,RESIDENCIAL,0.1200,1.78,70.89,9.8,21.7,0,1,0.165627,0,0
7,TUESDAY,RESIDENCIAL,0.2800,8.82,149.82,0.0,26.7,0,1,0.157597,0,0
11,MONDAY,RESIDENCIAL,0.0900,23.00,150.27,10.5,13.7,0,0,0.211248,0,0
9,MONDAY,COMERCIAL,0.1900,4.95,57.49,0.0,23.3,3,0,0.829163,0,1
7,WEDNESDAY,RESIDENCIAL,0.0500,0.99,21.77,0.0,24.9,0,1,0.034219,0,0
9,MONDAY,RESIDENCIAL,0.1500,1.38,35.91,0.0,26.4,0,0,0.091633,0,0
17,MONDAY,RESIDENCIAL,0.1900,3.18,97.53,0.0,23.4,3,0,0.838569,0,1
8,MONDAY,CONDOMINIO,0.2200,1.78,36.60,0.0,21.4,0,1,0.099652,0,1
19,FRIDAY,RESIDENCIAL,0.0800,4.00,55.88,0.0,23.4,0,0,0.162672,0,0
17,WEDNESDAY,COMERCIAL,0.0900,2.25,42.76,0.0,19.1,0,0,0.110986,0,0
17,MONDAY,RESIDENCIAL,0.0800,2.56,23.67,0.0,21.0,0,0,0.079342,0,1
12,SATURDAY,COMERCIAL,0.2500,1.95,43.25,1.1,17.5,0,0,0.443061,0,0
11,SUNDAY,RESIDENCIAL,0.0800,2.13,28.08,0.0,24.7,0,1,0.036600,0,0
13,SATURDAY,CONDOMINIO,0.1200,7.53,93.11,0.0,20.5,0,0,0.175186,0,0
13,SUNDAY,RESIDENCIAL,0.3100,4.24,35.98,0.0,14.6,0,1,0.098139,0,0
6,TUESDAY,COMERCIAL,0.1900,3.88,40.16,0.0,29.0,0,0,0.154157,0,0
7,THURSDAY,COMERCIAL,0.1500,19.33,143.34,5.8,22.5,0,0,0.282440,0,0
7,THURSDAY,RURAL,0.2200,2.20,23.69,0.0,27.7,0,1,0.133977,0,1
19,WEDNESDAY,COMERCIAL,0.2800,1.42,45.76,8.5,28.9,0,0,0.462332,0,0
8,SUNDAY,COMERCIAL,0.1100,5.03,80.35,0.0,23.2,0,1,0.214359,0,0
7,SUNDAY,RESIDENCIAL,0.1100,5.15,53.85,0.0,31.4,0,1,0.055313,0,0
6,TUESDAY,COMERCIAL,0.0500,1.70,10.69,6.5,28.6,1,1,0.167948,0,1
20,WEDNESDAY,RESIDENCIAL,0.1100,0.83,31.77,0.0,21.5,1,0,0.347019,0,1
20,SUNDAY,RESIDENCIAL,0.0600,3.24,62.14,0.0,18.3,0,1,0.078389,0,0
12,SUNDAY,RESIDENCIAL,0.3100,4.39,71.25,0.0,16.0,0,1,0.114533,0,0
12,THURSDAY,RESIDENCIAL,0.0800,6.45,98.42,0.0,19.8,0,1,0.067291,0,0
7,THURSDAY,RESIDENCIAL,0.0900,2.61,48.39,0.0,23.7,0,0,0.075356,0,0
13,FRIDAY,RESIDENCIAL,0.1500,14.31,88.41,0.0,17.7,0,1,0.096685,0,0
8,FRIDAY,CONDOMINIO,0.0600,0.88,15.67,0.0,24.2,1,0,0.224206,0,0
13,SUNDAY,COMERCIAL,0.1500,10.50,151.49,1.5,18.7,0,1,0.379884,0,0
11,SATURDAY,COMERCIAL,0.1900,2.13,60.68,0.0,23.8,1,1,0.495493,0,0
16,SUNDAY,CONDOMINIO,0.0800,5.43,78.73,0.0,21.0,1,1,0.221089,0,0
13,THURSDAY,RESIDENCIAL,0.1500,1.50,16.26,0.0,21.3,0,1,0.058886,0,0
9,WEDNESDAY,CONDOMINIO,0.1100,2.59,57.11,0.0,27.8,0,0,0.134609,0,0
15,WEDNESDAY,RESIDENCIAL,0.0600,0.68,9.25,3.1,20.7,1,1,0.124281,0,1
6,SATURDAY,RESIDENCIAL,0.2500,9.11,95.05,0.0,29.9,2,1,0.538909,0,0
8,TUESDAY,RESIDENCIAL,0.3100,1.98,32.01,0.0,24.4,1,1,0.241502,0,0
19,MONDAY,CONDOMINIO,0.0500,1.22,7.26,0.0,21.6,0,0,0.166803,0,0
7,FRIDAY,RESIDENCIAL,0.1900,5.26,29.32,0.0,28.2,0,1,0.070619,0,0
6,WEDNESDAY,RESIDENCIAL,0.2200,2.22,51.80,0.0,29.4,0,1,0.081713,0,1
12,TUESDAY,COMERCIAL,0.1100,2.58,22.43,0.0,21.5,0,1,0.070714,0,0
12,MONDAY,RESIDENCIAL,0.1100,1.44,39.41,0.0,22.3,0,0,0.093608,0,0
16,FRIDAY,CONDOMINIO,0.1100,0.69,12.25,0.0,22.6,1,1,0.199129,0,0
12,WEDNESDAY,RESIDENCIAL,0.1900,9.25,89.79,0.0,21.8,1,1,0.266278,0,0
6,SATURDAY,COMERCIAL,0.1100,2.87,30.72,0.0,30.8,0,0,0.299565,0,0
7,FRIDAY,RESIDENCIAL,0.2200,4.34,37.40,0.0,29.3,0,0,0.132861,0,0
6,MONDAY,RESIDENCIAL,0.2200,5.16,48.40,17.9,28.8,0,0,0.265827,0,0
5,SATURDAY,RESIDENCIAL,0.2200,1.61,34.18,7.2,30.3,1,1,0.362847,0,0
7,TUESDAY,RESIDENCIAL,0.1500,0.97,24.58,0.0,28.0,0,1,0.053787,0,0
11,MONDAY,COMERCIAL,0.3100,0.71,15.60,0.0,25.1,0,1,0.116310,0,1
8,THURSDAY,RESIDENCIAL,0.0500,7.54,34.44,0.0,22.5,0,1,0.040166,0,0
13,SUNDAY,RESIDENCIAL,0.1200,4.75,72.22,0.0,20.2,1,0,0.257621,0,0
6,FRIDAY,RESIDENCIAL,0.1500,3.77,45.25,0.0,31.6,2,0,0.526787,0,1
19,TUESDAY,RURAL,0.2500,0.72,15.05,1.6,16.6,0,1,0.246420,0,0
3,THURSDAY,RESIDENCIAL,0.1100,2.60,15.95,0.0,28.6,0,0,0.134796,0,0
14,SUNDAY,RESIDENCIAL,0.1500,1.24,30.66,0.0,17.8,0,0,0.087835,0,0
17,FRIDAY,RESIDENCIAL,0.2500,4.87,74.97,0.0,20.4,1,0,0.396428,0,0
6,TUESDAY,CONDOMINIO,0.2500,1.69,11.99,0.6,25.1,0,0,0.177878,0,0
12,WEDNESDAY,COMERCIAL,0.2800,2.08,28.83,0.0,23.7,0,0,0.216076,0,0
8,SATURDAY,RESIDENCIAL,0.0800,5.37,78.37,0.0,25.1,0,1,0.048325,0,0
10,FRIDAY,RESIDENCIAL,0.0800,3.02,25.06,0.0,19.4,1,1,0.102822,0,0
16,THURSDAY,COMERCIAL,0.3100,30.00,226.98,12.1,19.3,1,1,0.790579,0,0
7,SATURDAY,RESIDENCIAL,0.0500,1.74,40.58,21.6,19.7,0,0,0.126952,0,0
5,FRIDAY,RESIDENCIAL,0.1500,2.82,25.48,0.1,35.1,0,0,0.179303,0,0
14,FRIDAY,RESIDENCIAL,0.2800,1.99,42.39,0.0,17.6,2,1,0.497828,0,0
20,TUESDAY,COMERCIAL,0.3100,3.40,59.18,6.5,27.0,0,1,0.353022,0,1
15,MONDAY,RESIDENCIAL,0.3100,2.19,34.27,13.9,19.3,0,0,0.287682,0,0
17,SATURDAY,RESIDENCIAL,0.3100,2.64,32.20,0.0,15.2,1,1,0.238449,0,0
18,WEDNESDAY,COMERCIAL,0.3100,8.01,109.06,0.0,22.5,1,0,0.726411,0,1
20,SUNDAY,RESIDENCIAL,0.1200,5.19,87.84,7.6,24.0,0,1,0.165634,0,0
8,SATURDAY,RESIDENCIAL,0.2500,8.60,100.51,5.4,22.8,0,0,0.200374,0,0
6,FRIDAY,CONDOMINIO,0.2800,8.07,83.05,19.5,24.1,1,1,0.601915,0,0
15,THURSDAY,COMERCIAL,0.2200,2.27,38.30,0.0,17.0,0,1,0.102472,0,0
7,WEDNESDAY,CONDOMINIO,0.2800,4.37,74.96,0.0,27.7,0,1,0.165631,0,0
7,WEDNESDAY,RESIDENCIAL,0.1100,1.69,25.63,9.4,30.4,2,1,0.417212,0,0
10,SUNDAY,RESIDENCIAL,0.0600,1.14,47.03,0.0,25.7,0,1,0.036285,0,0
14,THURSDAY,RESIDENCIAL,0.0600,1.98,26.40,0.0,23.4,0,0,0.076782,0,0
14,SATURDAY,RESIDENCIAL,0.2200,1.01,38.55,0.0,13.0,0,1,0.064131,0,0
19,FRIDAY,RURAL,0.3100,3.17,60.99,0.0,16.9,0,1,0.332081,0,0
16,WEDNESDAY,RURAL,0.2500,3.35,66.16,0.0,13.1,0,1,0.169439,0,0
11,WEDNESDAY,RESIDENCIAL,0.1200,1.43,43.95,0.0,20.2,0,0,0.075547,0,0
19,MONDAY,RESIDENCIAL,0.1100,0.67,30.59,5.1,22.2,0,1,0.114316,0,0
13,SUNDAY,RESIDENCIAL,0.0600,1.42,20.97,0.0,17.5,0,0,0.060619,0,0
17,FRIDAY,CONDOMINIO,0.1200,0.69,43.99,7.0,19.9,0,1,0.112666,0,0
7,WEDNESDAY,COMERCIAL,0.2800,3.01,30.64,0.0,29.7,0,1,0.125847,0,0
7,MONDAY,RESIDENCIAL,0.2200,28.38,250.00,6.3,28.1,0,0,0.458843,0,0
9,THURSDAY,RESIDENCIAL,0.0500,1.86,28.36,0.0,22.3,0,1,0.034090,0,0
6,TUESDAY,RESIDENCIAL,0.3100,11.59,126.93,0.0,31.4,0,1,0.184744,0,0
11,WEDNESDAY,CONDOMINIO,0.0900,3.28,46.45,0.0,18.8,0,0,0.104687,0,0
6,SATURDAY,COMERCIAL,0.2500,3.97,42.28,0.3,26.7,0,1,0.302773,0,0
5,THURSDAY,COMERCIAL,0.1500,0.84,30.66,0.0,28.8,0,1,0.126711,0,1
21,THURSDAY,CONDOMINIO,0.1900,1.09,50.93,0.0,19.8,1,1,0.410226,0,0
13,WEDNESDAY,RESIDENCIAL,0.1100,6.27,49.90,25.0,14.1,1,0,0.488340,0,1
7,MONDAY,COMERCIAL,0.0800,4.64,27.99,0.0,23.4,0,1,0.055512,0,0
16,TUESDAY,RESIDENCIAL,0.3100,2.72,60.90,7.1,15.1,0,0,0.235610,0,0
9,SUNDAY,RESIDENCIAL,0.1200,2.48,51.63,7.0,20.8,0,0,0.097926,0,0
15,MONDAY,RESIDENCIAL,0.0500,4.27,64.37,0.9,18.5,0,1,0.050918,0,0
11,MONDAY,RESIDENCIAL,0.1100,22.22,226.62,0.0,20.2,0,0,0.215173,0,0
7,FRIDAY,RURAL,0.3100,3.52,21.93,0.0,24.6,0,0,0.270462,0,0
18,WEDNESDAY,RESIDENCIAL,0.0500,1.45,55.10,3.5,17.7,0,0,0.144075,0,0
6,THURSDAY,COMERCIAL,0.2800,1.41,13.03,0.0,26.5,2,1,0.521829,0,0
13,FRIDAY,RESIDENCIAL,0.0600,10.19,133.05,0.0,17.8,1,1,0.195124,0,0
17,SUNDAY,RURAL,0.1500,5.13,61.29,2.6,18.9,0,0,0.217280,0,0
15,SUNDAY,RESIDENCIAL,0.0600,1.40,9.98,1.4,22.2,0,0,0.067353,0,0
13,TUESDAY,CONDOMINIO,0.1100,3.29,16.44,0.5,20.5,0,0,0.132447,0,0
8,SATURDAY,RESIDENCIAL,0.1900,2.15,42.66,0.0,30.3,0,1,0.065399,0,0
9,THURSDAY,CONDOMINIO,0.0500,6.52,57.59,0.0,26.5,2,1,0.406938,0,1
6,THURSDAY,COMERCIAL,0.0900,11.63,235.36,0.0,28.8,0,1,0.156856,0,0
10,TUESDAY,RESIDENCIAL,0.2800,1.25,18.96,0.0,21.6,0,1,0.076498,0,0
12,THURSDAY,CONDOMINIO,0.3100,7.60,125.49,0.0,12.9,1,1,0.460075,0,0
12,TUESDAY,COMERCIAL,0.1100,0.78,36.28,0.0,22.0,1,0,0.287946,0,0
16,MONDAY,RURAL,0.1500,2.04,15.68,0.0,23.7,0,1,0.117920,0,0
18,THURSDAY,RESIDENCIAL,0.0900,0.82,24.23,0.0,22.3,1,1,0.218133,0,0
12,WEDNESDAY,RESIDENCIAL,0.0600,1.06,34.45,0.0,19.8,0,0,0.072447,0,1
9,FRIDAY,CONDOMINIO,0.0600,14.76,246.53,1.3,21.1,0,1,0.164602,0,0
20,MONDAY,RESIDENCIAL,0.0900,4.15,60.96,0.0,19.4,0,0,0.160514,0,0
12,TUESDAY,COMERCIAL,0.2200,1.01,40.70,5.6,20.3,1,1,0.315625,0,0
21,SUNDAY,RESIDENCIAL,0.2200,6.32,119.45,6.3,26.5,0,1,0.255270,0,1
5,THURSDAY,COMERCIAL,0.1900,4.96,51.74,10.2,32.8,1,0,0.647019,0,1
8,SUNDAY,RESIDENCIAL,0.2500,2.53,40.94,0.0,26.7,0,0,0.125759,0,0
13,FRIDAY,RESIDENCIAL,0.0800,2.25,24.62,0.0,19.2,0,1,0.045596,0,0
15,FRIDAY,COMERCIAL,0.0900,1.95,36.06,0.0,16.1,0,1,0.061514,0,0
13,SUNDAY,COMERCIAL,0.0500,7.85,32.83,0.0,23.4,0,0,0.298504,0,0
17,SUNDAY,CONDOMINIO,0.2200,4.65,26.95,0.0,18.0,0,0,0.177125,1,1
9,WEDNESDAY,COMERCIAL,0.0600,6.28,61.48,2.0,26.0,0,0,0.114348,0,0
11,SUNDAY,COMERCIAL,0.1900,4.58,53.54,0.0,21.6,0,1,0.244283,0,0
12,SUNDAY,RESIDENCIAL,0.0500,2.90,55.82,0.0,20.0,0,1,0.042934,0,0
15,MONDAY,RESIDENCIAL,0.1100,1.73,20.98,0.0,16.3,0,1,0.047118,0,0
21,WEDNESDAY,RESIDENCIAL,0.1500,1.57,33.23,0.0,26.6,0,1,0.119641,0,0
17,THURSDAY,RESIDENCIAL,0.0600,12.23,170.90,0.0,21.6,0,1,0.096333,0,0
16,FRIDAY,RESIDENCIAL,0.1500,1.67,32.14,0.0,18.3,0,1,0.059318,0,0
6,MONDAY,COMERCIAL,0.0900,10.73,106.20,0.0,26.0,0,1,0.093050,0,0
8,WEDNESDAY,RESIDENCIAL,0.2500,5.47,51.22,0.0,26.3,2,0,0.614823,0,1
12,MONDAY,RESIDENCIAL,0.0600,1.42,32.65,0.0,23.3,0,0,0.077422,0,0
15,TUESDAY,CONDOMINIO,0.2800,4.79,92.93,0.0,19.5,1,1,0.413739,0,0
15,THURSDAY,RESIDENCIAL,0.0500,1.85,18.52,0.0,12.2,0,0,0.058103,0,0
8,SUNDAY,CONDOMINIO,0.3100,3.32,33.54,0.0,19.7,1,0,0.425841,0,0
15,TUESDAY,RESIDENCIAL,0.1200,3.09,24.15,3.5,13.1,0,1,0.055901,0,0
8,THURSDAY,RESIDENCIAL,0.2800,0.65,5.04,0.0,28.4,0,1,0.081242,0,1
23,FRIDAY,RESIDENCIAL,0.3100,1.14,29.66,0.0,23.0,0,1,0.154092,0,0
8,WEDNESDAY,CONDOMINIO,0.1200,1.71,33.23,7.1,22.9,0,1,0.093908,0,0
20,THURSDAY,RESIDENCIAL,0.0900,4.77,34.95,0.0,23.8,0,0,0.160441,0,0
9,THURSDAY,COMERCIAL,0.1100,2.16,45.37,0.0,21.3,0,1,0.060170,0,0
10,FRIDAY,RESIDENCIAL,0.0800,2.24,44.48,0.0,26.4,0,1,0.044443,0,0
16,MONDAY,CONDOMINIO,0.0800,3.21,19.62,0.0,19.2,0,1,0.069962,0,0
16,WEDNESDAY,RESIDENCIAL,0.1500,1.51,37.28,0.0,18.6,0,1,0.060590,0,0
15,THURSDAY,CONDOMINIO,0.1500,3.55,61.93,0.0,14.2,0,1,0.097130,0,0
21,FRIDAY,RESIDENCIAL,0.1200,4.98,74.97,2.3,23.4,1,1,0.326486,0,0
14,THURSDAY,RURAL,0.2800,3.35,41.68,3.7,17.3,3,0,0.926421,0,1
11,SUNDAY,RESIDENCIAL,0.1900,1.46,38.69,0.0,22.6,1,1,0.148459,0,0
13,THURSDAY,RESIDENCIAL,0.0900,5.47,22.53,0.0,17.6,1,0,0.212298,0,1
20,FRIDAY,CONDOMINIO,0.1500,1.12,21.49,3.9,21.1,0,0,0.271201,0,0
10,SATURDAY,RESIDENCIAL,0.2200,0.73,21.73,0.0,17.2,0,1,0.051133,0,0
11,TUESDAY,RESIDENCIAL,0.0500,2.41,69.44,0.0,25.3,0,1,0.042861,0,0
10,FRIDAY,RESIDENCIAL,0.0800,5.08,58.44,0.0,20.4,2,1,0.297080,0,1
16,TUESDAY,RESIDENCIAL,0.2800,2.31,28.73,0.0,17.6,1,1,0.239517,0,0
15,SATURDAY,COMERCIAL,0.0600,1.01,36.45,1.3,16.1,0,0,0.257606,0,0
12,THURSDAY,RESIDENCIAL,0.2200,1.65,34.82,0.0,22.9,0,0,0.138063,0,0
16,TUESDAY,RESIDENCIAL,0.0800,2.81,36.74,0.1,16.0,0,1,0.045726,0,0
15,SATURDAY,RURAL,0.2200,25.86,122.20,2.3,14.9,0,1,0.292515,0,0
19,MONDAY,CONDOMINIO,0.1200,4.54,65.83,8.1,16.9,1,0,0.588876,0,1
13,SUNDAY,CONDOMINIO,0.1100,6.24,95.78,3.3,19.7,0,0,0.185672,0,1
11,SATURDAY,RESIDENCIAL,0.1500,0.81,53.09,5.8,19.8,3,1,0.631722,0,0
14,FRIDAY,RESIDENCIAL,0.2200,11.19,46.15,0.0,12.0,0,1,0.089835,0,0
21,SUNDAY,RESIDENCIAL,0.1100,1.82,28.83,19.2,25.4,0,0,0.293762,0,0
9,SUNDAY,RESIDENCIAL,0.3100,10.21,91.38,0.0,25.6,1,1,0.314917,0,1
14,WEDNESDAY,CONDOMINIO,0.1100,1.50,9.14,1.5,21.4,0,0,0.131194,0,0
17,FRIDAY,COMERCIAL,0.1200,6.04,67.87,0.0,14.4,0,1,0.082450,0,0
11,THURSDAY,RESIDENCIAL,0.0500,3.16,32.28,0.0,21.5,0,1,0.035166,0,0
4,SATURDAY,COMERCIAL,0.0800,10.89,79.52,6.4,27.6,0,1,0.425638,0,1
6,THURSDAY,RESIDENCIAL,0.1200,6.55,134.04,2.4,27.1,0,1,0.089473,0,0
11,SATURDAY,RESIDENCIAL,0.1900,1.90,10.92,13.2,20.3,0,1,0.083263,0,0
2,MONDAY,CONDOMINIO,0.1100,9.68,55.66,0.0,33.5,0,1,0.178674,0,0
12,THURSDAY,RESIDENCIAL,0.0800,12.84,134.07,0.0,21.9,0,1,0.092396,0,0
12,SATURDAY,RESIDENCIAL,0.0600,9.63,106.86,0.0,18.0,0,1,0.061122,0,0
12,FRIDAY,RESIDENCIAL,0.0600,3.60,46.92,0.6,15.9,0,1,0.045768,0,0
21,WEDNESDAY,COMERCIAL,0.2500,1.33,50.79,0.0,25.3,0,1,0.221389,0,0
7,TUESDAY,COMERCIAL,0.0500,7.60,47.68,5.6,25.9,0,1,0.075909,0,1
11,TUESDAY,RESIDENCIAL,0.3100,6.40,39.48,0.0,22.1,0,0,0.167970,0,1
6,SATURDAY,RESIDENCIAL,0.2800,0.59,27.71,13.5,28.5,0,1,0.138607,0,0
7,TUESDAY,RESIDENCIAL,0.0900,2.69,70.66,0.0,26.6,0,0,0.086423,0,0
12,THURSDAY,RESIDENCIAL,0.1200,2.62,68.47,0.0,19.0,0,1,0.062937,0,0
9,MONDAY,CONDOMINIO,0.0800,2.65,12.31,2.8,25.0,0,1,0.066701,0,0
10,THURSDAY,CONDOMINIO,0.2200,1.21,16.34,0.0,18.6,0,1,0.086876,0,0
16,SUNDAY,COMERCIAL,0.3100,1.66,26.14,0.0,15.3,0,0,0.460597,0,0
8,THURSDAY,CONDOMINIO,0.3100,2.70,18.91,0.0,25.9,0,1,0.141990,0,0
21,TUESDAY,RURAL,0.2500,2.34,49.23,0.0,19.7,0,1,0.278768,0,0
10,THURSDAY,CONDOMINIO,0.0800,1.21,37.65,0.0,21.3,0,0,0.097691,0,1
18,SUNDAY,RESIDENCIAL,0.1500,2.77,50.23,0.0,21.1,0,0,0.173958,0,0
13,FRIDAY,RESIDENCIAL,0.1900,6.79,87.15,0.0,21.0,1,0,0.365482,0,0
8,SATURDAY,COMERCIAL,0.1100,3.91,68.80,15.2,25.7,0,0,0.477752,0,1
8,FRIDAY,CONDOMINIO,0.0600,1.64,43.46,0.0,23.8,0,0,0.098043,0,0
12,SUNDAY,RESIDENCIAL,0.0500,4.34,43.75,0.0,18.3,2,1,0.278784,0,0
13,MONDAY,RESIDENCIAL,0.0800,5.83,40.97,0.0,21.0,0,1,0.054662,0,0
8,SUNDAY,COMERCIAL,0.2500,8.03,160.23,0.0,28.1,0,0,0.575339,0,1
14,SUNDAY,RESIDENCIAL,0.2800,3.25,52.23,3.7,16.0,0,1,0.108774,0,0
18,SUNDAY,RESIDENCIAL,0.0600,4.95,46.79,0.0,20.5,0,1,0.080240,0,0
20,WEDNESDAY,COMERCIAL,0.2200,1.88,25.50,3.5,21.4,1,0,0.565742,0,0
6,THURSDAY,COMERCIAL,0.0600,1.49,17.75,0.0,26.7,1,0,0.211193,0,0
2,WEDNESDAY,CONDOMINIO,0.2800,2.49,52.19,0.0,28.7,1,0,0.625980,0,1
5,FRIDAY,CONDOMINIO,0.1500,3.75,32.68,25.0,30.0,1,1,0.634013,0,1
16,THURSDAY,RESIDENCIAL,0.0600,1.84,85.17,0.0,19.8,0,0,0.088885,0,0
9,WEDNESDAY,RESIDENCIAL,0.0900,2.62,31.11,2.7,25.0,1,0,0.209398,0,0
16,WEDNESDAY,RESIDENCIAL,0.1100,5.85,68.15,0.0,24.7,0,1,0.072618,0,0
13,SATURDAY,COMERCIAL,0.1200,1.37,18.56,9.0,19.4,3,0,0.944354,0,1
14,FRIDAY,RESIDENCIAL,0.0900,12.70,142.10,6.2,17.3,0,0,0.185563,0,0
18,MONDAY,COMERCIAL,0.1900,0.90,21.37,2.9,20.0,1,0,0.512118,0,0
12,TUESDAY,RESIDENCIAL,0.2500,7.03,74.45,0.0,20.5,0,1,0.117487,0,0
6,FRIDAY,COMERCIAL,0.1200,2.62,35.07,0.0,27.2,2,1,0.396464,0,0
17,TUESDAY,CONDOMINIO,0.0800,2.75,52.88,0.0,16.0,1,1,0.193141,0,1
18,THURSDAY,RESIDENCIAL,0.2200,7.15,82.69,0.0,20.1,1,1,0.399274,0,1
18,SATURDAY,RESIDENCIAL,0.1100,4.47,49.72,3.8,23.4,0,1,0.118118,0,0
8,THURSDAY,RESIDENCIAL,0.1900,2.06,37.73,25.0,23.5,0,1,0.169021,0,0
8,FRIDAY,RESIDENCIAL,0.0500,0.77,9.13,0.0,21.5,0,1,0.030347,0,0
20,MONDAY,COMERCIAL,0.0800,1.57,34.22,11.8,20.6,1,1,0.386779,0,0
7,SATURDAY,RESIDENCIAL,0.2800,2.81,49.30,0.0,26.6,0,1,0.088624,0,0
6,THURSDAY,COMERCIAL,0.0600,3.59,76.12,25.0,25.9,0,1,0.171822,0,1
16,WEDNESDAY,RESIDENCIAL,0.1500,6.60,49.47,0.0,18.5,1,0,0.285545,0,0
16,SUNDAY,RESIDENCIAL,0.1200,3.09,64.68,0.2,13.2,1,1,0.140514,0,0
8,SUNDAY,CONDOMINIO,0.1900,4.05,22.73,0.0,29.2,0,1,0.094163,0,0
13,WEDNESDAY,CONDOMINIO,0.1200,1.26,26.37,4.8,22.9,0,1,0.103491,0,0
14,TUESDAY,COMERCIAL,0.2500,2.81,51.66,16.5,23.1,0,0,0.361558,0,1
17,SATURDAY,COMERCIAL,0.0800,3.90,42.77,10.9,17.4,0,1,0.274299,0,0
18,WEDNESDAY,RESIDENCIAL,0.3100,1.20,11.75,0.0,20.3,1,1,0.382961,0,1
10,SUNDAY,RESIDENCIAL,0.2800,3.96,75.65,0.0,27.5,0,1,0.101707,0,0
15,MONDAY,RESIDENCIAL,0.1200,2.36,14.63,0.0,18.8,0,1,0.050860,0,1
13,WEDNESDAY,RESIDENCIAL,0.1100,1.39,50.97,0.0,18.0,0,1,0.054097,0,0
11,MONDAY,CONDOMINIO,0.2500,4.76,61.57,0.0,18.0,0,0,0.193923,0,1
5,SATURDAY,RESIDENCIAL,0.1900,1.51,16.87,0.5,27.9,1,1,0.248941,0,0
12,FRIDAY,CONDOMINIO,0.1900,4.00,77.75,0.0,20.1,0,0,0.209656,0,1
14,THURSDAY,CONDOMINIO,0.3100,0.52,18.08,0.0,21.6,0,1,0.155424,0,0
12,THURSDAY,RESIDENCIAL,0.2200,1.01,38.79,0.0,22.4,0,1,0.083816,0,0
20,THURSDAY,RESIDENCIAL,0.0900,4.55,67.90,2.9,21.2,0,0,0.189978,0,0
18,TUESDAY,RESIDENCIAL,0.1100,1.69,27.20,0.0,20.5,0,1,0.091210,0,0
21,FRIDAY,RESIDENCIAL,0.1500,6.81,71.46,3.0,23.7,0,1,0.163159,0,0
14,FRIDAY,CONDOMINIO,0.0500,2.50,45.46,14.5,20.3,0,1,0.124863,0,0
11,SATURDAY,RESIDENCIAL,0.0800,1.49,45.83,13.4,22.9,1,1,0.175313,0,0
17,MONDAY,RESIDENCIAL,0.0500,1.73,24.83,3.2,19.5,0,1,0.046379,0,1
12,SUNDAY,RESIDENCIAL,0.0900,2.65,57.98,0.0,18.8,0,1,0.048994,0,0
14,THURSDAY,RESIDENCIAL,0.2500,0.81,37.02,0.0,18.9,0,1,0.086775,0,0
20,WEDNESDAY,RURAL,0.1500,5.82,78.29,16.3,21.2,0,1,0.405201,0,0
14,WEDNESDAY,CONDOMINIO,0.2500,2.38,58.73,0.0,14.9,1,0,0.448291,0,1
16,THURSDAY,CONDOMINIO,0.0900,2.52,39.38,0.0,21.2,0,0,0.130621,0,0
15,THURSDAY,RURAL,0.1900,9.10,82.42,0.0,18.7,0,1,0.181114,0,0
12,SATURDAY,RESIDENCIAL,0.1100,3.74,28.28,0.2,21.9,1,0,0.221598,0,0
17,MONDAY,RESIDENCIAL,0.0800,2.29,27.41,0.0,19.0,0,1,0.045952,0,0
13,TUESDAY,COMERCIAL,0.1900,1.34,34.41,0.0,23.2,1,0,0.364738,0,0
17,FRIDAY,RURAL,0.3100,0.86,6.86,0.0,14.3,0,0,0.254442,0,0
20,TUESDAY,COMERCIAL,0.1900,5.39,93.34,25.0,26.8,0,0,0.617538,0,1
6,MONDAY,RESIDENCIAL,0.1200,1.76,39.95,0.0,32.7,0,1,0.056668,0,0
21,SUNDAY,COMERCIAL,0.2800,1.52,14.94,0.0,23.3,2,1,0.889315,0,1
6,SATURDAY,CONDOMINIO,0.1100,2.57,25.76,0.0,24.5,0,1,0.062814,0,0
6,TUESDAY,RESIDENCIAL,0.1100,2.49,21.11,0.0,30.0,3,1,0.583386,0,1
17,TUESDAY,COMERCIAL,0.0900,5.72,60.61,0.0,17.8,1,0,0.299735,0,1
15,SATURDAY,RESIDENCIAL,0.0600,3.38,71.61,0.0,15.6,0,0,0.073983,0,0
7,WEDNESDAY,CONDOMINIO,0.0800,3.40,40.38,0.0,29.4,0,1,0.072731,0,1
20,SUNDAY,RESIDENCIAL,0.1900,3.26,47.32,0.0,25.0,1,1,0.316648,0,1
23,FRIDAY,COMERCIAL,0.0800,3.31,61.51,3.1,23.9,0,0,0.192521,0,0
6,SUNDAY,RESIDENCIAL,0.0500,3.17,17.56,8.1,31.0,0,1,0.051368,0,0
10,MONDAY,RESIDENCIAL,0.0900,5.30,88.68,0.0,22.8,2,1,0.343716,0,1
11,TUESDAY,RESIDENCIAL,0.1200,2.39,47.48,0.0,21.9,0,0,0.080740,0,0
19,WEDNESDAY,RESIDENCIAL,0.0600,7.44,123.34,0.0,24.9,0,1,0.132086,0,0
8,SATURDAY,RESIDENCIAL,0.1900,2.03,11.66,0.0,27.4,3,1,0.611920,0,0
18,FRIDAY,CONDOMINIO,0.2200,1.88,16.54,0.0,18.2,1,0,0.539209,0,1
10,TUESDAY,RESIDENCIAL,0.2500,2.33,52.01,6.2,19.0,0,0,0.157797,0,0
15,TUESDAY,RESIDENCIAL,0.3100,1.58,13.16,19.7,16.2,0,1,0.204670,0,0
17,THURSDAY,RESIDENCIAL,0.2200,0.48,3.36,0.0,14.3,0,1,0.062470,0,0
12,SATURDAY,COMERCIAL,0.2200,2.72,51.69,0.0,17.1,0,1,0.288385,0,0
12,MONDAY,RESIDENCIAL,0.1500,9.55,139.27,7.8,20.3,0,1,0.148404,0,0
10,THURSDAY,RESIDENCIAL,0.1100,8.84,59.41,2.0,22.1,0,0,0.102536,0,0
12,SATURDAY,RESIDENCIAL,0.3100,0.58,21.47,0.0,17.0,2,1,0.470131,0,1
23,TUESDAY,CONDOMINIO,0.0800,1.71,56.08,0.0,26.8,0,1,0.121646,0,0
13,THURSDAY,CONDOMINIO,0.1500,3.58,51.94,11.6,19.9,0,1,0.163455,0,0
17,WEDNESDAY,RESIDENCIAL,0.1500,2.43,56.80,25.0,12.0,0,1,0.161508,0,0
11,TUESDAY,CONDOMINIO,0.1100,1.42,39.93,0.0,21.0,1,0,0.269969,0,0
9,THURSDAY,RESIDENCIAL,0.0800,0.92,30.71,0.0,19.5,0,1,0.035772,0,0
17,WEDNESDAY,RESIDENCIAL,0.1900,4.99,88.64,0.0,20.8,1,0,0.355559,0,1
19,FRIDAY,RESIDENCIAL,0.3100,7.78,66.08,0.0,17.8,1,1,0.463769,0,0
21,SUNDAY,CONDOMINIO,0.1500,0.61,28.56,0.0,24.7,1,1,0.348302,0,0
10,MONDAY,COMERCIAL,0.1900,2.90,48.89,0.0,23.3,0,1,0.086595,0,0
11,MONDAY,RESIDENCIAL,0.0600,2.85,22.57,9.2,19.0,0,0,0.082832,0,0
19,SUNDAY,RESIDENCIAL,0.0600,2.32,61.60,0.0,21.1,2,1,0.441864,0,1
9,WEDNESDAY,COMERCIAL,0.0600,0.79,26.47,0.0,21.2,1,0,0.196176,0,0
18,SUNDAY,RESIDENCIAL,0.0900,0.98,12.45,0.0,17.6,0,0,0.112675,0,0
7,THURSDAY,RESIDENCIAL,0.3100,2.77,59.90,5.0,29.9,1,0,0.468006,0,0
16,SUNDAY,RESIDENCIAL,0.3100,17.63,135.09,0.0,20.9,0,1,0.204096,0,0
16,TUESDAY,COMERCIAL,0.1900,3.54,134.50,0.0,18.4,0,0,0.214923,0,0
11,TUESDAY,CONDOMINIO,0.2200,9.28,141.01,4.2,23.6,1,0,0.571271,0,1
8,TUESDAY,CONDOMINIO,0.0800,3.23,9.37,2.1,28.7,0,1,0.069573,0,0
3,FRIDAY,RESIDENCIAL,0.1100,4.46,33.23,4.6,30.4,1,1,0.278768,0,1
13,TUESDAY,COMERCIAL,0.0600,5.39,23.52,1.6,18.8,0,1,0.063974,0,0
10,WEDNESDAY,RESIDENCIAL,0.0600,1.30,45.40,2.8,18.6,0,1,0.039245,0,0
11,TUESDAY,CONDOMINIO,0.2500,2.20,33.64,0.0,23.7,0,1,0.115430,0,0
9,SATURDAY,RESIDENCIAL,0.1900,0.81,29.66,2.4,21.9,1,0,0.239557,0,1
10,MONDAY,CONDOMINIO,0.2800,2.90,42.51,0.0,20.8,1,0,0.432549,0,0
16,TUESDAY,RESIDENCIAL,0.1100,8.26,80.93,4.5,22.3,0,0,0.150424,0,0
14,MONDAY,RESIDENCIAL,0.0600,1.89,64.83,0.0,15.7,1,1,0.125710,0,0
11,MONDAY,RESIDENCIAL,0.1100,2.70,31.31,0.0,23.4,0,1,0.045249,0,0
7,FRIDAY,RESIDENCIAL,0.1200,2.49,20.00,0.0,22.9,1,1,0.122416,0,0
16,FRIDAY,RESIDENCIAL,0.0500,1.83,34.33,0.0,18.3,1,0,0.182287,0,0
15,SATURDAY,COMERCIAL,0.0500,3.66,33.48,2.3,22.0,0,1,0.192930,0,0
18,FRIDAY,CONDOMINIO,0.1500,13.66,141.51,0.0,24.7,2,1,0.794381,0,1
17,SATURDAY,RESIDENCIAL,0.1200,2.06,20.82,0.0,21.6,0,0,0.082927,1,1
8,SATURDAY,COMERCIAL,0.1100,5.10,99.64,0.0,30.0,0,1,0.252761,0,0
18,TUESDAY,RESIDENCIAL,0.2800,6.80,75.61,0.0,20.7,0,0,0.322226,0,1
7,TUESDAY,RESIDENCIAL,0.2500,4.49,18.42,0.0,31.4,1,0,0.334908,0,0
17,THURSDAY,RESIDENCIAL,0.2200,7.48,38.59,0.0,19.3,0,0,0.148978,0,0
10,SATURDAY,RESIDENCIAL,0.2800,7.09,41.99,0.0,27.9,0,0,0.157521,0,1
6,FRIDAY,COMERCIAL,0.0900,1.02,14.27,0.0,30.3,0,1,0.057247,0,0
19,THURSDAY,CONDOMINIO,0.2800,4.12,68.47,0.3,23.9,0,0,0.422719,0,1
6,THURSDAY,RESIDENCIAL,0.2200,0.87,8.47,11.3,23.8,2,0,0.627178,0,1
10,THURSDAY,COMERCIAL,0.2200,5.90,44.98,6.2,23.5,1,0,0.439404,0,1
10,FRIDAY,COMERCIAL,0.2800,4.45,23.85,0.0,26.3,0,0,0.190410,0,0
14,TUESDAY,COMERCIAL,0.1900,2.11,20.09,0.0,18.3,0,1,0.087793,0,0
10,SUNDAY,COMERCIAL,0.0800,1.13,15.33,3.3,20.5,2,1,0.626696,0,1
14,TUESDAY,RESIDENCIAL,0.2200,0.99,12.46,2.3,17.8,0,1,0.076852,0,0
13,MONDAY,COMERCIAL,0.0900,5.71,16.11,0.0,23.1,0,0,0.117035,0,0
9,TUESDAY,COMERCIAL,0.0500,5.90,109.23,23.7,26.4,0,0,0.284738,0,0
7,SATURDAY,RESIDENCIAL,0.3100,1.85,30.21,0.0,25.4,1,1,0.225323,0,0
8,SUNDAY,CONDOMINIO,0.2200,2.60,35.25,0.0,25.2,0,0,0.159762,0,1
8,FRIDAY,COMERCIAL,0.1200,2.84,55.85,0.0,23.0,0,1,0.068141,0,0
16,SATURDAY,RESIDENCIAL,0.0600,0.69,29.59,0.0,18.3,0,1,0.037027,0,0
7,SUNDAY,RURAL,0.2200,1.21,13.16,0.0,25.1,0,1,0.110552,0,0
11,TUESDAY,COMERCIAL,0.2800,5.50,67.26,0.0,17.8,1,0,0.421295,0,1
17,SATURDAY,CONDOMINIO,0.1900,0.50,13.11,0.5,17.8,0,1,0.087340,0,0
13,MONDAY,COMERCIAL,0.1500,0.43,7.67,0.0,18.5,0,1,0.069878,0,0
19,TUESDAY,CONDOMINIO,0.0600,2.16,56.21,9.7,20.6,0,1,0.185026,0,1
8,FRIDAY,RESIDENCIAL,0.0500,19.14,92.68,3.7,24.0,0,1,0.079126,0,0
6,TUESDAY,RESIDENCIAL,0.1200,6.93,71.17,0.0,29.8,0,0,0.112439,0,0
12,TUESDAY,RESIDENCIAL,0.1200,0.92,33.06,0.0,17.3,0,1,0.051234,0,0
10,FRIDAY,RESIDENCIAL,0.1500,2.05,23.55,0.0,21.7,0,1,0.048774,0,0
6,MONDAY,CONDOMINIO,0.0600,26.47,154.02,1.6,25.7,0,0,0.259961,0,0
8,WEDNESDAY,CONDOMINIO,0.1900,2.23,74.43,3.6,28.7,0,0,0.214076,0,0
17,THURSDAY,CONDOMINIO,0.0900,1.34,27.03,0.0,15.1,1,0,0.269654,0,0
6,SATURDAY,COMERCIAL,0.0600,3.78,23.62,5.5,25.3,3,1,0.862057,0,0
11,SUNDAY,COMERCIAL,0.1200,6.49,124.96,1.3,23.3,0,1,0.272216,1,1
6,THURSDAY,RESIDENCIAL,0.2800,1.24,18.99,0.0,30.1,0,0,0.145413,0,0
20,TUESDAY,COMERCIAL,0.0600,2.51,74.70,0.0,25.0,0,1,0.130284,0,0
18,THURSDAY,RESIDENCIAL,0.1500,2.09,55.72,6.3,22.2,0,1,0.154809,0,0
10,TUESDAY,RESIDENCIAL,0.0600,0.64,8.85,0.0,16.8,0,0,0.048679,0,1
17,MONDAY,COMERCIAL,0.0800,1.90,35.47,0.0,19.7,0,0,0.104647,0,1
14,FRIDAY,RESIDENCIAL,0.0800,5.23,110.92,0.0,22.2,2,1,0.410580,0,1
8,FRIDAY,RESIDENCIAL,0.2800,2.23,45.42,1.6,25.3,0,1,0.098450,0,0
7,SATURDAY,CONDOMINIO,0.0600,3.29,68.88,0.0,24.9,0,1,0.062724,0,0
12,TUESDAY,RESIDENCIAL,0.0800,10.13,56.71,4.7,19.2,0,0,0.124073,0,0
11,THURSDAY,CONDOMINIO,0.2500,0.78,14.43,0.0,18.4,1,1,0.239617,0,0
20,SUNDAY,CONDOMINIO,0.2800,0.88,45.14,6.8,18.2,0,0,0.399526,0,0
23,MONDAY,CONDOMINIO,0.0600,1.23,21.50,8.3,21.3,2,1,0.563714,0,0
14,THURSDAY,RESIDENCIAL,0.0600,4.43,68.67,0.0,17.9,0,1,0.051341,0,0
11,SATURDAY,COMERCIAL,0.2500,3.40,64.75,0.0,23.6,0,1,0.302800,0,0
7,TUESDAY,COMERCIAL,0.0900,1.50,11.48,5.7,27.7,0,1,0.069391,0,0
6,WEDNESDAY,CONDOMINIO,0.0600,11.14,118.68,0.0,27.5,0,1,0.103699,0,0
9,THURSDAY,CONDOMINIO,0.2200,0.96,6.86,9.9,25.1,0,1,0.139307,0,0
15,THURSDAY,RESIDENCIAL,0.1200,0.44,16.69,0.0,14.4,3,0,0.689067,0,1
15,FRIDAY,RESIDENCIAL,0.0500,4.41,35.05,0.0,20.9,0,1,0.046021,0,0
19,MONDAY,RESIDENCIAL,0.2800,4.20,40.04,25.0,21.4,0,1,0.410514,0,0
8,THURSDAY,RESIDENCIAL,0.1200,2.38,24.31,0.0,24.7,0,0,0.078041,0,1
15,SATURDAY,RESIDENCIAL,0.1900,2.12,14.75,0.0,19.0,0,1,0.060200,0,0
16,FRIDAY,RESIDENCIAL,0.3100,5.12,46.30,0.0,18.7,1,0,0.419994,0,0
10,SUNDAY,RESIDENCIAL,0.0500,1.30,49.33,3.7,28.0,0,1,0.043369,0,0
16,SATURDAY,RURAL,0.2500,4.75,24.04,0.0,15.8,0,1,0.145656,0,0
7,WEDNESDAY,RESIDENCIAL,0.2800,1.11,22.66,0.0,22.2,3,0,0.799375,0,1
19,TUESDAY,COMERCIAL,0.2500,5.12,125.33,0.0,16.7,0,0,0.380676,0,0
15,SUNDAY,RURAL,0.2200,1.83,22.53,0.0,17.9,1,0,0.431403,0,0
17,TUESDAY,RESIDENCIAL,0.0900,5.05,64.36,0.0,22.0,0,1,0.062018,0,1
19,FRIDAY,RESIDENCIAL,0.0800,16.56,207.63,0.0,18.6,1,0,0.571144,0,1
18,WEDNESDAY,RESIDENCIAL,0.3100,1.21,30.15,0.0,19.4,0,1,0.179292,0,0
17,WEDNESDAY,RESIDENCIAL,0.0800,2.26,38.66,0.0,21.0,0,0,0.083260,0,0
10,THURSDAY,RESIDENCIAL,0.0500,1.35,49.92,0.0,24.1,2,1,0.262199,0,0
7,FRIDAY,CONDOMINIO,0.1900,1.16,32.51,0.0,25.1,0,1,0.092881,0,0
10,TUESDAY,RESIDENCIAL,0.3100,2.66,42.42,0.0,21.6,0,0,0.155537,0,0
11,WEDNESDAY,CONDOMINIO,0.1900,1.76,38.11,0.0,17.0,2,0,0.585754,0,0
20,FRIDAY,COMERCIAL,0.2200,5.89,64.26,8.7,26.7,1,1,0.576834,0,1
21,TUESDAY,RESIDENCIAL,0.0900,2.47,25.56,0.0,24.6,1,1,0.234332,0,0
14,FRIDAY,CONDOMINIO,0.0600,3.47,45.05,0.0,19.6,0,1,0.072356,0,0
20,THURSDAY,RESIDENCIAL,0.1900,3.50,33.87,0.0,17.7,0,1,0.123141,0,0
10,MONDAY,RESIDENCIAL,0.1200,2.17,61.58,0.0,27.0,0,0,0.092841,0,0
20,TUESDAY,RURAL,0.3100,6.23,44.05,0.0,20.1,3,0,0.961726,0,1
7,SATURDAY,COMERCIAL,0.1100,2.22,38.99,0.0,21.6,0,0,0.265702,0,0
21,SATURDAY,RESIDENCIAL,0.0800,1.85,19.57,6.6,21.1,0,0,0.156241,0,1
1,WEDNESDAY,RESIDENCIAL,0.1200,3.42,68.48,0.0,36.0,0,1,0.120196,0,0
17,SATURDAY,COMERCIAL,0.2200,1.99,36.51,2.6,24.9,0,0,0.460281,0,1
21,SATURDAY,RESIDENCIAL,0.1500,2.14,14.23,0.0,20.8,0,0,0.151411,0,1
11,MONDAY,RESIDENCIAL,0.1100,4.21,76.08,0.0,19.4,1,1,0.140345,0,0
14,SATURDAY,COMERCIAL,0.1500,1.30,33.40,0.0,13.5,0,1,0.203607,0,0
16,SATURDAY,COMERCIAL,0.2200,4.57,81.64,1.8,18.1,0,1,0.346108,0,0
8,TUESDAY,RESIDENCIAL,0.2200,1.04,24.15,0.0,26.1,1,0,0.273805,0,0
7,TUESDAY,RESIDENCIAL,0.2200,2.49,55.88,0.0,27.0,3,1,0.701776,0,0
7,WEDNESDAY,RESIDENCIAL,0.3100,2.81,47.75,0.0,27.2,1,0,0.388232,0,0
17,WEDNESDAY,COMERCIAL,0.2500,2.71,27.69,0.0,23.8,2,1,0.563286,0,0
15,MONDAY,RESIDENCIAL,0.1500,5.82,75.29,2.3,13.1,0,1,0.076715,0,0
12,SUNDAY,RESIDENCIAL,0.1200,7.51,101.89,2.7,19.2,0,0,0.133635,0,0
17,TUESDAY,COMERCIAL,0.1900,5.37,106.09,0.0,21.9,0,1,0.136651,0,0
13,MONDAY,RESIDENCIAL,0.1900,6.20,31.52,0.0,21.2,0,1,0.080548,0,0
6,MONDAY,CONDOMINIO,0.1900,0.71,21.09,0.0,29.3,1,1,0.240144,0,0
9,THURSDAY,RESIDENCIAL,0.2200,2.97,77.61,0.0,23.3,0,1,0.081712,0,0
11,FRIDAY,RESIDENCIAL,0.0900,5.33,68.58,0.0,18.3,0,0,0.078245,0,0
10,THURSDAY,COMERCIAL,0.1900,1.06,9.97,0.0,24.6,0,0,0.121146,0,0
7,MONDAY,CONDOMINIO,0.2200,1.28,16.35,0.0,25.2,0,0,0.158611,0,0
8,FRIDAY,RESIDENCIAL,0.2500,4.88,13.93,1.1,23.3,0,0,0.129343,0,0
20,SUNDAY,RESIDENCIAL,0.3100,1.63,16.09,3.3,22.1,0,1,0.187797,0,0
15,SATURDAY,CONDOMINIO,0.2500,6.08,111.64,0.0,22.2,0,0,0.277391,0,0
19,MONDAY,COMERCIAL,0.1100,9.08,178.02,0.7,20.9,0,1,0.236598,0,0
18,TUESDAY,RURAL,0.2800,0.90,27.25,3.4,21.7,1,0,0.708581,0,1
8,WEDNESDAY,RESIDENCIAL,0.2200,3.35,47.15,3.0,26.9,0,1,0.089102,0,0
16,FRIDAY,COMERCIAL,0.1500,1.10,30.88,0.0,21.6,1,1,0.211321,0,0
11,SATURDAY,RESIDENCIAL,0.2800,0.96,67.25,0.0,26.9,0,0,0.148173,0,0
13,MONDAY,RESIDENCIAL,0.0500,1.21,16.66,0.6,15.7,0,1,0.036894,0,1
8,THURSDAY,RESIDENCIAL,0.2800,2.49,23.06,3.3,29.3,0,0,0.169242,0,1
7,FRIDAY,RESIDENCIAL,0.3100,2.70,16.75,0.0,23.0,3,0,0.822664,0,1
14,SUNDAY,CONDOMINIO,0.2200,1.85,19.49,0.0,16.0,1,1,0.244939,0,1
20,TUESDAY,CONDOMINIO,0.2800,2.52,34.88,1.7,17.3,1,0,0.632979,0,1
16,FRIDAY,RESIDENCIAL,0.0600,1.53,47.33,0.0,19.8,0,0,0.076815,0,0
13,WEDNESDAY,RESIDENCIAL,0.0800,6.32,88.39,0.0,21.8,0,1,0.067080,0,0
21,TUESDAY,COMERCIAL,0.1500,7.86,73.45,0.0,25.4,0,0,0.299076,0,0
12,FRIDAY,RESIDENCIAL,0.3100,2.98,46.68,0.0,17.9,1,0,0.403530,0,1
13,THURSDAY,CONDOMINIO,0.0800,3.45,26.42,3.7,19.1,0,0,0.137102,0,1
13,MONDAY,COMERCIAL,0.0900,1.07,43.38,0.0,21.7,0,0,0.113475,0,0
7,SATURDAY,CONDOMINIO,0.3100,3.74,60.07,0.0,27.3,3,1,0.834765,0,0
12,THURSDAY,RESIDENCIAL,0.0800,2.88,17.31,0.0,17.0,0,1,0.043158,0,0
10,TUESDAY,RESIDENCIAL,0.1900,2.63,30.21,0.0,20.3,1,0,0.240962,0,0
16,TUESDAY,RESIDENCIAL,0.2200,7.27,130.51,0.0,19.8,0,0,0.202586,0,0
14,WEDNESDAY,RURAL,0.2800,0.67,20.81,6.2,13.6,0,1,0.193253,0,1
15,SATURDAY,RESIDENCIAL,0.2200,5.23,56.52,5.3,19.0,0,0,0.168728,0,0
19,THURSDAY,RESIDENCIAL,0.1500,19.82,188.13,2.5,18.7,0,1,0.275782,0,1
6,TUESDAY,CONDOMINIO,0.2800,10.03,161.11,0.0,30.1,0,0,0.369862,0,1
13,FRIDAY,RESIDENCIAL,0.0500,0.34,42.61,0.0,18.2,0,1,0.040814,0,0
19,WEDNESDAY,RESIDENCIAL,0.1200,3.64,49.18,0.0,23.6,0,1,0.113018,0,0
23,SUNDAY,CONDOMINIO,0.1500,4.60,27.80,0.0,34.0,0,0,0.241623,0,0
10,WEDNESDAY,RURAL,0.3100,2.06,46.35,8.9,22.3,0,0,0.359715,0,0
10,FRIDAY,RESIDENCIAL,0.2800,0.97,58.71,0.3,17.9,1,1,0.214264,0,0
15,FRIDAY,COMERCIAL,0.2800,4.60,41.35,0.0,17.0,1,0,0.447791,0,0
12,SUNDAY,RESIDENCIAL,0.0500,5.40,52.64,0.0,17.0,0,1,0.042516,0,0
9,WEDNESDAY,RESIDENCIAL,0.1900,1.06,8.37,0.0,26.2,0,1,0.057000,0,0
14,MONDAY,COMERCIAL,0.2500,2.71,19.09,0.9,15.5,1,1,0.267883,0,0
11,THURSDAY,RESIDENCIAL,0.0800,0.79,27.18,23.9,24.2,0,1,0.105078,0,1
17,SUNDAY,RESIDENCIAL,0.1500,0.75,32.33,0.0,18.2,0,1,0.052753,0,0
2,WEDNESDAY,RESIDENCIAL,0.0800,1.71,40.20,2.2,31.0,0,1,0.090508,0,0
10,MONDAY,RESIDENCIAL,0.0800,0.56,15.46,0.0,26.1,0,1,0.037973,0,0
11,MONDAY,COMERCIAL,0.1500,3.15,27.09,0.0,22.9,0,0,0.113559,0,0
16,THURSDAY,COMERCIAL,0.1900,1.04,16.77,0.0,21.1,0,1,0.089080,0,0
10,MONDAY,COMERCIAL,0.0600,1.44,25.43,0.0,23.5,0,0,0.079272,0,1
15,FRIDAY,RESIDENCIAL,0.0600,5.00,22.19,0.0,19.6,0,0,0.075561,0,0
11,TUESDAY,RESIDENCIAL,0.1100,2.77,19.59,0.0,17.6,0,0,0.065352,0,0
9,THURSDAY,COMERCIAL,0.2800,1.63,29.16,0.5,26.2,0,1,0.116489,0,0
6,SUNDAY,RESIDENCIAL,0.1200,2.01,33.92,18.0,27.7,3,1,0.746481,0,1
14,SATURDAY,CONDOMINIO,0.1200,3.11,23.84,0.0,16.6,0,1,0.071433,0,0
13,SUNDAY,RESIDENCIAL,0.0500,1.34,40.90,9.3,19.9,0,1,0.058064,0,1
17,THURSDAY,RESIDENCIAL,0.0800,3.97,33.53,0.0,17.6,0,1,0.047669,0,1
16,THURSDAY,RESIDENCIAL,0.1500,1.51,14.60,9.6,18.6,0,1,0.083184,0,1
17,FRIDAY,CONDOMINIO,0.1100,19.57,250.00,0.0,17.3,0,1,0.235997,0,1
21,SUNDAY,CONDOMINIO,0.1200,1.99,14.52,0.0,27.0,0,0,0.218886,0,0
6,FRIDAY,RESIDENCIAL,0.2800,3.92,36.89,0.0,29.4,1,0,0.366691,0,1
6,SUNDAY,COMERCIAL,0.2200,6.26,91.16,0.3,27.5,0,1,0.335066,0,1
13,SATURDAY,CONDOMINIO,0.2500,4.30,24.94,0.0,22.0,0,1,0.129799,0,0
8,FRIDAY,CONDOMINIO,0.1900,3.32,62.32,1.5,28.1,0,1,0.121509,0,0
11,THURSDAY,RESIDENCIAL,0.2200,11.39,113.25,0.0,18.9,1,1,0.258410,0,1
6,WEDNESDAY,RESIDENCIAL,0.2800,1.97,66.47,0.0,30.2,0,0,0.173522,0,1
11,THURSDAY,RESIDENCIAL,0.2800,1.83,6.89,0.0,20.8,0,1,0.073054,0,0
12,THURSDAY,RESIDENCIAL,0.2200,4.91,87.07,0.0,20.9,3,1,0.762970,0,1
9,FRIDAY,COMERCIAL,0.0500,0.42,16.34,0.5,25.3,0,0,0.076164,0,0
13,TUESDAY,RESIDENCIAL,0.2200,1.31,28.17,9.7,20.9,1,0,0.408524,0,0
8,SATURDAY,CONDOMINIO,0.1500,1.23,14.22,3.1,29.0,0,1,0.083718,0,1
18,SATURDAY,RESIDENCIAL,0.1100,1.85,12.00,0.0,21.5,0,1,0.080487,0,0
18,SUNDAY,RESIDENCIAL,0.0900,1.96,16.84,0.0,22.4,2,1,0.431523,0,1
16,TUESDAY,COMERCIAL,0.0600,5.51,79.93,3.9,19.2,0,1,0.087621,0,0
21,SUNDAY,RESIDENCIAL,0.2200,4.21,19.03,4.5,28.0,0,0,0.263835,0,1
19,SUNDAY,RESIDENCIAL,0.2500,1.03,19.43,2.3,22.9,1,1,0.346371,0,1
7,MONDAY,COMERCIAL,0.2500,4.21,31.71,0.0,31.1,1,1,0.289892,0,0
6,SATURDAY,COMERCIAL,0.0900,1.33,48.16,1.5,32.0,1,0,0.572826,0,1
17,FRIDAY,RESIDENCIAL,0.2800,1.68,28.15,0.0,19.5,1,0,0.357691,0,0
11,MONDAY,RESIDENCIAL,0.2200,9.47,52.62,0.0,23.1,2,1,0.459894,0,0
11,SUNDAY,RESIDENCIAL,0.2800,16.36,186.99,0.0,25.0,0,1,0.186481,0,0
19,THURSDAY,COMERCIAL,0.1200,0.87,17.34,0.0,18.5,0,1,0.113157,0,0
15,TUESDAY,RESIDENCIAL,0.1500,7.23,91.84,0.0,14.8,0,1,0.079009,0,0
16,MONDAY,RESIDENCIAL,0.2200,2.97,58.86,0.0,14.0,0,0,0.132353,0,0
16,WEDNESDAY,COMERCIAL,0.0500,1.85,36.49,3.1,18.4,0,0,0.104304,0,0
20,MONDAY,RESIDENCIAL,0.1500,1.54,14.44,8.5,19.1,0,1,0.137141,0,0
15,FRIDAY,RESIDENCIAL,0.1100,3.23,24.71,0.0,16.0,0,1,0.049247,0,0
6,MONDAY,RURAL,0.2500,2.82,57.37,0.0,30.8,1,1,0.393167,0,0
11,MONDAY,CONDOMINIO,0.0800,3.14,37.54,0.0,22.5,0,0,0.104206,0,0
7,MONDAY,RESIDENCIAL,0.1900,4.38,20.96,0.0,30.4,1,1,0.184123,0,1
7,SUNDAY,COMERCIAL,0.0800,17.54,250.00,5.9,26.7,0,1,0.477016,0,1
21,TUESDAY,RESIDENCIAL,0.1100,2.70,84.90,0.0,25.7,0,1,0.125769,0,0
15,SUNDAY,RESIDENCIAL,0.1500,4.64,68.54,10.4,15.1,0,1,0.096229,0,0
15,THURSDAY,COMERCIAL,0.2200,0.89,9.65,0.0,20.5,0,0,0.154576,0,0
16,WEDNESDAY,RESIDENCIAL,0.1100,1.55,9.17,0.0,19.1,0,1,0.047310,0,0
16,TUESDAY,RURAL,0.3100,3.75,41.04,0.0,18.9,1,1,0.444211,0,1
15,FRIDAY,COMERCIAL,0.1500,3.89,62.93,0.0,13.6,2,1,0.455362,0,1
13,WEDNESDAY,RESIDENCIAL,0.1900,0.71,19.71,0.0,15.0,0,0,0.100344,0,0
12,WEDNESDAY,RESIDENCIAL,0.1500,8.14,40.51,0.0,18.1,0,0,0.116865,0,0
18,THURSDAY,COMERCIAL,0.3100,1.87,46.14,11.0,19.9,0,0,0.478591,0,1
20,MONDAY,CONDOMINIO,0.3100,3.82,50.17,0.3,20.1,0,0,0.413790,0,0
6,FRIDAY,CONDOMINIO,0.1900,2.73,18.09,0.0,32.7,0,1,0.104763,1,1
10,SATURDAY,COMERCIAL,0.1100,6.71,72.92,0.0,24.0,2,1,0.716960,0,1
21,SUNDAY,COMERCIAL,0.2800,6.20,76.37,0.0,19.7,0,1,0.543510,0,1
18,THURSDAY,COMERCIAL,0.0600,1.32,41.37,4.7,20.7,1,1,0.302374,0,0
11,SATURDAY,CONDOMINIO,0.1200,7.67,87.64,0.0,22.2,0,1,0.088371,0,0
7,SUNDAY,RESIDENCIAL,0.0600,1.43,31.53,0.0,28.0,0,0,0.060761,0,0
7,THURSDAY,CONDOMINIO,0.0900,7.43,96.12,6.8,26.0,0,0,0.198807,0,0
21,THURSDAY,CONDOMINIO,0.0500,0.82,19.54,0.0,27.1,0,1,0.118226,0,0
16,TUESDAY,RESIDENCIAL,0.0900,0.39,14.30,0.0,18.4,0,1,0.042899,0,0
16,TUESDAY,RESIDENCIAL,0.2500,2.52,16.44,0.0,17.5,0,1,0.081567,0,0
14,WEDNESDAY,RESIDENCIAL,0.1200,4.45,48.47,0.0,19.8,0,0,0.102581,0,0
8,WEDNESDAY,RESIDENCIAL,0.2500,4.09,22.93,6.0,22.9,0,1,0.097261,0,0
10,THURSDAY,RESIDENCIAL,0.0600,3.50,21.21,0.0,23.9,0,1,0.036981,0,0
8,MONDAY,RURAL,0.2800,1.88,20.60,0.1,26.7,2,0,0.747986,0,0
14,THURSDAY,RESIDENCIAL,0.1500,2.03,11.58,5.5,20.8,1,0,0.291227,0,1
11,SUNDAY,RESIDENCIAL,0.3100,2.65,51.78,3.4,20.7,0,1,0.102511,0,0
10,TUESDAY,CONDOMINIO,0.1900,5.90,109.71,6.2,20.7,0,0,0.247748,0,1
20,WEDNESDAY,CONDOMINIO,0.3100,3.07,60.73,0.0,26.4,0,0,0.447116,0,0
6,FRIDAY,RESIDENCIAL,0.0800,1.72,33.72,3.3,28.2,3,1,0.589132,0,1
21,FRIDAY,CONDOMINIO,0.2200,0.87,19.19,0.5,22.5,0,1,0.197976,0,0
9,FRIDAY,RURAL,0.2800,2.36,35.06,0.0,19.8,0,1,0.149980,0,0
19,MONDAY,CONDOMINIO,0.0900,3.07,51.70,0.0,24.0,0,0,0.235691,0,0
7,WEDNESDAY,RESIDENCIAL,0.1200,1.85,27.40,0.0,28.9,0,1,0.050395,0,0
14,TUESDAY,RESIDENCIAL,0.2800,4.14,62.11,0.0,20.9,0,1,0.118151,0,0
7,MONDAY,RESIDENCIAL,0.0600,1.84,30.85,0.0,29.2,0,0,0.068715,0,0
6,FRIDAY,RESIDENCIAL,0.1900,2.96,38.56,7.8,27.4,0,1,0.094254,0,1
16,SATURDAY,RESIDENCIAL,0.2500,3.12,29.90,1.4,17.8,1,0,0.324449,0,0
12,MONDAY,RURAL,0.2500,6.11,81.52,0.0,19.9,0,1,0.210291,0,0
20,MONDAY,CONDOMINIO,0.3100,6.70,99.83,0.0,17.4,0,0,0.463769,0,0
15,MONDAY,RESIDENCIAL,0.0600,3.32,29.95,14.5,17.5,0,1,0.079096,0,0
20,SATURDAY,CONDOMINIO,0.1200,9.11,91.89,13.4,20.7,0,0,0.423679,0,1
7,SATURDAY,RESIDENCIAL,0.0800,2.28,42.69,0.0,33.9,0,0,0.077684,0,1
6,SATURDAY,COMERCIAL,0.0600,3.23,34.48,0.0,29.3,1,1,0.376289,0,0
13,TUESDAY,RESIDENCIAL,0.0500,1.16,23.02,11.5,18.7,0,1,0.063720,0,0
9,TUESDAY,RESIDENCIAL,0.1200,2.82,22.16,0.0,22.8,1,0,0.197046,0,0
8,THURSDAY,RESIDENCIAL,0.1500,2.29,35.32,0.0,26.0,0,1,0.055647,0,0
20,MONDAY,RESIDENCIAL,0.1500,0.97,34.96,1.0,26.3,0,0,0.195461,0,0
16,THURSDAY,RESIDENCIAL,0.1900,0.70,23.27,0.0,21.0,0,1,0.068535,0,0
4,TUESDAY,CONDOMINIO,0.2200,3.73,44.47,0.0,28.9,0,0,0.305579,0,0
16,SATURDAY,RESIDENCIAL,0.0600,3.85,33.89,4.3,14.1,0,0,0.075670,0,0
8,MONDAY,RESIDENCIAL,0.3100,0.99,16.00,0.0,22.3,1,1,0.218360,0,0
20,THURSDAY,RESIDENCIAL,0.1200,17.93,250.00,2.3,17.2,0,1,0.284093,0,0
17,WEDNESDAY,CONDOMINIO,0.0800,3.64,53.49,0.0,19.7,0,1,0.080836,0,0
11,SATURDAY,RESIDENCIAL,0.1200,1.22,26.00,0.0,20.2,0,0,0.064074,0,0
10,THURSDAY,RESIDENCIAL,0.0500,2.83,51.70,0.0,21.8,0,1,0.037817,0,0
15,WEDNESDAY,RESIDENCIAL,0.2200,4.53,33.79,0.2,17.1,0,1,0.081616,0,0
17,THURSDAY,RESIDENCIAL,0.1200,2.43,18.07,0.0,19.6,1,0,0.223572,0,0
0,THURSDAY,CONDOMINIO,0.2500,30.00,250.00,11.1,23.3,0,0,0.762331,0,1
8,FRIDAY,RESIDENCIAL,0.2800,1.30,17.31,0.0,24.3,0,0,0.130987,0,0
13,MONDAY,RESIDENCIAL,0.1500,3.91,45.63,1.3,19.3,0,1,0.070750,0,0
19,TUESDAY,COMERCIAL,0.3100,2.21,11.56,4.6,22.7,1,1,0.525600,0,0
7,SATURDAY,COMERCIAL,0.3100,2.10,34.29,0.0,22.8,0,1,0.317705,0,0
7,MONDAY,RESIDENCIAL,0.1200,2.78,56.12,0.0,26.3,0,1,0.054680,0,0
14,MONDAY,RESIDENCIAL,0.1100,2.27,36.89,0.0,17.2,0,0,0.086141,0,0
7,THURSDAY,RESIDENCIAL,0.2500,1.77,20.99,0.0,30.2,0,1,0.081826,0,0
11,SATURDAY,CONDOMINIO,0.3100,0.71,18.03,20.4,22.9,0,0,0.367227,0,0
14,WEDNESDAY,COMERCIAL,0.1500,2.68,47.63,0.0,18.3,0,0,0.138658,0,0
7,SATURDAY,CONDOMINIO,0.3100,2.16,14.92,0.0,27.3,0,1,0.130072,0,0
11,WEDNESDAY,RESIDENCIAL,0.1900,2.33,42.83,0.0,23.7,1,1,0.169887,0,0
17,SATURDAY,CONDOMINIO,0.0600,15.20,153.49,2.8,22.1,0,0,0.231824,0,0
2,THURSDAY,CONDOMINIO,0.1500,15.00,48.71,0.0,27.0,0,0,0.301501,0,0
11,THURSDAY,RESIDENCIAL,0.0800,2.93,25.99,0.0,20.1,1,1,0.104257,0,0
20,WEDNESDAY,RESIDENCIAL,0.0500,1.17,18.64,0.1,26.6,0,1,0.078733,0,0
11,WEDNESDAY,CONDOMINIO,0.0600,3.64,53.81,0.0,25.2,0,0,0.109120,0,0
6,SATURDAY,RESIDENCIAL,0.2500,19.92,250.00,0.0,30.5,0,1,0.241953,0,0
7,WEDNESDAY,COMERCIAL,0.1100,7.37,57.59,6.1,27.8,0,0,0.165911,0,0
15,FRIDAY,RESIDENCIAL,0.0900,1.43,23.42,0.0,19.9,0,0,0.078524,0,0
21,WEDNESDAY,RESIDENCIAL,0.0900,1.00,10.74,0.0,22.7,1,0,0.316903,0,1
7,SATURDAY,CONDOMINIO,0.1100,2.75,29.03,0.0,31.1,0,1,0.072216,0,0
21,MONDAY,RESIDENCIAL,0.2500,11.00,167.09,19.2,24.5,1,0,0.838534,0,1
13,SUNDAY,RESIDENCIAL,0.2800,1.38,17.02,1.6,17.2,1,1,0.220730,0,0
17,THURSDAY,RESIDENCIAL,0.1100,2.28,18.67,6.8,17.7,1,0,0.265355,0,1
6,WEDNESDAY,CONDOMINIO,0.0900,5.78,69.45,0.0,30.2,0,1,0.089995,0,0
16,WEDNESDAY,RESIDENCIAL,0.3100,17.01,215.78,0.0,14.0,0,0,0.367808,0,1
7,SATURDAY,RESIDENCIAL,0.0500,6.47,62.13,8.7,31.0,1,0,0.273243,0,0
21,TUESDAY,COMERCIAL,0.1900,13.07,82.53,0.0,24.1,0,0,0.365602,0,0
16,THURSDAY,CONDOMINIO,0.0900,1.32,36.72,0.0,20.2,0,1,0.075430,0,0
15,THURSDAY,RESIDENCIAL,0.0500,1.09,21.91,0.0,14.9,0,0,0.060819,0,0
20,MONDAY,RESIDENCIAL,0.3100,1.06,34.55,0.0,26.9,0,0,0.308466,0,0
7,SUNDAY,RESIDENCIAL,0.1200,6.39,76.51,5.5,26.2,3,1,0.682934,0,1
14,FRIDAY,RESIDENCIAL,0.1100,1.04,35.93,0.0,15.4,1,1,0.132127,0,0
15,TUESDAY,COMERCIAL,0.0600,18.67,133.39,0.0,18.2,0,1,0.119656,0,0
9,FRIDAY,RESIDENCIAL,0.1900,3.41,63.12,0.0,25.1,0,1,0.072408,0,0
20,MONDAY,COMERCIAL,0.0800,2.36,42.13,3.6,24.6,0,1,0.142036,0,1
12,MONDAY,RESIDENCIAL,0.2200,0.75,8.27,1.0,12.0,0,1,0.063974,0,0
13,THURSDAY,RESIDENCIAL,0.2200,1.07,19.03,0.0,12.0,0,1,0.064336,0,0
17,FRIDAY,RESIDENCIAL,0.1100,1.65,36.92,0.0,18.4,1,1,0.141478,0,0
12,THURSDAY,RESIDENCIAL,0.0500,7.85,92.37,7.6,13.9,0,0,0.123006,0,0
8,FRIDAY,RESIDENCIAL,0.2200,12.59,102.74,0.0,29.1,0,1,0.123219,0,0
20,WEDNESDAY,RESIDENCIAL,0.1500,1.18,16.93,22.9,21.3,2,1,0.741489,0,0
17,FRIDAY,COMERCIAL,0.2200,0.74,28.23,0.0,15.4,1,0,0.347379,0,0
8,MONDAY,CONDOMINIO,0.2800,3.90,29.61,0.0,30.2,0,1,0.146783,0,0
17,SUNDAY,RESIDENCIAL,0.0500,1.27,30.37,1.5,18.0,0,1,0.038447,0,0
14,MONDAY,COMERCIAL,0.2200,2.53,22.86,0.0,18.8,0,1,0.100715,0,0
11,FRIDAY,RESIDENCIAL,0.1200,1.95,43.18,7.1,19.5,0,1,0.060709,0,0
7,MONDAY,RESIDENCIAL,0.1500,5.50,102.03,3.8,24.7,0,0,0.143149,0,0
21,WEDNESDAY,COMERCIAL,0.0800,3.08,55.57,6.4,23.8,0,0,0.256027,0,0
17,MONDAY,COMERCIAL,0.2500,8.28,98.60,0.0,15.2,0,1,0.155172,0,0
17,WEDNESDAY,RESIDENCIAL,0.1900,4.66,70.40,0.0,20.1,1,1,0.224453,0,0
16,WEDNESDAY,RESIDENCIAL,0.1100,4.24,35.01,0.0,21.3,0,0,0.096393,0,0
11,THURSDAY,RESIDENCIAL,0.0500,1.02,19.36,2.0,25.9,3,1,0.515230,0,0
20,TUESDAY,CONDOMINIO,0.1900,0.82,46.31,0.0,24.5,0,1,0.198729,0,0
13,TUESDAY,RESIDENCIAL,0.3100,4.67,66.82,0.0,17.8,0,1,0.127865,0,0
8,TUESDAY,CONDOMINIO,0.2200,1.89,38.51,0.0,21.6,0,1,0.100950,0,0
16,THURSDAY,COMERCIAL,0.2200,0.46,38.27,8.7,21.2,0,0,0.233273,0,1
7,TUESDAY,RESIDENCIAL,0.0600,1.32,11.34,7.8,24.1,0,1,0.047487,0,0
12,FRIDAY,RESIDENCIAL,0.0600,2.56,28.99,0.0,23.0,0,0,0.077985,0,0
9,FRIDAY,RURAL,0.2500,0.60,44.30,2.2,25.2,0,0,0.248842,0,0
16,SATURDAY,CONDOMINIO,0.1900,12.25,76.32,0.0,18.8,1,1,0.331265,0,1
16,SATURDAY,COMERCIAL,0.1900,1.04,23.10,0.6,15.5,1,0,0.614294,0,1
15,SATURDAY,RESIDENCIAL,0.2500,2.68,55.76,0.0,16.2,0,1,0.084250,0,0
21,SATURDAY,RESIDENCIAL,0.0500,2.79,41.22,11.0,24.0,0,0,0.191488,0,0
15,SATURDAY,CONDOMINIO,0.1900,0.80,44.92,0.0,17.9,0,1,0.096885,0,1
9,SATURDAY,RESIDENCIAL,0.2200,3.94,40.13,0.0,18.2,0,0,0.100022,0,0
10,WEDNESDAY,CONDOMINIO,0.2800,4.29,22.75,0.0,17.9,1,1,0.284194,0,0
17,WEDNESDAY,RURAL,0.2500,2.62,22.95,3.5,16.1,2,1,0.654030,0,0
18,MONDAY,RESIDENCIAL,0.0900,1.40,42.56,0.0,17.0,1,0,0.321964,0,0
9,MONDAY,RESIDENCIAL,0.1200,5.07,37.64,0.0,20.6,0,0,0.080862,0,0
16,THURSDAY,COMERCIAL,0.1500,6.91,46.67,0.0,16.5,0,1,0.090251,0,0
12,THURSDAY,RESIDENCIAL,0.2800,7.92,122.48,0.0,17.7,2,0,0.733396,0,1
14,THURSDAY,COMERCIAL,0.1900,4.85,43.02,0.0,21.0,0,1,0.106532,0,0
17,THURSDAY,RESIDENCIAL,0.2500,2.31,67.40,11.8,16.9,0,1,0.153989,0,0
10,TUESDAY,RESIDENCIAL,0.0900,2.09,41.97,1.5,25.6,0,1,0.047863,0,0
11,FRIDAY,COMERCIAL,0.2800,7.74,134.73,11.7,21.0,1,1,0.512228,0,1
19,WEDNESDAY,RESIDENCIAL,0.1500,5.81,49.26,0.0,17.5,0,1,0.118396,0,0
6,FRIDAY,RESIDENCIAL,0.2800,1.21,11.44,4.9,28.5,0,0,0.166105,0,0
3,SATURDAY,RESIDENCIAL,0.2500,1.52,32.33,0.0,30.8,0,1,0.133926,0,1
16,TUESDAY,RURAL,0.1900,5.80,63.22,0.0,20.9,1,1,0.371889,0,0
21,THURSDAY,RESIDENCIAL,0.1900,1.85,25.19,8.3,25.8,0,1,0.181906,0,0
9,FRIDAY,RURAL,0.1900,11.20,110.90,0.0,24.5,3,1,0.860998,0,1
9,SATURDAY,RESIDENCIAL,0.2800,2.67,61.96,0.0,29.6,1,1,0.245379,0,1
13,SUNDAY,RURAL,0.2500,1.78,25.53,0.0,20.1,3,0,0.890769,0,1
9,SUNDAY,RESIDENCIAL,0.2500,2.72,16.68,0.0,29.0,0,1,0.073422,0,0
20,MONDAY,RESIDENCIAL,0.2800,20.63,206.60,0.0,22.8,0,1,0.405681,0,0
8,SATURDAY,RESIDENCIAL,0.2800,4.30,40.82,0.0,26.8,0,1,0.089218,0,0
18,SATURDAY,RESIDENCIAL,0.2800,2.50,32.99,0.0,20.7,2,1,0.629124,0,0
19,MONDAY,RESIDENCIAL,0.2500,1.71,16.59,25.0,22.1,2,0,0.893415,0,1
6,SATURDAY,RESIDENCIAL,0.2500,3.37,55.61,0.0,27.3,0,0,0.136189,0,0
18,TUESDAY,RESIDENCIAL,0.2500,1.56,12.03,4.7,16.4,0,1,0.157974,0,0
6,THURSDAY,COMERCIAL,0.0600,5.15,33.53,0.0,27.8,1,0,0.242113,0,0
11,SUNDAY,RESIDENCIAL,0.2200,23.81,250.00,2.6,22.2,0,1,0.229038,0,0
19,SUNDAY,CONDOMINIO,0.1900,7.96,36.04,2.1,19.5,0,1,0.203860,0,1
6,THURSDAY,RURAL,0.1500,1.93,54.34,0.0,28.4,1,1,0.285694,0,0
8,SATURDAY,RESIDENCIAL,0.0600,2.20,12.50,0.0,21.8,0,1,0.030207,1,1
19,MONDAY,RESIDENCIAL,0.3100,6.16,116.18,0.0,25.9,0,0,0.407749,0,0
10,THURSDAY,CONDOMINIO,0.1900,5.71,91.48,0.0,22.0,1,0,0.415486,0,1
5,WEDNESDAY,CONDOMINIO,0.2800,1.74,33.08,0.0,29.4,0,1,0.228609,0,0
8,MONDAY,RESIDENCIAL,0.0600,10.08,94.98,0.0,28.7,1,0,0.258442,0,0
10,SATURDAY,RESIDENCIAL,0.3100,5.55,45.88,3.7,26.3,1,0,0.414540,0,0
6,WEDNESDAY,RURAL,0.2500,1.89,30.78,0.0,25.0,3,0,0.887990,0,1
15,WEDNESDAY,COMERCIAL,0.0900,5.85,70.64,0.0,16.3,0,1,0.076903,0,0
12,MONDAY,RESIDENCIAL,0.3100,1.54,21.98,0.8,21.2,1,0,0.395660,0,0
7,WEDNESDAY,RESIDENCIAL,0.0800,0.96,22.97,4.3,19.9,0,0,0.070921,0,0
8,SUNDAY,RESIDENCIAL,0.1100,2.61,59.87,0.0,22.4,0,1,0.044905,0,0
21,FRIDAY,CONDOMINIO,0.2200,5.84,55.98,0.0,28.8,1,1,0.518971,0,1
13,MONDAY,RESIDENCIAL,0.0800,0.70,13.36,0.0,16.7,0,1,0.040115,0,0
14,SUNDAY,RURAL,0.3100,5.02,77.88,0.0,16.4,0,1,0.215011,0,0
9,SUNDAY,RESIDENCIAL,0.2800,0.85,14.20,1.7,22.6,2,1,0.419835,0,0
15,THURSDAY,COMERCIAL,0.2500,2.57,64.23,0.0,20.0,2,0,0.704989,0,0
17,SATURDAY,RESIDENCIAL,0.0900,7.71,115.33,0.0,18.3,3,0,0.773831,0,1
10,WEDNESDAY,RESIDENCIAL,0.1100,7.84,81.84,0.0,21.3,0,1,0.059489,0,0
4,SATURDAY,COMERCIAL,0.0800,3.31,38.79,1.9,30.2,1,0,0.700024,0,0
14,MONDAY,RESIDENCIAL,0.2800,2.04,11.52,0.0,21.3,1,0,0.352762,0,0
8,SATURDAY,CONDOMINIO,0.2800,2.37,16.17,0.0,23.7,0,1,0.110852,0,0
20,WEDNESDAY,RESIDENCIAL,0.3100,3.56,48.64,6.8,16.6,0,1,0.242607,0,0
19,WEDNESDAY,RESIDENCIAL,0.0900,8.50,65.56,0.0,22.4,0,0,0.187359,0,0
11,MONDAY,COMERCIAL,0.2200,5.45,56.76,0.0,19.4,2,1,0.495323,0,1
16,FRIDAY,RESIDENCIAL,0.2800,2.04,56.09,0.0,21.3,1,1,0.273162,0,0
10,SUNDAY,RESIDENCIAL,0.0600,7.44,54.52,0.0,16.3,0,1,0.036267,0,0
6,FRIDAY,COMERCIAL,0.1500,3.50,22.62,0.5,34.7,2,1,0.461198,0,1
12,MONDAY,RESIDENCIAL,0.0500,13.34,122.23,0.0,17.5,3,1,0.684044,0,0
16,THURSDAY,RESIDENCIAL,0.1100,0.93,5.91,0.0,12.0,0,1,0.040190,0,0
14,SATURDAY,RESIDENCIAL,0.2800,1.04,20.03,0.0,18.7,1,1,0.214185,0,0
15,WEDNESDAY,COMERCIAL,0.0500,1.59,17.74,0.0,14.4,2,0,0.437506,0,0
6,SUNDAY,CONDOMINIO,0.0800,7.17,31.85,0.0,28.8,0,0,0.114320,0,0
15,FRIDAY,COMERCIAL,0.2500,7.19,33.07,4.6,21.4,2,0,0.749703,0,1
6,WEDNESDAY,RESIDENCIAL,0.0800,2.81,24.57,0.0,26.7,0,0,0.070603,0,0
14,SUNDAY,RESIDENCIAL,0.0500,4.24,62.39,4.8,18.0,0,1,0.053736,0,0
14,SUNDAY,RESIDENCIAL,0.2800,7.11,76.67,0.0,19.7,0,1,0.119038,0,0
7,TUESDAY,CONDOMINIO,0.2500,9.06,114.51,0.0,28.4,1,1,0.413998,0,0
16,THURSDAY,RESIDENCIAL,0.2800,3.18,51.39,0.1,16.4,1,0,0.374622,0,1
19,THURSDAY,CONDOMINIO,0.0900,1.48,21.11,5.1,20.5,1,0,0.480245,0,0
9,THURSDAY,RESIDENCIAL,0.2800,4.20,37.77,21.4,26.7,1,1,0.455885,0,1
20,THURSDAY,CONDOMINIO,0.2200,0.63,26.37,9.5,23.3,0,1,0.277826,0,0
8,FRIDAY,RESIDENCIAL,0.2500,11.32,165.93,2.2,27.0,1,1,0.385971,0,0
18,TUESDAY,RESIDENCIAL,0.1100,1.68,45.68,0.0,18.3,0,0,0.151964,0,0
6,MONDAY,RESIDENCIAL,0.1900,3.91,31.50,2.6,32.3,1,1,0.213619,0,0
5,SUNDAY,COMERCIAL,0.1500,1.36,17.95,0.0,26.6,0,1,0.307422,0,1
8,FRIDAY,RURAL,0.3100,5.93,24.23,0.0,23.1,2,0,0.776810,0,0
20,MONDAY,RESIDENCIAL,0.1100,5.10,22.26,4.4,27.4,0,1,0.130396,0,0
13,MONDAY,CONDOMINIO,0.2500,2.29,55.41,2.1,20.1,1,0,0.493848,0,0
13,SUNDAY,RESIDENCIAL,0.2200,4.09,48.43,0.0,16.7,0,1,0.076560,0,0
15,FRIDAY,RESIDENCIAL,0.0500,3.42,58.57,0.0,22.2,0,0,0.084230,0,0
7,TUESDAY,CONDOMINIO,0.0800,4.17,24.58,0.0,32.5,0,1,0.073957,0,0
15,SUNDAY,RESIDENCIAL,0.0500,7.68,85.59,0.0,22.0,0,1,0.055954,0,0
20,THURSDAY,COMERCIAL,0.0500,2.15,24.78,0.0,22.4,0,1,0.099829,0,0
14,MONDAY,CONDOMINIO,0.0800,3.79,39.98,4.6,12.7,0,1,0.082086,0,1
18,FRIDAY,CONDOMINIO,0.0800,6.99,47.28,0.0,18.9,0,1,0.143302,0,0
7,SUNDAY,RESIDENCIAL,0.2500,7.71,73.56,0.7,32.1,1,0,0.391858,0,0
16,FRIDAY,RESIDENCIAL,0.1500,1.25,23.08,2.6,17.4,1,0,0.257036,0,0
18,MONDAY,RESIDENCIAL,0.1500,7.70,67.62,0.0,24.0,0,1,0.147164,0,0
13,THURSDAY,RESIDENCIAL,0.1200,4.94,80.13,0.0,19.3,0,1,0.069786,0,0
10,SATURDAY,COMERCIAL,0.3100,3.99,44.31,2.6,26.5,0,1,0.380834,0,0
17,TUESDAY,RESIDENCIAL,0.1200,0.89,9.35,0.0,19.9,0,1,0.049156,0,0
14,THURSDAY,COMERCIAL,0.3100,0.84,38.29,2.5,19.8,2,0,0.745102,0,1
6,FRIDAY,RESIDENCIAL,0.1500,0.67,9.22,7.2,31.6,0,0,0.120218,0,0
16,SATURDAY,RESIDENCIAL,0.2500,3.02,53.31,0.0,24.9,0,1,0.098566,0,1
8,WEDNESDAY,RESIDENCIAL,0.2800,1.62,25.76,0.0,25.6,0,1,0.085141,0,0
15,WEDNESDAY,RESIDENCIAL,0.1900,1.49,30.29,0.0,20.6,0,0,0.117161,0,0
12,MONDAY,RESIDENCIAL,0.2200,4.78,61.75,0.0,21.9,0,0,0.159025,0,0
13,WEDNESDAY,RESIDENCIAL,0.1100,1.71,19.94,0.0,17.2,0,0,0.079916,0,0
10,MONDAY,RESIDENCIAL,0.3100,2.28,48.81,0.0,19.9,0,1,0.094511,0,0
10,TUESDAY,CONDOMINIO,0.3100,2.24,50.44,0.0,21.5,0,0,0.227542,0,0
13,SATURDAY,RURAL,0.1500,2.43,50.48,2.9,21.6,2,1,0.580584,0,1
8,WEDNESDAY,CONDOMINIO,0.2200,2.92,61.62,0.0,25.0,1,1,0.288944,0,1
10,TUESDAY,CONDOMINIO,0.0600,1.66,13.06,0.0,23.0,0,1,0.051845,0,0
7,TUESDAY,CONDOMINIO,0.0500,3.10,56.33,0.0,27.7,0,0,0.109761,0,0
20,TUESDAY,RESIDENCIAL,0.2200,1.48,55.54,0.0,22.1,3,1,0.829369,1,0
10,TUESDAY,CONDOMINIO,0.1100,0.81,24.67,0.0,23.3,0,1,0.064461,0,0
9,SATURDAY,RESIDENCIAL,0.2200,3.83,42.91,0.0,23.0,1,1,0.176156,0,0
7,MONDAY,CONDOMINIO,0.3100,5.07,47.73,18.5,27.4,1,1,0.583746,0,1
21,WEDNESDAY,CONDOMINIO,0.0800,1.22,6.10,0.0,26.7,0,1,0.125527,0,0
17,SATURDAY,RESIDENCIAL,0.2800,9.77,42.42,4.1,18.6,0,0,0.204310,0,0
7,FRIDAY,COMERCIAL,0.3100,3.18,53.63,0.0,32.2,0,1,0.158160,0,1
7,WEDNESDAY,RURAL,0.2500,2.82,27.30,1.1,24.8,0,0,0.235988,0,0
9,TUESDAY,RESIDENCIAL,0.0900,1.26,26.12,0.9,22.6,0,0,0.068401,0,0
8,SATURDAY,RESIDENCIAL,0.0800,3.32,86.07,0.0,26.2,1,0,0.209371,0,1
9,MONDAY,RESIDENCIAL,0.2500,1.38,26.65,6.5,23.0,0,0,0.153631,0,0
9,SATURDAY,RESIDENCIAL,0.1200,0.89,27.96,7.7,22.4,0,0,0.091837,0,0
11,SATURDAY,RESIDENCIAL,0.1200,3.57,36.99,0.0,19.2,0,1,0.041139,1,1
4,FRIDAY,CONDOMINIO,0.2800,0.77,20.29,2.1,25.6,1,1,0.456835,0,0
10,TUESDAY,CONDOMINIO,0.1500,11.70,135.87,0.0,22.7,1,0,0.460080,0,0
8,THURSDAY,RURAL,0.3100,1.67,17.44,0.0,22.9,0,0,0.251526,0,0
12,MONDAY,CONDOMINIO,0.1100,1.68,26.65,2.5,20.1,0,0,0.142229,0,0
9,SATURDAY,COMERCIAL,0.1900,0.64,17.63,2.5,28.2,2,0,0.835211,0,0
5,SUNDAY,RESIDENCIAL,0.2500,2.57,52.59,0.0,31.4,0,1,0.148377,0,1
8,MONDAY,RESIDENCIAL,0.2200,4.08,33.20,0.0,23.9,0,1,0.071944,0,0
14,SUNDAY,RESIDENCIAL,0.1900,1.69,57.98,0.0,22.4,0,1,0.074618,0,0
17,SATURDAY,CONDOMINIO,0.2500,0.87,20.02,0.0,17.6,0,0,0.175640,0,0
10,WEDNESDAY,RESIDENCIAL,0.0800,0.57,15.01,0.0,21.4,0,1,0.034633,0,0
10,FRIDAY,RESIDENCIAL,0.0600,1.92,26.64,0.0,23.9,0,1,0.036353,1,1
11,SUNDAY,RURAL,0.1900,1.48,33.69,25.0,23.3,0,1,0.263620,0,0
13,WEDNESDAY,COMERCIAL,0.1900,3.52,61.47,0.0,22.1,1,1,0.276054,0,1
16,SUNDAY,COMERCIAL,0.0600,1.80,24.41,0.0,19.6,3,0,0.902440,0,1
9,SUNDAY,CONDOMINIO,0.2200,4.08,14.94,0.0,25.2,2,1,0.486443,0,1
20,SUNDAY,CONDOMINIO,0.2500,18.15,89.38,0.0,20.9,0,0,0.457421,0,0
7,SUNDAY,COMERCIAL,0.1200,2.56,35.31,0.0,24.0,0,1,0.184710,0,0
10,TUESDAY,COMERCIAL,0.1200,1.54,33.38,0.0,21.9,1,1,0.159765,0,0
14,TUESDAY,CONDOMINIO,0.2500,2.37,46.89,2.2,19.4,0,1,0.152363,0,0
20,WEDNESDAY,COMERCIAL,0.3100,1.64,25.43,0.0,23.3,0,0,0.354051,0,1
20,MONDAY,COMERCIAL,0.2800,2.52,43.62,5.1,21.6,1,0,0.661275,0,1
6,MONDAY,RESIDENCIAL,0.1500,6.32,79.30,0.3,34.5,1,1,0.219035,0,0
15,MONDAY,RESIDENCIAL,0.2800,1.20,13.84,0.0,19.9,3,0,0.825398,0,1
16,MONDAY,RURAL,0.3100,3.18,18.90,0.0,20.1,0,0,0.298825,0,0
7,MONDAY,CONDOMINIO,0.0500,1.94,50.26,13.6,24.4,0,1,0.104288,0,1
20,WEDNESDAY,RESIDENCIAL,0.1900,3.10,87.76,0.0,24.1,0,1,0.163904,0,0
6,SATURDAY,COMERCIAL,0.1500,3.33,30.22,0.0,28.2,0,0,0.324785,0,1
17,FRIDAY,RESIDENCIAL,0.3100,3.75,51.26,0.0,17.3,0,0,0.187672,0,0
7,MONDAY,RURAL,0.2200,10.99,74.73,0.8,28.2,0,0,0.300203,0,0
20,FRIDAY,COMERCIAL,0.1200,0.80,15.04,8.5,22.1,0,0,0.256290,0,0
15,FRIDAY,COMERCIAL,0.1200,2.05,41.42,5.3,20.7,2,1,0.487360,0,1
15,SATURDAY,COMERCIAL,0.1100,3.37,24.11,9.9,18.3,0,1,0.275317,0,1
8,FRIDAY,CONDOMINIO,0.2500,2.89,17.99,0.0,24.9,2,1,0.535493,0,1
5,SATURDAY,RESIDENCIAL,0.2800,8.20,122.91,0.0,26.8,1,1,0.450820,0,0
11,THURSDAY,RESIDENCIAL,0.0600,7.72,76.23,2.4,22.2,0,0,0.090292,0,0
20,SATURDAY,COMERCIAL,0.1900,4.67,37.25,0.0,21.2,1,1,0.679124,0,0
8,TUESDAY,RESIDENCIAL,0.0500,0.65,16.94,6.7,25.2,2,0,0.422995,0,0
21,TUESDAY,RESIDENCIAL,0.1500,8.14,144.95,7.5,22.9,0,0,0.360960,0,0
7,TUESDAY,RESIDENCIAL,0.1900,2.90,45.72,2.4,26.3,1,0,0.299303,0,0
18,MONDAY,COMERCIAL,0.2500,1.32,9.85,0.0,21.4,0,0,0.278965,0,1
19,TUESDAY,COMERCIAL,0.1500,5.55,57.19,0.0,21.8,1,0,0.513374,0,1
14,SATURDAY,COMERCIAL,0.2200,1.89,27.17,1.0,20.0,0,1,0.285147,0,0
19,FRIDAY,RESIDENCIAL,0.1200,0.91,53.65,4.2,20.5,0,0,0.192531,0,0
7,FRIDAY,RESIDENCIAL,0.2800,13.45,115.18,0.0,27.4,0,0,0.243234,0,0
5,MONDAY,COMERCIAL,0.2200,2.84,30.23,1.1,28.3,0,0,0.266475,0,0
21,TUESDAY,RESIDENCIAL,0.1100,1.19,15.38,10.7,20.2,0,1,0.132018,0,0
18,SATURDAY,RURAL,0.1500,0.53,24.11,0.0,19.8,0,1,0.168778,0,0
16,SUNDAY,RURAL,0.2800,0.59,19.66,1.7,21.4,2,1,0.649739,0,0
17,THURSDAY,RESIDENCIAL,0.0600,3.76,33.69,0.0,22.8,0,0,0.081268,0,0
11,WEDNESDAY,RURAL,0.1900,15.69,182.01,0.8,26.3,0,1,0.267428,0,0
10,SATURDAY,RESIDENCIAL,0.1500,0.84,10.72,0.0,19.2,0,0,0.065858,0,0
6,TUESDAY,CONDOMINIO,0.1500,6.80,77.98,2.3,27.7,1,1,0.297218,0,0
8,TUESDAY,RESIDENCIAL,0.2800,2.16,36.09,0.0,24.2,0,0,0.142139,0,1
11,SATURDAY,RESIDENCIAL,0.2200,0.77,26.98,3.2,20.1,0,0,0.104628,0,0
16,FRIDAY,CONDOMINIO,0.0900,6.34,70.35,0.1,20.2,0,1,0.096076,0,0
17,FRIDAY,RESIDENCIAL,0.0800,0.73,8.90,0.0,21.7,0,0,0.072956,0,0
13,SATURDAY,COMERCIAL,0.2500,0.99,15.79,13.5,21.8,0,1,0.433253,0,0
5,THURSDAY,RESIDENCIAL,0.2500,1.68,42.96,0.0,30.9,1,1,0.350200,0,0
17,FRIDAY,RESIDENCIAL,0.0900,6.18,70.34,7.7,22.2,0,1,0.090000,0,0
19,MONDAY,RESIDENCIAL,0.0600,3.46,58.12,1.1,20.6,0,1,0.092833,0,0
20,WEDNESDAY,CONDOMINIO,0.2500,2.19,32.42,25.0,25.1,1,1,0.742964,0,1
8,MONDAY,COMERCIAL,0.2800,2.61,48.81,0.0,19.2,1,0,0.392811,0,0
18,SATURDAY,CONDOMINIO,0.0500,4.98,87.43,1.3,16.7,0,1,0.132013,0,0
19,FRIDAY,RESIDENCIAL,0.2500,9.11,59.73,10.6,19.2,1,1,0.531874,0,1
16,SUNDAY,RESIDENCIAL,0.2200,2.40,48.39,0.0,19.2,2,1,0.429856,0,0
7,SATURDAY,RURAL,0.2500,5.87,44.58,0.0,28.2,1,1,0.363332,0,0
18,WEDNESDAY,RESIDENCIAL,0.2500,1.74,6.09,0.0,19.8,3,1,0.812122,0,0
6,FRIDAY,RESIDENCIAL,0.0800,1.35,32.19,1.7,26.9,0,0,0.075649,0,0
11,TUESDAY,COMERCIAL,0.2500,4.49,71.98,0.0,18.8,3,1,0.773148,0,1
11,SUNDAY,RESIDENCIAL,0.2200,0.88,32.64,0.0,16.6,1,1,0.143633,0,1
16,WEDNESDAY,CONDOMINIO,0.3100,0.99,11.49,0.0,18.8,0,0,0.229119,0,0
8,TUESDAY,COMERCIAL,0.1200,3.17,45.71,6.9,26.4,0,0,0.151947,0,0
21,THURSDAY,RESIDENCIAL,0.1100,3.88,42.26,0.0,27.2,1,0,0.401322,0,0
9,SUNDAY,CONDOMINIO,0.2500,6.46,35.88,8.3,27.0,2,0,0.762877,0,1
13,MONDAY,RESIDENCIAL,0.1200,14.94,130.86,0.0,16.8,3,1,0.752677,0,0
15,SATURDAY,RESIDENCIAL,0.0900,1.10,25.33,1.1,19.8,2,1,0.296154,0,0
16,FRIDAY,CONDOMINIO,0.1100,8.76,83.82,6.3,19.7,0,1,0.144523,0,0
16,SATURDAY,RESIDENCIAL,0.0600,30.00,250.00,0.0,18.5,0,0,0.251618,0,1
18,WEDNESDAY,RESIDENCIAL,0.3100,1.99,23.29,25.0,16.3,0,0,0.520965,1,1
12,FRIDAY,CONDOMINIO,0.0500,6.41,20.26,0.0,15.1,0,0,0.103706,0,0
15,WEDNESDAY,RESIDENCIAL,0.2500,3.46,42.95,0.0,16.4,0,0,0.146328,0,0
13,SUNDAY,CONDOMINIO,0.0800,3.28,44.89,0.0,19.2,0,1,0.070147,0,0
8,SUNDAY,CONDOMINIO,0.2500,2.92,42.45,0.0,26.6,1,1,0.283900,0,0
6,TUESDAY,CONDOMINIO,0.0600,4.29,21.36,0.0,32.5,0,0,0.112315,0,1
21,SUNDAY,CONDOMINIO,0.1900,1.31,7.06,1.9,27.0,0,1,0.181903,0,0
6,SATURDAY,COMERCIAL,0.0800,3.24,42.30,0.0,30.5,0,1,0.186973,0,0
15,THURSDAY,COMERCIAL,0.0500,2.94,33.99,10.0,20.6,1,1,0.226437,0,0
9,SATURDAY,RESIDENCIAL,0.1100,2.69,21.87,0.0,26.0,0,1,0.041676,0,0
17,THURSDAY,RURAL,0.2500,1.22,21.82,0.0,22.9,0,0,0.254601,0,0
8,WEDNESDAY,RESIDENCIAL,0.1200,1.56,62.93,0.0,24.5,0,1,0.052686,0,0
11,THURSDAY,RESIDENCIAL,0.0900,4.62,36.27,0.0,23.7,0,0,0.075479,0,0
18,SATURDAY,RURAL,0.2200,4.00,25.06,16.2,23.2,2,1,0.854860,0,0
11,MONDAY,RESIDENCIAL,0.1200,3.61,40.67,0.0,18.0,0,0,0.075364,0,0
18,MONDAY,CONDOMINIO,0.1500,0.83,10.69,0.0,14.7,0,0,0.207101,0,0
1,THURSDAY,RESIDENCIAL,0.0600,5.97,55.56,4.7,29.7,0,1,0.105930,0,0
15,WEDNESDAY,RESIDENCIAL,0.1500,2.18,23.97,0.0,12.9,0,0,0.087734,0,0
16,SUNDAY,RESIDENCIAL,0.0600,1.50,29.25,0.0,19.9,0,0,0.065528,0,0
10,MONDAY,RESIDENCIAL,0.0500,2.15,33.91,0.0,24.5,0,1,0.036593,0,0
8,TUESDAY,RESIDENCIAL,0.0500,6.06,81.84,0.0,27.1,0,1,0.050732,0,0
16,SUNDAY,RESIDENCIAL,0.3100,1.62,39.88,0.0,14.8,0,0,0.152648,0,0
6,MONDAY,CONDOMINIO,0.1100,3.24,44.85,0.0,26.2,0,0,0.127238,0,0
11,FRIDAY,RESIDENCIAL,0.1900,1.20,11.94,0.0,16.5,0,1,0.048235,0,0
16,SATURDAY,CONDOMINIO,0.1200,1.72,18.83,0.0,23.6,0,1,0.077295,0,0
7,WEDNESDAY,RESIDENCIAL,0.2800,0.80,46.30,0.2,25.3,0,1,0.090315,0,0
7,TUESDAY,CONDOMINIO,0.1100,2.03,69.46,1.2,22.8,0,1,0.081555,0,0
10,FRIDAY,RESIDENCIAL,0.2800,3.19,59.72,0.0,20.6,0,1,0.091175,0,1
9,FRIDAY,RESIDENCIAL,0.0500,2.41,26.61,2.8,22.2,0,1,0.038668,0,0
12,SATURDAY,COMERCIAL,0.1100,6.68,30.23,5.2,20.5,1,0,0.650655,0,1
7,THURSDAY,CONDOMINIO,0.1100,8.47,39.63,0.0,25.8,2,1,0.456676,0,0
10,SUNDAY,CONDOMINIO,0.0500,5.28,89.65,0.0,29.0,0,1,0.073823,0,1
7,WEDNESDAY,RESIDENCIAL,0.3100,2.18,74.75,0.0,31.0,0,1,0.126033,0,0
13,SUNDAY,RESIDENCIAL,0.2500,3.08,57.66,6.8,24.5,2,0,0.701330,0,1
8,MONDAY,RURAL,0.2800,1.58,31.42,0.0,31.9,1,0,0.530756,0,1
6,WEDNESDAY,COMERCIAL,0.2500,11.36,67.60,6.0,28.8,0,0,0.289133,0,0
16,SUNDAY,CONDOMINIO,0.0800,2.31,43.87,10.8,21.1,0,0,0.176714,0,0
16,MONDAY,CONDOMINIO,0.0900,1.74,37.48,2.2,17.9,0,1,0.080204,0,0
12,TUESDAY,COMERCIAL,0.2800,2.55,38.92,3.9,15.6,1,0,0.469271,0,0
13,SATURDAY,RESIDENCIAL,0.0900,2.55,20.51,0.0,17.9,0,0,0.070031,0,0
9,WEDNESDAY,CONDOMINIO,0.1100,2.28,58.85,0.0,23.1,0,1,0.075467,0,0
14,WEDNESDAY,CONDOMINIO,0.1900,1.20,8.60,0.0,14.8,0,0,0.144353,0,0
14,FRIDAY,COMERCIAL,0.1500,4.91,11.48,9.6,15.9,0,0,0.177799,0,0
11,SUNDAY,RESIDENCIAL,0.2800,2.07,20.98,0.0,18.3,0,1,0.067337,0,0
7,TUESDAY,RESIDENCIAL,0.1100,1.39,53.95,0.0,22.6,0,1,0.047090,0,1
18,SATURDAY,RESIDENCIAL,0.0900,11.41,184.80,0.0,22.2,1,1,0.384249,0,0
6,SUNDAY,RESIDENCIAL,0.0600,1.05,26.93,0.0,24.3,1,1,0.091952,0,0
18,FRIDAY,COMERCIAL,0.2200,1.77,52.26,0.0,23.4,2,1,0.690250,0,0
3,WEDNESDAY,RESIDENCIAL,0.1200,0.74,7.94,0.0,33.3,0,0,0.141396,0,0
17,SATURDAY,RESIDENCIAL,0.2800,3.03,55.13,0.0,22.0,0,1,0.104919,0,0
1,TUESDAY,RESIDENCIAL,0.0800,2.04,61.33,0.0,27.8,0,1,0.084891,0,0
13,MONDAY,COMERCIAL,0.1500,9.74,68.13,0.0,22.6,2,1,0.541906,0,0
20,TUESDAY,CONDOMINIO,0.1900,1.86,47.89,3.5,20.6,0,1,0.217135,0,1
8,SATURDAY,RESIDENCIAL,0.0900,3.35,34.07,3.0,23.9,2,1,0.297973,0,0
13,SUNDAY,COMERCIAL,0.0800,0.64,8.36,0.0,17.4,0,0,0.243689,0,0
8,SUNDAY,RESIDENCIAL,0.0500,2.85,34.49,5.1,27.2,0,0,0.074655,0,0
11,FRIDAY,RURAL,0.3100,1.67,25.97,0.0,19.9,2,1,0.630329,0,1
19,WEDNESDAY,RESIDENCIAL,0.1100,3.53,70.47,0.0,22.8,0,1,0.115692,0,0
16,THURSDAY,RESIDENCIAL,0.2800,3.52,40.73,0.0,19.5,0,1,0.105356,0,1
15,SUNDAY,RESIDENCIAL,0.0500,4.77,60.41,0.0,20.7,0,1,0.046304,0,0
12,WEDNESDAY,CONDOMINIO,0.3100,5.33,57.31,0.0,17.2,3,1,0.857721,0,1
7,SATURDAY,RESIDENCIAL,0.0600,3.82,62.06,0.0,25.1,0,0,0.068226,0,0
11,TUESDAY,CONDOMINIO,0.1200,4.53,80.11,0.0,20.6,0,0,0.138918,0,1
16,THURSDAY,RESIDENCIAL,0.0900,0.67,55.63,0.0,16.1,0,0,0.081008,0,0
20,WEDNESDAY,CONDOMINIO,0.2500,1.41,14.44,0.5,23.5,2,0,0.815403,0,1
10,MONDAY,RESIDENCIAL,0.1500,7.32,115.97,0.0,24.7,0,1,0.082480,0,0
17,THURSDAY,RESIDENCIAL,0.0900,3.32,26.00,0.0,18.4,0,0,0.080542,0,0
11,WEDNESDAY,RESIDENCIAL,0.2500,1.97,17.71,2.8,23.7,0,0,0.132399,0,0
13,TUESDAY,RESIDENCIAL,0.0500,1.43,38.74,0.0,22.2,1,1,0.122896,0,0
16,WEDNESDAY,RESIDENCIAL,0.0800,2.36,36.98,0.0,21.8,0,1,0.050351,0,0
9,WEDNESDAY,COMERCIAL,0.2800,3.72,49.99,8.8,24.8,0,1,0.175804,0,0
4,SUNDAY,RESIDENCIAL,0.1900,3.77,74.57,10.9,34.1,0,0,0.315405,0,1
16,SATURDAY,CONDOMINIO,0.3100,2.21,42.83,0.0,20.1,3,1,0.834598,0,1
7,SATURDAY,RESIDENCIAL,0.1200,1.35,71.44,1.5,27.3,0,1,0.055358,0,0
20,FRIDAY,RESIDENCIAL,0.0500,2.94,36.39,0.1,25.4,2,1,0.457989,0,0
14,MONDAY,COMERCIAL,0.1100,3.45,68.73,0.0,20.7,0,0,0.137664,0,0
13,THURSDAY,RESIDENCIAL,0.1500,4.94,51.03,0.0,25.5,0,1,0.078538,0,0
14,TUESDAY,RESIDENCIAL,0.2200,1.79,7.69,0.0,16.7,0,0,0.112997,0,0
13,FRIDAY,RESIDENCIAL,0.1100,1.43,33.47,0.6,17.4,0,1,0.051399,0,0
12,TUESDAY,CONDOMINIO,0.0900,1.82,27.77,0.0,22.7,0,1,0.077314,0,0
7,MONDAY,COMERCIAL,0.1500,2.31,46.86,0.0,25.6,0,1,0.076364,0,0
15,THURSDAY,RESIDENCIAL,0.2500,1.45,19.87,0.0,24.0,0,0,0.147509,0,0
0,FRIDAY,RESIDENCIAL,0.0900,0.96,14.80,0.0,27.8,0,0,0.119119,0,0
21,THURSDAY,CONDOMINIO,0.0800,3.15,42.34,1.1,25.6,0,0,0.236784,0,0
15,SATURDAY,RESIDENCIAL,0.2500,2.37,26.03,11.2,16.4,1,1,0.288100,0,0
12,TUESDAY,RESIDENCIAL,0.1200,2.32,34.00,2.2,21.5,0,1,0.063151,0,0
6,MONDAY,RESIDENCIAL,0.2500,3.42,53.18,0.0,27.1,0,0,0.146818,0,0
17,FRIDAY,RESIDENCIAL,0.2500,1.75,26.12,0.0,19.1,0,1,0.085507,0,0
11,MONDAY,COMERCIAL,0.0900,0.47,9.64,0.0,22.1,0,1,0.047530,0,0
15,SATURDAY,RESIDENCIAL,0.3100,1.26,38.56,3.1,21.4,2,1,0.548160,0,0
15,TUESDAY,COMERCIAL,0.1500,3.41,49.75,0.5,18.6,3,0,0.821823,0,1
10,THURSDAY,RURAL,0.3100,6.03,44.60,0.0,22.8,1,0,0.556051,0,0
13,THURSDAY,RESIDENCIAL,0.1200,5.20,83.34,0.0,14.6,0,1,0.065092,1,0
19,SATURDAY,RESIDENCIAL,0.2200,8.68,39.57,11.9,21.9,0,0,0.349504,0,1
14,WEDNESDAY,RURAL,0.1500,4.35,50.08,0.0,16.2,0,1,0.122719,0,0
19,FRIDAY,RESIDENCIAL,0.0500,5.94,62.07,0.0,18.0,2,1,0.464256,0,0
7,THURSDAY,RESIDENCIAL,0.1900,0.28,32.10,0.0,25.2,1,1,0.161028,0,0
18,MONDAY,RESIDENCIAL,0.0600,4.10,74.95,13.7,13.8,1,1,0.339572,0,0
20,SATURDAY,RESIDENCIAL,0.1200,7.60,91.79,0.0,26.4,0,1,0.137663,0,0
9,SUNDAY,COMERCIAL,0.0500,1.99,35.22,0.0,21.4,0,1,0.138075,0,0
16,TUESDAY,COMERCIAL,0.2200,3.20,15.17,0.0,16.9,3,0,0.833228,0,1
22,TUESDAY,COMERCIAL,0.3100,0.65,17.23,4.6,27.4,0,0,0.349820,0,0
16,WEDNESDAY,CONDOMINIO,0.3100,8.76,110.21,0.0,18.2,0,1,0.233946,0,0
21,SATURDAY,RURAL,0.2200,1.17,11.85,0.0,25.3,0,0,0.334623,0,0
6,MONDAY,RESIDENCIAL,0.0500,5.00,31.49,0.0,28.6,1,1,0.116393,0,0
8,THURSDAY,COMERCIAL,0.2500,1.39,12.00,0.0,23.2,0,0,0.147638,0,0
15,MONDAY,RESIDENCIAL,0.0500,1.43,19.47,0.0,17.9,0,1,0.038112,0,0
8,THURSDAY,CONDOMINIO,0.0800,0.58,11.10,0.0,26.5,0,1,0.057807,0,0
13,FRIDAY,COMERCIAL,0.1100,3.39,32.55,0.0,23.2,3,1,0.694013,0,0
13,WEDNESDAY,RESIDENCIAL,0.0900,4.33,84.02,13.1,18.5,0,1,0.105631,0,0
9,SATURDAY,RESIDENCIAL,0.2500,8.80,139.37,0.0,25.7,0,0,0.196468,0,0
8,WEDNESDAY,CONDOMINIO,0.1100,1.38,52.71,4.9,28.0,0,1,0.096725,0,0
16,WEDNESDAY,COMERCIAL,0.0800,0.91,39.93,8.4,18.4,0,0,0.141665,0,0
10,THURSDAY,CONDOMINIO,0.1500,0.64,23.73,0.3,22.8,0,0,0.122434,0,0
20,TUESDAY,RESIDENCIAL,0.0900,4.79,82.79,5.8,26.8,0,0,0.241937,0,0
11,FRIDAY,RESIDENCIAL,0.0800,5.53,59.32,7.0,17.1,0,1,0.057461,0,0
11,FRIDAY,CONDOMINIO,0.3100,12.19,92.85,0.0,23.6,0,0,0.318245,0,0
20,FRIDAY,CONDOMINIO,0.1500,1.70,37.06,0.0,20.3,0,0,0.249130,0,0
8,WEDNESDAY,COMERCIAL,0.0500,1.13,27.01,0.0,29.9,0,1,0.051382,0,1
13,WEDNESDAY,CONDOMINIO,0.0900,0.75,31.41,0.0,14.8,0,0,0.109135,0,0
14,WEDNESDAY,RESIDENCIAL,0.2500,1.40,11.04,0.0,17.4,2,1,0.432210,0,0
8,TUESDAY,RESIDENCIAL,0.1500,0.51,33.99,0.0,28.9,0,0,0.093359,0,0
7,WEDNESDAY,RURAL,0.3100,0.63,37.48,8.5,29.1,0,1,0.253538,0,1
18,SUNDAY,COMERCIAL,0.2500,3.96,73.89,0.0,22.4,1,1,0.758149,0,1
11,WEDNESDAY,COMERCIAL,0.0600,0.83,6.98,0.0,18.9,0,0,0.067024,0,0
21,THURSDAY,CONDOMINIO,0.0500,6.04,124.43,2.7,27.2,0,0,0.313076,0,0
15,WEDNESDAY,CONDOMINIO,0.1100,2.16,24.79,5.7,19.2,0,0,0.158913,0,1
15,SUNDAY,RESIDENCIAL,0.2200,0.48,6.85,0.0,14.3,1,0,0.241477,0,0
11,THURSDAY,RESIDENCIAL,0.0600,5.79,18.75,0.0,27.1,0,1,0.041160,0,1
16,TUESDAY,RESIDENCIAL,0.0900,1.56,34.51,0.0,19.0,0,0,0.080694,0,0
7,SUNDAY,CONDOMINIO,0.3100,0.73,39.85,0.0,23.7,1,1,0.308242,0,1
6,SUNDAY,RESIDENCIAL,0.1200,0.79,38.92,0.0,23.8,0,0,0.071189,0,0
9,WEDNESDAY,RESIDENCIAL,0.1900,1.32,14.13,9.4,24.7,2,1,0.454258,0,1
8,MONDAY,RESIDENCIAL,0.1200,3.76,44.93,2.4,29.8,0,0,0.105055,0,0
12,WEDNESDAY,CONDOMINIO,0.2200,2.01,14.61,2.6,19.2,0,1,0.123434,0,1
12,SUNDAY,CONDOMINIO,0.1900,0.90,19.91,0.0,14.2,0,0,0.135420,0,1
16,FRIDAY,RESIDENCIAL,0.1100,1.77,59.26,0.0,22.5,0,1,0.061300,0,0
8,THURSDAY,RESIDENCIAL,0.0900,2.65,42.98,0.0,27.0,0,0,0.078578,0,0
14,TUESDAY,RURAL,0.2800,7.26,85.85,6.2,17.1,0,1,0.282094,0,0
20,SATURDAY,COMERCIAL,0.1200,6.51,90.80,0.0,24.7,0,0,0.562164,0,1
16,FRIDAY,COMERCIAL,0.2800,1.58,18.82,0.0,19.6,0,0,0.194157,0,0
21,WEDNESDAY,RESIDENCIAL,0.2200,1.37,15.49,0.0,26.2,1,1,0.331859,0,1
12,SUNDAY,RESIDENCIAL,0.1100,1.39,19.74,0.0,18.8,2,0,0.420605,0,0
17,THURSDAY,COMERCIAL,0.1500,5.01,31.36,0.0,14.3,0,1,0.078471,1,1
17,FRIDAY,COMERCIAL,0.0900,5.61,38.38,0.0,15.7,0,1,0.067093,0,0
17,TUESDAY,RESIDENCIAL,0.0800,0.70,10.19,0.0,16.0,0,1,0.039100,0,0
17,SUNDAY,RESIDENCIAL,0.1500,4.99,69.25,21.8,16.5,3,1,0.833793,0,1
10,THURSDAY,CONDOMINIO,0.1200,2.31,26.74,0.0,20.5,0,0,0.109555,0,0
6,FRIDAY,RESIDENCIAL,0.3100,6.77,134.36,9.8,26.4,0,0,0.335300,0,1
12,SUNDAY,RESIDENCIAL,0.0500,3.58,81.76,0.0,18.3,1,0,0.203031,0,0
13,SUNDAY,RESIDENCIAL,0.2200,4.16,23.43,12.0,23.3,0,1,0.128277,0,0
21,THURSDAY,RESIDENCIAL,0.3100,3.25,22.78,4.1,24.2,0,1,0.228090,0,0
14,FRIDAY,RESIDENCIAL,0.0500,1.55,33.14,0.0,17.8,0,0,0.067692,0,0
0,SUNDAY,CONDOMINIO,0.1100,0.87,17.72,2.7,26.0,0,0,0.186052,0,0
14,SUNDAY,RESIDENCIAL,0.1200,0.95,43.14,0.0,22.8,0,1,0.053774,0,0
9,TUESDAY,RESIDENCIAL,0.1900,0.68,28.89,4.4,26.0,1,0,0.291225,0,0
9,TUESDAY,RESIDENCIAL,0.0600,6.49,64.51,0.0,25.3,0,0,0.080638,0,0
11,THURSDAY,RURAL,0.2800,2.64,50.89,0.0,27.4,1,1,0.398327,0,0
10,TUESDAY,RESIDENCIAL,0.0800,0.78,33.22,2.2,21.9,0,0,0.069745,0,0
16,SUNDAY,COMERCIAL,0.0800,1.21,21.30,0.0,22.8,0,1,0.181154,0,0
7,TUESDAY,RESIDENCIAL,0.2800,6.33,55.42,0.0,35.8,1,0,0.429456,0,0
6,SATURDAY,COMERCIAL,0.1100,3.85,39.67,0.0,28.0,1,1,0.426763,0,1
21,SUNDAY,RESIDENCIAL,0.1200,3.18,27.06,0.9,26.1,0,0,0.165238,0,0
4,THURSDAY,RESIDENCIAL,0.1100,1.65,56.65,9.5,29.3,0,1,0.138399,0,0
9,THURSDAY,RESIDENCIAL,0.0600,1.10,20.95,0.0,26.7,2,1,0.256412,0,0
4,TUESDAY,RESIDENCIAL,0.1100,0.49,12.50,1.5,31.2,0,1,0.086570,0,0
11,TUESDAY,RESIDENCIAL,0.3100,1.66,40.95,0.0,16.4,1,1,0.218112,0,0
17,TUESDAY,COMERCIAL,0.1500,2.82,52.22,0.0,17.0,0,0,0.138164,0,0
13,SATURDAY,RESIDENCIAL,0.0600,4.93,84.16,0.0,25.7,0,1,0.058079,0,0
2,WEDNESDAY,RESIDENCIAL,0.1500,0.78,6.93,0.0,27.6,1,0,0.331639,0,0
12,FRIDAY,CONDOMINIO,0.1100,6.07,78.75,9.5,12.2,0,0,0.210527,0,0
13,WEDNESDAY,CONDOMINIO,0.2500,2.84,61.11,0.0,20.5,0,0,0.236032,0,1
17,FRIDAY,RESIDENCIAL,0.1200,2.17,26.06,0.0,18.5,2,1,0.333697,0,0
19,TUESDAY,RESIDENCIAL,0.1900,2.05,24.03,2.5,13.8,1,1,0.288203,0,1
15,FRIDAY,RESIDENCIAL,0.3100,0.87,29.13,0.0,15.9,0,0,0.160605,0,1
18,SATURDAY,CONDOMINIO,0.1200,2.67,19.46,0.0,23.3,1,1,0.318774,0,0
13,SUNDAY,RESIDENCIAL,0.1900,1.99,46.36,0.0,19.0,0,0,0.111569,0,0
13,FRIDAY,RESIDENCIAL,0.1100,3.32,68.58,0.0,18.3,0,1,0.060843,0,0
14,SATURDAY,RESIDENCIAL,0.3100,1.48,32.63,0.0,14.3,0,1,0.090588,0,0
6,WEDNESDAY,RESIDENCIAL,0.1500,1.08,20.14,11.8,29.8,1,1,0.228740,0,0
12,SUNDAY,CONDOMINIO,0.2800,2.06,54.71,0.0,15.9,0,0,0.215572,0,0
18,MONDAY,COMERCIAL,0.2800,1.55,14.09,0.0,21.3,0,0,0.308127,0,0
8,THURSDAY,RESIDENCIAL,0.0500,8.29,26.14,0.0,24.7,0,0,0.069513,0,0
11,SUNDAY,RURAL,0.2800,3.08,29.29,0.0,23.3,2,1,0.605912,0,1
14,SUNDAY,RESIDENCIAL,0.2500,4.63,51.95,1.3,19.1,1,1,0.243065,0,0
13,SATURDAY,RESIDENCIAL,0.1900,2.57,24.40,0.0,15.1,0,1,0.058627,0,0
16,WEDNESDAY,RESIDENCIAL,0.0600,6.21,79.27,3.1,23.0,1,0,0.281270,0,0
3,TUESDAY,COMERCIAL,0.2500,3.07,20.76,0.0,29.1,0,1,0.181204,0,0
0,SATURDAY,RESIDENCIAL,0.0500,1.63,33.56,4.0,22.9,0,1,0.066794,0,0
12,MONDAY,RESIDENCIAL,0.2200,8.10,37.15,1.9,19.0,3,1,0.749623,0,1
11,MONDAY,RESIDENCIAL,0.2800,4.65,29.73,0.0,20.4,0,0,0.137427,0,0
15,WEDNESDAY,COMERCIAL,0.1100,10.34,72.25,0.0,21.0,1,1,0.251148,0,0
6,MONDAY,RESIDENCIAL,0.2500,1.83,70.47,0.0,29.1,1,1,0.242252,0,0
21,SUNDAY,COMERCIAL,0.2800,1.24,31.38,3.4,27.0,0,1,0.542279,0,1
0,SUNDAY,RESIDENCIAL,0.0900,3.28,40.18,0.0,27.9,0,0,0.125727,0,0
9,WEDNESDAY,COMERCIAL,0.1900,1.97,20.31,4.4,22.6,0,0,0.146852,0,1
15,THURSDAY,RESIDENCIAL,0.1200,4.18,41.43,0.0,17.4,0,0,0.095196,0,0
10,MONDAY,RESIDENCIAL,0.2200,1.76,40.28,0.0,23.8,0,0,0.115181,0,0
12,FRIDAY,CONDOMINIO,0.0600,3.11,25.20,0.0,17.9,0,0,0.106838,0,0
21,MONDAY,RESIDENCIAL,0.0600,1.05,27.36,0.0,30.9,0,1,0.090602,0,0
11,SATURDAY,RESIDENCIAL,0.0900,3.61,100.63,0.0,21.7,1,1,0.134327,0,0
6,TUESDAY,COMERCIAL,0.1900,9.58,139.15,0.0,32.1,0,1,0.160852,0,0
3,MONDAY,RESIDENCIAL,0.2500,3.59,83.32,0.0,31.7,0,1,0.183476,0,0
16,THURSDAY,CONDOMINIO,0.0500,0.27,64.19,0.0,19.2,0,1,0.068978,0,0
10,FRIDAY,COMERCIAL,0.0900,0.55,29.01,0.0,28.5,1,0,0.242282,0,0
12,MONDAY,RESIDENCIAL,0.2500,5.87,67.20,17.2,18.3,0,1,0.206779,1,1
10,SUNDAY,CONDOMINIO,0.1900,1.63,56.54,2.1,24.4,0,1,0.100599,0,0
7,THURSDAY,CONDOMINIO,0.1500,1.30,28.19,0.0,28.6,0,1,0.084498,0,0
7,WEDNESDAY,RESIDENCIAL,0.1500,1.32,34.14,2.3,31.9,0,1,0.066674,0,0
15,FRIDAY,RESIDENCIAL,0.1500,0.47,10.93,0.0,23.8,0,1,0.059049,0,0
12,SATURDAY,COMERCIAL,0.1500,1.53,45.54,0.0,20.0,0,0,0.347604,0,0
20,FRIDAY,CONDOMINIO,0.1200,3.50,44.10,2.3,23.6,0,0,0.272773,1,1
7,SATURDAY,RESIDENCIAL,0.0800,0.66,32.73,0.8,26.4,0,0,0.064853,0,0
20,FRIDAY,RESIDENCIAL,0.1500,11.62,120.67,0.0,25.0,1,1,0.419015,0,1
17,FRIDAY,COMERCIAL,0.0600,4.03,59.93,0.0,21.8,0,0,0.115727,0,0
16,MONDAY,RESIDENCIAL,0.1500,2.73,38.97,0.0,25.2,0,1,0.070971,0,0
11,SUNDAY,RESIDENCIAL,0.0500,8.97,131.66,0.0,23.3,0,1,0.055561,0,0
12,THURSDAY,COMERCIAL,0.0600,2.87,32.19,0.0,17.5,1,0,0.238760,0,0
19,THURSDAY,RESIDENCIAL,0.1900,4.42,80.73,1.4,23.4,0,0,0.263942,0,0
20,SATURDAY,COMERCIAL,0.3100,8.55,60.78,3.2,23.7,1,1,0.834086,0,1
10,SUNDAY,COMERCIAL,0.0500,0.64,22.14,20.6,24.6,0,1,0.283648,0,1
11,TUESDAY,RESIDENCIAL,0.0600,2.50,42.24,0.0,20.7,0,1,0.036808,0,0
14,TUESDAY,RURAL,0.2800,1.34,14.78,0.0,19.9,1,1,0.380040,0,0
8,WEDNESDAY,CONDOMINIO,0.0900,3.09,34.10,0.0,21.8,0,0,0.105236,0,0
17,MONDAY,RESIDENCIAL,0.0500,3.47,81.65,0.0,17.7,2,0,0.454464,0,0
18,TUESDAY,CONDOMINIO,0.1500,2.36,59.54,0.0,18.9,2,1,0.651391,0,1
21,FRIDAY,RURAL,0.1900,4.70,73.51,7.1,24.4,0,1,0.349563,0,1
6,SUNDAY,CONDOMINIO,0.1900,1.26,12.03,2.9,29.1,0,1,0.095532,1,1
6,WEDNESDAY,RESIDENCIAL,0.1500,0.94,18.30,0.0,25.7,1,1,0.137134,0,0
13,THURSDAY,COMERCIAL,0.0600,30.00,250.00,1.7,19.1,0,1,0.240215,0,0
11,THURSDAY,RESIDENCIAL,0.0600,0.50,15.92,0.0,23.5,0,1,0.033446,0,0
9,THURSDAY,RESIDENCIAL,0.0900,1.40,23.78,0.0,25.6,0,1,0.041175,0,0
14,SUNDAY,RESIDENCIAL,0.1200,3.14,55.89,0.0,16.3,1,0,0.224098,0,1
6,WEDNESDAY,RESIDENCIAL,0.1500,0.92,54.18,0.0,26.9,3,1,0.628951,0,0
11,WEDNESDAY,RESIDENCIAL,0.0600,6.03,15.99,0.0,22.3,0,0,0.063015,0,0
21,WEDNESDAY,RESIDENCIAL,0.0500,1.43,46.33,0.0,21.0,0,1,0.078788,0,0
16,SATURDAY,COMERCIAL,0.3100,1.05,24.57,0.0,19.8,1,0,0.733124,0,1
13,WEDNESDAY,RESIDENCIAL,0.0800,7.55,31.48,4.4,21.6,0,0,0.110531,0,0
14,MONDAY,RESIDENCIAL,0.2500,1.50,17.35,0.0,17.1,1,1,0.205691,0,1
16,SATURDAY,RESIDENCIAL,0.1900,4.11,71.34,2.3,15.6,0,0,0.131657,0,0
6,MONDAY,RESIDENCIAL,0.1500,6.49,89.80,0.0,29.2,0,0,0.130727,0,0
15,FRIDAY,RESIDENCIAL,0.0600,1.50,10.99,0.0,18.9,2,0,0.389232,0,1
20,MONDAY,RESIDENCIAL,0.2200,4.23,62.53,11.1,25.8,0,0,0.377863,0,1
14,FRIDAY,RESIDENCIAL,0.0800,4.97,65.02,0.0,16.4,0,1,0.053775,0,0
16,THURSDAY,COMERCIAL,0.3100,11.69,129.18,14.1,16.2,2,1,0.833060,0,1
7,MONDAY,RESIDENCIAL,0.3100,6.26,100.99,0.0,24.3,3,1,0.807906,0,1
6,FRIDAY,RESIDENCIAL,0.2500,2.25,45.52,0.0,26.9,0,1,0.085203,0,0
18,SATURDAY,COMERCIAL,0.3100,3.22,50.82,2.3,17.7,0,0,0.675086,0,1
7,THURSDAY,RESIDENCIAL,0.1100,1.59,23.22,0.0,26.2,0,1,0.045072,0,0
14,TUESDAY,RESIDENCIAL,0.2800,5.05,49.35,5.0,17.1,1,1,0.312308,0,0
13,WEDNESDAY,RESIDENCIAL,0.1200,2.44,37.54,21.8,16.9,0,1,0.131263,0,0
17,SUNDAY,COMERCIAL,0.3100,0.99,7.37,0.0,20.6,2,0,0.886576,0,1
14,TUESDAY,COMERCIAL,0.1900,2.27,25.33,0.0,24.4,0,0,0.161931,0,1
10,SUNDAY,RESIDENCIAL,0.2800,3.68,65.76,10.3,22.0,0,1,0.133373,0,1
17,MONDAY,RESIDENCIAL,0.3100,2.04,53.48,0.0,15.3,2,0,0.659467,0,1
22,FRIDAY,COMERCIAL,0.3100,4.64,55.60,7.2,22.8,1,1,0.551912,0,1
16,TUESDAY,COMERCIAL,0.3100,0.70,33.70,0.5,23.4,1,1,0.350419,0,1
19,SATURDAY,CONDOMINIO,0.1100,1.85,21.68,0.0,16.9,2,0,0.670615,0,1
7,SATURDAY,RESIDENCIAL,0.0900,2.45,52.16,0.0,29.1,2,1,0.301933,0,0
9,SUNDAY,RESIDENCIAL,0.3100,0.30,27.91,0.0,22.0,1,0,0.309842,0,0
10,SUNDAY,RESIDENCIAL,0.0600,7.19,61.64,12.1,20.3,1,0,0.272259,0,0
14,SATURDAY,RESIDENCIAL,0.2800,1.30,41.71,0.0,17.7,0,0,0.144716,0,0
13,THURSDAY,RESIDENCIAL,0.3100,16.26,50.65,0.0,23.0,2,1,0.647735,0,1
7,SUNDAY,RESIDENCIAL,0.0900,0.74,15.05,0.0,29.2,0,1,0.038151,0,1
13,WEDNESDAY,COMERCIAL,0.0800,1.41,14.59,0.0,17.6,0,1,0.055494,0,0
14,SUNDAY,RESIDENCIAL,0.1500,4.23,32.93,0.0,20.7,0,1,0.060170,0,0
15,THURSDAY,CONDOMINIO,0.1500,0.91,13.14,0.0,21.6,1,1,0.223968,0,0
13,FRIDAY,CONDOMINIO,0.0500,12.11,122.30,0.0,12.6,0,0,0.160293,0,1
10,FRIDAY,RESIDENCIAL,0.0600,7.76,57.81,0.0,24.6,0,0,0.079970,0,0
23,WEDNESDAY,COMERCIAL,0.1100,2.57,62.32,3.1,27.4,1,1,0.329826,0,0
15,WEDNESDAY,RESIDENCIAL,0.0900,1.72,49.13,8.8,16.1,0,1,0.070275,0,0
9,SUNDAY,CONDOMINIO,0.1100,4.45,40.84,0.0,25.1,0,1,0.070215,0,0
15,WEDNESDAY,COMERCIAL,0.2200,0.93,35.42,0.0,12.8,0,1,0.091200,0,0
8,THURSDAY,COMERCIAL,0.1100,1.35,39.66,0.0,23.6,0,1,0.060335,0,0
6,WEDNESDAY,RESIDENCIAL,0.0900,0.33,18.77,0.0,27.4,1,1,0.113179,0,0
16,THURSDAY,COMERCIAL,0.1200,1.87,41.86,0.0,16.2,1,1,0.185154,0,0
15,SATURDAY,RESIDENCIAL,0.2500,4.56,33.40,3.1,14.0,0,0,0.143945,0,0
15,MONDAY,CONDOMINIO,0.0500,2.85,34.05,12.4,15.5,1,1,0.254539,0,1
7,FRIDAY,COMERCIAL,0.1900,3.03,43.44,0.0,27.2,2,1,0.475896,0,1
14,WEDNESDAY,CONDOMINIO,0.0800,1.36,16.33,0.0,19.0,0,0,0.109031,0,0
15,FRIDAY,RURAL,0.1900,1.11,40.12,0.0,17.8,0,0,0.206563,0,0
16,WEDNESDAY,COMERCIAL,0.0900,2.36,36.24,0.0,17.9,0,0,0.106401,0,0
6,FRIDAY,RESIDENCIAL,0.0900,2.70,23.28,0.0,26.1,0,1,0.042804,0,0
15,SUNDAY,RESIDENCIAL,0.2500,1.81,38.09,0.0,12.0,2,0,0.546765,0,1
16,TUESDAY,COMERCIAL,0.0900,1.11,63.70,0.0,17.8,0,1,0.069045,0,0
11,SUNDAY,COMERCIAL,0.1500,1.50,19.75,0.0,22.8,0,0,0.283432,0,0
6,MONDAY,RESIDENCIAL,0.0500,5.04,84.73,0.0,34.8,0,1,0.057917,0,0
15,WEDNESDAY,RESIDENCIAL,0.2800,4.35,43.18,0.0,19.2,0,1,0.107693,0,0
17,FRIDAY,RESIDENCIAL,0.2800,1.47,36.05,0.2,18.9,2,1,0.496988,0,0
11,WEDNESDAY,RESIDENCIAL,0.2200,2.54,36.02,6.8,18.2,1,0,0.322475,0,0
15,TUESDAY,RESIDENCIAL,0.0800,2.02,11.27,0.0,17.4,0,1,0.041630,0,0
13,SUNDAY,CONDOMINIO,0.2800,1.33,31.36,0.0,17.6,2,0,0.696501,0,0
1,FRIDAY,COMERCIAL,0.1900,7.48,107.72,0.0,34.2,1,0,0.613460,0,1
12,SUNDAY,COMERCIAL,0.0600,6.20,96.76,0.0,26.4,0,1,0.251626,0,0
16,FRIDAY,COMERCIAL,0.1900,3.08,56.29,4.7,19.4,1,0,0.428410,0,0
16,THURSDAY,COMERCIAL,0.1100,3.55,83.41,0.0,16.9,0,1,0.083202,0,0
17,SATURDAY,RESIDENCIAL,0.2500,5.68,47.76,0.0,15.5,1,0,0.330271,0,1
21,MONDAY,RESIDENCIAL,0.0600,7.04,30.69,3.5,18.7,0,1,0.097111,0,0
20,MONDAY,RESIDENCIAL,0.3100,0.74,18.48,0.0,21.6,3,0,0.910064,0,1
7,MONDAY,CONDOMINIO,0.0800,1.75,33.86,0.0,27.2,2,0,0.523281,0,1
21,MONDAY,RESIDENCIAL,0.1900,1.28,38.78,0.0,22.3,0,1,0.129332,0,0
17,MONDAY,RESIDENCIAL,0.1100,1.50,25.79,0.0,19.7,0,1,0.050915,0,0
12,SATURDAY,RESIDENCIAL,0.2800,0.57,32.82,0.0,20.8,0,1,0.089605,1,1
16,FRIDAY,COMERCIAL,0.2500,1.23,33.95,0.0,22.6,1,1,0.292877,0,0
14,MONDAY,CONDOMINIO,0.2500,0.77,31.29,0.0,22.1,0,1,0.134285,0,0
14,THURSDAY,RURAL,0.2500,3.79,22.79,0.0,17.7,0,1,0.159750,0,0
1,WEDNESDAY,RESIDENCIAL,0.0600,6.15,84.98,0.0,27.3,0,1,0.093610,0,0
