
         /\      Grafana   /‾‾/  
    /\  /  \     |\  __   /  /   
   /  \/    \    | |/ /  /   ‾‾\ 
  /          \   |   (  |  (‾)  |
 / __________ \  |_|\_\  \_____/ 


     execution: local
        script: /home/renan/Documentos/Projects/Omni-Tribo/tools/carga/carga.js
        output: csv (/home/renan/Documentos/Projects/Omni-Tribo/tools/carga/saida/bruto.csv)

     scenarios: (100.00%) 3 scenarios, 250 max VUs, 16m30s max duration (incl. graceful stop):
              * radar: Up to 80.00 iterations/s for 5m0s over 5 stages (maxVUs: 60-250, exec: cenarioRadar, gracefulStop: 30s)
              * transferencias: Up to 20.00 iterations/s for 5m0s over 5 stages (maxVUs: 40-150, exec: cenarioTransferencia, startTime: 5m30s, gracefulStop: 30s)
              * webhookEntregaFalida: Up to 16.00 iterations/s for 5m0s over 5 stages (maxVUs: 40-150, exec: cenarioWebhook, startTime: 11m0s, gracefulStop: 30s)


running (00m01.0s), 000/060 VUs, 0 complete and 0 interrupted iterations
radar                  [   0% ] 000/060 VUs  0m00.1s/5m0s  05.01 iters/s
transferencias       • [   0% ] waiting      5m29.9s      
webhookEntregaFalida • [   0% ] waiting      10m59.9s     

running (00m02.0s), 000/060 VUs, 5 complete and 0 interrupted iterations
radar                  [   0% ] 000/060 VUs  0m01.1s/5m0s  05.09 iters/s
transferencias       • [   0% ] waiting      5m28.9s      
webhookEntregaFalida • [   0% ] waiting      10m58.9s     

running (00m03.0s), 000/060 VUs, 10 complete and 0 interrupted iterations
radar                  [   1% ] 000/060 VUs  0m02.1s/5m0s  05.17 iters/s
transferencias       • [   0% ] waiting      5m27.9s      
webhookEntregaFalida • [   0% ] waiting      10m57.9s     

running (00m04.0s), 000/060 VUs, 15 complete and 0 interrupted iterations
radar                  [   1% ] 000/060 VUs  0m03.1s/5m0s  05.25 iters/s
transferencias       • [   0% ] waiting      5m26.9s      
webhookEntregaFalida • [   0% ] waiting      10m56.9s     

running (00m05.0s), 000/060 VUs, 21 complete and 0 interrupted iterations
radar                  [   1% ] 000/060 VUs  0m04.1s/5m0s  05.35 iters/s
transferencias       • [   0% ] waiting      5m25.9s      
webhookEntregaFalida • [   0% ] waiting      10m55.9s     

running (00m06.0s), 000/060 VUs, 26 complete and 0 interrupted iterations
radar                  [   2% ] 000/060 VUs  0m05.1s/5m0s  05.42 iters/s
transferencias       • [   0% ] waiting      5m24.9s      
webhookEntregaFalida • [   0% ] waiting      10m54.9s     

running (00m07.0s), 001/060 VUs, 31 complete and 0 interrupted iterations
radar                  [   2% ] 001/060 VUs  0m06.1s/5m0s  05.52 iters/s
transferencias       • [   0% ] waiting      5m23.9s      
webhookEntregaFalida • [   0% ] waiting      10m53.9s     

running (00m08.0s), 000/060 VUs, 37 complete and 0 interrupted iterations
radar                  [   2% ] 000/060 VUs  0m07.1s/5m0s  05.59 iters/s
transferencias       • [   0% ] waiting      5m22.9s      
webhookEntregaFalida • [   0% ] waiting      10m52.9s     

running (00m09.0s), 000/060 VUs, 43 complete and 0 interrupted iterations
radar                  [   3% ] 000/060 VUs  0m08.1s/5m0s  05.68 iters/s
transferencias       • [   0% ] waiting      5m21.9s      
webhookEntregaFalida • [   0% ] waiting      10m51.9s     

running (00m10.0s), 000/060 VUs, 48 complete and 0 interrupted iterations
radar                  [   3% ] 000/060 VUs  0m09.1s/5m0s  05.75 iters/s
transferencias       • [   0% ] waiting      5m20.9s      
webhookEntregaFalida • [   0% ] waiting      10m50.9s     

running (00m11.0s), 000/060 VUs, 54 complete and 0 interrupted iterations
radar                  [   3% ] 000/060 VUs  0m10.1s/5m0s  05.84 iters/s
transferencias       • [   0% ] waiting      5m19.9s      
webhookEntregaFalida • [   0% ] waiting      10m49.9s     

running (00m12.0s), 000/060 VUs, 60 complete and 0 interrupted iterations
radar                  [   4% ] 000/060 VUs  0m11.1s/5m0s  05.92 iters/s
transferencias       • [   0% ] waiting      5m18.9s      
webhookEntregaFalida • [   0% ] waiting      10m48.9s     

running (00m13.0s), 000/060 VUs, 66 complete and 0 interrupted iterations
radar                  [   4% ] 000/060 VUs  0m12.1s/5m0s  06.01 iters/s
transferencias       • [   0% ] waiting      5m17.9s      
webhookEntregaFalida • [   0% ] waiting      10m47.9s     

running (00m14.0s), 000/060 VUs, 72 complete and 0 interrupted iterations
radar                  [   4% ] 000/060 VUs  0m13.1s/5m0s  06.09 iters/s
transferencias       • [   0% ] waiting      5m16.9s      
webhookEntregaFalida • [   0% ] waiting      10m46.9s     

running (00m15.0s), 000/060 VUs, 78 complete and 0 interrupted iterations
radar                  [   5% ] 000/060 VUs  0m14.1s/5m0s  06.17 iters/s
transferencias       • [   0% ] waiting      5m15.9s      
webhookEntregaFalida • [   0% ] waiting      10m45.9s     

running (00m16.0s), 000/060 VUs, 84 complete and 0 interrupted iterations
radar                  [   5% ] 000/060 VUs  0m15.1s/5m0s  06.25 iters/s
transferencias       • [   0% ] waiting      5m14.9s      
webhookEntregaFalida • [   0% ] waiting      10m44.9s     

running (00m17.0s), 000/060 VUs, 91 complete and 0 interrupted iterations
radar                  [   5% ] 000/060 VUs  0m16.1s/5m0s  06.34 iters/s
transferencias       • [   0% ] waiting      5m13.9s      
webhookEntregaFalida • [   0% ] waiting      10m43.9s     

running (00m18.0s), 000/060 VUs, 97 complete and 0 interrupted iterations
radar                  [   6% ] 000/060 VUs  0m17.1s/5m0s  06.42 iters/s
transferencias       • [   0% ] waiting      5m12.9s      
webhookEntregaFalida • [   0% ] waiting      10m42.9s     

running (00m19.0s), 000/060 VUs, 104 complete and 0 interrupted iterations
radar                  [   6% ] 000/060 VUs  0m18.1s/5m0s  06.51 iters/s
transferencias       • [   0% ] waiting      5m11.9s      
webhookEntregaFalida • [   0% ] waiting      10m41.9s     

running (00m20.0s), 000/060 VUs, 110 complete and 0 interrupted iterations
radar                  [   6% ] 000/060 VUs  0m19.1s/5m0s  06.59 iters/s
transferencias       • [   0% ] waiting      5m10.9s      
webhookEntregaFalida • [   0% ] waiting      10m40.9s     

running (00m21.0s), 000/060 VUs, 117 complete and 0 interrupted iterations
radar                  [   7% ] 000/060 VUs  0m20.1s/5m0s  06.68 iters/s
transferencias       • [   0% ] waiting      5m09.9s      
webhookEntregaFalida • [   0% ] waiting      10m39.9s     

running (00m22.0s), 001/060 VUs, 123 complete and 0 interrupted iterations
radar                  [   7% ] 001/060 VUs  0m21.1s/5m0s  06.76 iters/s
transferencias       • [   0% ] waiting      5m08.9s      
webhookEntregaFalida • [   0% ] waiting      10m38.9s     

running (00m23.0s), 000/060 VUs, 130 complete and 0 interrupted iterations
radar                  [   7% ] 000/060 VUs  0m22.1s/5m0s  06.84 iters/s
transferencias       • [   0% ] waiting      5m07.9s      
webhookEntregaFalida • [   0% ] waiting      10m37.9s     

running (00m24.0s), 000/060 VUs, 137 complete and 0 interrupted iterations
radar                  [   8% ] 000/060 VUs  0m23.1s/5m0s  06.92 iters/s
transferencias       • [   0% ] waiting      5m06.9s      
webhookEntregaFalida • [   0% ] waiting      10m36.9s     

running (00m25.0s), 000/060 VUs, 144 complete and 0 interrupted iterations
radar                  [   8% ] 000/060 VUs  0m24.1s/5m0s  07.01 iters/s
transferencias       • [   0% ] waiting      5m05.9s      
webhookEntregaFalida • [   0% ] waiting      10m35.9s     

running (00m26.0s), 000/060 VUs, 151 complete and 0 interrupted iterations
radar                  [   8% ] 000/060 VUs  0m25.1s/5m0s  07.09 iters/s
transferencias       • [   0% ] waiting      5m04.9s      
webhookEntregaFalida • [   0% ] waiting      10m34.9s     

running (00m27.0s), 000/060 VUs, 158 complete and 0 interrupted iterations
radar                  [   9% ] 000/060 VUs  0m26.1s/5m0s  07.17 iters/s
transferencias       • [   0% ] waiting      5m03.9s      
webhookEntregaFalida • [   0% ] waiting      10m33.9s     

running (00m28.0s), 000/060 VUs, 166 complete and 0 interrupted iterations
radar                  [   9% ] 000/060 VUs  0m27.1s/5m0s  07.26 iters/s
transferencias       • [   0% ] waiting      5m02.9s      
webhookEntregaFalida • [   0% ] waiting      10m32.9s     

running (00m29.0s), 000/060 VUs, 173 complete and 0 interrupted iterations
radar                  [   9% ] 000/060 VUs  0m28.1s/5m0s  07.34 iters/s
transferencias       • [   0% ] waiting      5m01.9s      
webhookEntregaFalida • [   0% ] waiting      10m31.9s     

running (00m30.0s), 000/060 VUs, 180 complete and 0 interrupted iterations
radar                  [  10% ] 000/060 VUs  0m29.1s/5m0s  07.42 iters/s
transferencias       • [   0% ] waiting      5m00.9s      
webhookEntregaFalida • [   0% ] waiting      10m30.9s     

running (00m31.0s), 000/060 VUs, 188 complete and 0 interrupted iterations
radar                  [  10% ] 000/060 VUs  0m30.1s/5m0s  07.51 iters/s
transferencias       • [   0% ] waiting      4m59.9s      
webhookEntregaFalida • [   0% ] waiting      10m29.9s     

running (00m32.0s), 000/060 VUs, 195 complete and 0 interrupted iterations
radar                  [  10% ] 000/060 VUs  0m31.1s/5m0s  07.59 iters/s
transferencias       • [   0% ] waiting      4m58.9s      
webhookEntregaFalida • [   0% ] waiting      10m28.9s     

running (00m33.0s), 000/060 VUs, 203 complete and 0 interrupted iterations
radar                  [  11% ] 000/060 VUs  0m32.1s/5m0s  07.68 iters/s
transferencias       • [   0% ] waiting      4m57.9s      
webhookEntregaFalida • [   0% ] waiting      10m27.9s     

running (00m34.0s), 000/060 VUs, 211 complete and 0 interrupted iterations
radar                  [  11% ] 000/060 VUs  0m33.1s/5m0s  07.76 iters/s
transferencias       • [   0% ] waiting      4m56.9s      
webhookEntregaFalida • [   0% ] waiting      10m26.9s     

running (00m35.0s), 000/060 VUs, 218 complete and 0 interrupted iterations
radar                  [  11% ] 000/060 VUs  0m34.1s/5m0s  07.84 iters/s
transferencias       • [   0% ] waiting      4m55.9s      
webhookEntregaFalida • [   0% ] waiting      10m25.9s     

running (00m36.0s), 000/060 VUs, 226 complete and 0 interrupted iterations
radar                  [  12% ] 000/060 VUs  0m35.1s/5m0s  07.92 iters/s
transferencias       • [   0% ] waiting      4m54.9s      
webhookEntregaFalida • [   0% ] waiting      10m24.9s     

running (00m37.0s), 000/060 VUs, 234 complete and 0 interrupted iterations
radar                  [  12% ] 000/060 VUs  0m36.1s/5m0s  08.01 iters/s
transferencias       • [   0% ] waiting      4m53.9s      
webhookEntregaFalida • [   0% ] waiting      10m23.9s     

running (00m38.0s), 000/060 VUs, 242 complete and 0 interrupted iterations
radar                  [  12% ] 000/060 VUs  0m37.1s/5m0s  08.09 iters/s
transferencias       • [   0% ] waiting      4m52.9s      
webhookEntregaFalida • [   0% ] waiting      10m22.9s     

running (00m39.0s), 000/060 VUs, 250 complete and 0 interrupted iterations
radar                  [  13% ] 000/060 VUs  0m38.1s/5m0s  08.17 iters/s
transferencias       • [   0% ] waiting      4m51.9s      
webhookEntregaFalida • [   0% ] waiting      10m21.9s     

running (00m40.0s), 000/060 VUs, 259 complete and 0 interrupted iterations
radar                  [  13% ] 000/060 VUs  0m39.1s/5m0s  08.26 iters/s
transferencias       • [   0% ] waiting      4m50.9s      
webhookEntregaFalida • [   0% ] waiting      10m20.9s     

running (00m41.0s), 000/060 VUs, 267 complete and 0 interrupted iterations
radar                  [  13% ] 000/060 VUs  0m40.1s/5m0s  08.34 iters/s
transferencias       • [   0% ] waiting      4m49.9s      
webhookEntregaFalida • [   0% ] waiting      10m19.9s     

running (00m42.0s), 000/060 VUs, 275 complete and 0 interrupted iterations
radar                  [  14% ] 000/060 VUs  0m41.1s/5m0s  08.42 iters/s
transferencias       • [   0% ] waiting      4m48.9s      
webhookEntregaFalida • [   0% ] waiting      10m18.9s     

running (00m43.0s), 000/060 VUs, 284 complete and 0 interrupted iterations
radar                  [  14% ] 000/060 VUs  0m42.1s/5m0s  08.51 iters/s
transferencias       • [   0% ] waiting      4m47.9s      
webhookEntregaFalida • [   0% ] waiting      10m17.9s     

running (00m44.0s), 000/060 VUs, 292 complete and 0 interrupted iterations
radar                  [  14% ] 000/060 VUs  0m43.1s/5m0s  08.59 iters/s
transferencias       • [   0% ] waiting      4m46.9s      
webhookEntregaFalida • [   0% ] waiting      10m16.9s     

running (00m45.0s), 000/060 VUs, 301 complete and 0 interrupted iterations
radar                  [  15% ] 000/060 VUs  0m44.1s/5m0s  08.67 iters/s
transferencias       • [   0% ] waiting      4m45.9s      
webhookEntregaFalida • [   0% ] waiting      10m15.9s     

running (00m46.0s), 000/060 VUs, 310 complete and 0 interrupted iterations
radar                  [  15% ] 000/060 VUs  0m45.1s/5m0s  08.76 iters/s
transferencias       • [   0% ] waiting      4m44.9s      
webhookEntregaFalida • [   0% ] waiting      10m14.9s     

running (00m47.0s), 001/060 VUs, 318 complete and 0 interrupted iterations
radar                  [  15% ] 001/060 VUs  0m46.1s/5m0s  08.85 iters/s
transferencias       • [   0% ] waiting      4m43.9s      
webhookEntregaFalida • [   0% ] waiting      10m13.9s     

running (00m48.0s), 000/060 VUs, 327 complete and 0 interrupted iterations
radar                  [  16% ] 000/060 VUs  0m47.1s/5m0s  08.92 iters/s
transferencias       • [   0% ] waiting      4m42.9s      
webhookEntregaFalida • [   0% ] waiting      10m12.9s     

running (00m49.0s), 000/060 VUs, 336 complete and 0 interrupted iterations
radar                  [  16% ] 000/060 VUs  0m48.1s/5m0s  09.00 iters/s
transferencias       • [   0% ] waiting      4m41.9s      
webhookEntregaFalida • [   0% ] waiting      10m11.9s     

running (00m50.0s), 000/060 VUs, 345 complete and 0 interrupted iterations
radar                  [  16% ] 000/060 VUs  0m49.1s/5m0s  09.09 iters/s
transferencias       • [   0% ] waiting      4m40.9s      
webhookEntregaFalida • [   0% ] waiting      10m10.9s     

running (00m51.0s), 001/060 VUs, 354 complete and 0 interrupted iterations
radar                  [  17% ] 001/060 VUs  0m50.1s/5m0s  09.18 iters/s
transferencias       • [   0% ] waiting      4m39.9s      
webhookEntregaFalida • [   0% ] waiting      10m09.9s     

running (00m52.0s), 000/060 VUs, 364 complete and 0 interrupted iterations
radar                  [  17% ] 000/060 VUs  0m51.1s/5m0s  09.26 iters/s
transferencias       • [   0% ] waiting      4m38.9s      
webhookEntregaFalida • [   0% ] waiting      10m08.9s     

running (00m53.0s), 000/060 VUs, 373 complete and 0 interrupted iterations
radar                  [  17% ] 000/060 VUs  0m52.1s/5m0s  09.34 iters/s
transferencias       • [   0% ] waiting      4m37.9s      
webhookEntregaFalida • [   0% ] waiting      10m07.9s     

running (00m54.0s), 000/060 VUs, 382 complete and 0 interrupted iterations
radar                  [  18% ] 000/060 VUs  0m53.1s/5m0s  09.42 iters/s
transferencias       • [   0% ] waiting      4m36.9s      
webhookEntregaFalida • [   0% ] waiting      10m06.9s     

running (00m55.0s), 000/060 VUs, 392 complete and 0 interrupted iterations
radar                  [  18% ] 000/060 VUs  0m54.1s/5m0s  09.51 iters/s
transferencias       • [   0% ] waiting      4m35.9s      
webhookEntregaFalida • [   0% ] waiting      10m05.9s     

running (00m56.0s), 000/060 VUs, 401 complete and 0 interrupted iterations
radar                  [  18% ] 000/060 VUs  0m55.1s/5m0s  09.59 iters/s
transferencias       • [   0% ] waiting      4m34.9s      
webhookEntregaFalida • [   0% ] waiting      10m04.9s     

running (00m57.0s), 000/060 VUs, 411 complete and 0 interrupted iterations
radar                  [  19% ] 000/060 VUs  0m56.1s/5m0s  09.67 iters/s
transferencias       • [   0% ] waiting      4m33.9s      
webhookEntregaFalida • [   0% ] waiting      10m03.9s     

running (00m58.0s), 000/060 VUs, 421 complete and 0 interrupted iterations
radar                  [  19% ] 000/060 VUs  0m57.1s/5m0s  09.76 iters/s
transferencias       • [   0% ] waiting      4m32.9s      
webhookEntregaFalida • [   0% ] waiting      10m02.9s     

running (00m59.0s), 000/060 VUs, 431 complete and 0 interrupted iterations
radar                  [  19% ] 000/060 VUs  0m58.1s/5m0s  09.84 iters/s
transferencias       • [   0% ] waiting      4m31.9s      
webhookEntregaFalida • [   0% ] waiting      10m01.9s     

running (01m00.0s), 001/060 VUs, 440 complete and 0 interrupted iterations
radar                  [  20% ] 001/060 VUs  0m59.1s/5m0s  09.93 iters/s
transferencias       • [   0% ] waiting      4m30.9s      
webhookEntregaFalida • [   0% ] waiting      10m00.9s     

running (01m01.0s), 000/060 VUs, 450 complete and 0 interrupted iterations
radar                  [  20% ] 000/060 VUs  1m00.1s/5m0s  10.02 iters/s
transferencias       • [   0% ] waiting      4m29.9s      
webhookEntregaFalida • [   0% ] waiting      09m59.9s     

running (01m02.0s), 001/060 VUs, 460 complete and 0 interrupted iterations
radar                  [  20% ] 001/060 VUs  1m01.1s/5m0s  10.19 iters/s
transferencias       • [   0% ] waiting      4m28.9s      
webhookEntregaFalida • [   0% ] waiting      09m58.9s     

running (01m03.0s), 000/060 VUs, 471 complete and 0 interrupted iterations
radar                  [  21% ] 000/060 VUs  1m02.1s/5m0s  10.35 iters/s
transferencias       • [   0% ] waiting      4m27.9s      
webhookEntregaFalida • [   0% ] waiting      09m57.9s     

running (01m04.0s), 000/060 VUs, 481 complete and 0 interrupted iterations
radar                  [  21% ] 000/060 VUs  1m03.1s/5m0s  10.51 iters/s
transferencias       • [   0% ] waiting      4m26.9s      
webhookEntregaFalida • [   0% ] waiting      09m56.9s     

running (01m05.0s), 000/060 VUs, 492 complete and 0 interrupted iterations
radar                  [  21% ] 000/060 VUs  1m04.1s/5m0s  10.68 iters/s
transferencias       • [   0% ] waiting      4m25.9s      
webhookEntregaFalida • [   0% ] waiting      09m55.9s     

running (01m06.0s), 000/060 VUs, 503 complete and 0 interrupted iterations
radar                  [  22% ] 000/060 VUs  1m05.1s/5m0s  10.86 iters/s
transferencias       • [   0% ] waiting      4m24.9s      
webhookEntregaFalida • [   0% ] waiting      09m54.9s     

running (01m07.0s), 001/060 VUs, 513 complete and 0 interrupted iterations
radar                  [  22% ] 001/060 VUs  1m06.1s/5m0s  11.02 iters/s
transferencias       • [   0% ] waiting      4m23.9s      
webhookEntregaFalida • [   0% ] waiting      09m53.9s     

running (01m08.0s), 000/060 VUs, 525 complete and 0 interrupted iterations
radar                  [  22% ] 000/060 VUs  1m07.1s/5m0s  11.19 iters/s
transferencias       • [   0% ] waiting      4m22.9s      
webhookEntregaFalida • [   0% ] waiting      09m52.9s     

running (01m09.0s), 000/060 VUs, 536 complete and 0 interrupted iterations
radar                  [  23% ] 000/060 VUs  1m08.1s/5m0s  11.35 iters/s
transferencias       • [   0% ] waiting      4m21.9s      
webhookEntregaFalida • [   0% ] waiting      09m51.9s     

running (01m10.0s), 000/060 VUs, 547 complete and 0 interrupted iterations
radar                  [  23% ] 000/060 VUs  1m09.1s/5m0s  11.51 iters/s
transferencias       • [   0% ] waiting      4m20.9s      
webhookEntregaFalida • [   0% ] waiting      09m50.9s     

running (01m11.0s), 000/060 VUs, 559 complete and 0 interrupted iterations
radar                  [  23% ] 000/060 VUs  1m10.1s/5m0s  11.68 iters/s
transferencias       • [   0% ] waiting      4m19.9s      
webhookEntregaFalida • [   0% ] waiting      09m49.9s     

running (01m12.0s), 000/060 VUs, 571 complete and 0 interrupted iterations
radar                  [  24% ] 000/060 VUs  1m11.1s/5m0s  11.85 iters/s
transferencias       • [   0% ] waiting      4m18.9s      
webhookEntregaFalida • [   0% ] waiting      09m48.9s     

running (01m13.0s), 000/060 VUs, 583 complete and 0 interrupted iterations
radar                  [  24% ] 000/060 VUs  1m12.1s/5m0s  12.02 iters/s
transferencias       • [   0% ] waiting      4m17.9s      
webhookEntregaFalida • [   0% ] waiting      09m47.9s     

running (01m14.0s), 000/060 VUs, 595 complete and 0 interrupted iterations
radar                  [  24% ] 000/060 VUs  1m13.1s/5m0s  12.19 iters/s
transferencias       • [   0% ] waiting      4m16.9s      
webhookEntregaFalida • [   0% ] waiting      09m46.9s     

running (01m15.0s), 000/060 VUs, 607 complete and 0 interrupted iterations
radar                  [  25% ] 000/060 VUs  1m14.1s/5m0s  12.35 iters/s
transferencias       • [   0% ] waiting      4m15.9s      
webhookEntregaFalida • [   0% ] waiting      09m45.9s     

running (01m16.0s), 001/060 VUs, 619 complete and 0 interrupted iterations
radar                  [  25% ] 001/060 VUs  1m15.1s/5m0s  12.52 iters/s
transferencias       • [   0% ] waiting      4m14.9s      
webhookEntregaFalida • [   0% ] waiting      09m44.9s     

running (01m17.0s), 000/060 VUs, 632 complete and 0 interrupted iterations
radar                  [  25% ] 000/060 VUs  1m16.1s/5m0s  12.68 iters/s
transferencias       • [   0% ] waiting      4m13.9s      
webhookEntregaFalida • [   0% ] waiting      09m43.9s     

running (01m18.0s), 000/060 VUs, 645 complete and 0 interrupted iterations
radar                  [  26% ] 000/060 VUs  1m17.1s/5m0s  12.85 iters/s
transferencias       • [   0% ] waiting      4m12.9s      
webhookEntregaFalida • [   0% ] waiting      09m42.9s     

running (01m19.0s), 000/060 VUs, 658 complete and 0 interrupted iterations
radar                  [  26% ] 000/060 VUs  1m18.1s/5m0s  13.02 iters/s
transferencias       • [   0% ] waiting      4m11.9s      
webhookEntregaFalida • [   0% ] waiting      09m41.9s     

running (01m20.0s), 000/060 VUs, 671 complete and 0 interrupted iterations
radar                  [  26% ] 000/060 VUs  1m19.1s/5m0s  13.18 iters/s
transferencias       • [   0% ] waiting      4m10.9s      
webhookEntregaFalida • [   0% ] waiting      09m40.9s     

running (01m21.0s), 000/060 VUs, 684 complete and 0 interrupted iterations
radar                  [  27% ] 000/060 VUs  1m20.1s/5m0s  13.35 iters/s
transferencias       • [   0% ] waiting      4m09.9s      
webhookEntregaFalida • [   0% ] waiting      09m39.9s     

running (01m22.0s), 001/060 VUs, 697 complete and 0 interrupted iterations
radar                  [  27% ] 001/060 VUs  1m21.1s/5m0s  13.52 iters/s
transferencias       • [   0% ] waiting      4m08.9s      
webhookEntregaFalida • [   0% ] waiting      09m38.9s     

running (01m23.0s), 000/060 VUs, 711 complete and 0 interrupted iterations
radar                  [  27% ] 000/060 VUs  1m22.1s/5m0s  13.68 iters/s
transferencias       • [   0% ] waiting      4m07.9s      
webhookEntregaFalida • [   0% ] waiting      09m37.9s     

running (01m24.0s), 000/060 VUs, 725 complete and 0 interrupted iterations
radar                  [  28% ] 000/060 VUs  1m23.1s/5m0s  13.85 iters/s
transferencias       • [   0% ] waiting      4m06.9s      
webhookEntregaFalida • [   0% ] waiting      09m36.9s     

running (01m25.0s), 000/060 VUs, 739 complete and 0 interrupted iterations
radar                  [  28% ] 000/060 VUs  1m24.1s/5m0s  14.02 iters/s
transferencias       • [   0% ] waiting      4m05.9s      
webhookEntregaFalida • [   0% ] waiting      09m35.9s     

running (01m26.0s), 000/060 VUs, 753 complete and 0 interrupted iterations
radar                  [  28% ] 000/060 VUs  1m25.1s/5m0s  14.18 iters/s
transferencias       • [   0% ] waiting      4m04.9s      
webhookEntregaFalida • [   0% ] waiting      09m34.9s     

running (01m27.0s), 000/060 VUs, 767 complete and 0 interrupted iterations
radar                  [  29% ] 000/060 VUs  1m26.1s/5m0s  14.35 iters/s
transferencias       • [   0% ] waiting      4m03.9s      
webhookEntregaFalida • [   0% ] waiting      09m33.9s     

running (01m28.0s), 000/060 VUs, 782 complete and 0 interrupted iterations
radar                  [  29% ] 000/060 VUs  1m27.1s/5m0s  14.52 iters/s
transferencias       • [   0% ] waiting      4m02.9s      
webhookEntregaFalida • [   0% ] waiting      09m32.9s     

running (01m29.0s), 000/060 VUs, 796 complete and 0 interrupted iterations
radar                  [  29% ] 000/060 VUs  1m28.1s/5m0s  14.68 iters/s
transferencias       • [   0% ] waiting      4m01.9s      
webhookEntregaFalida • [   0% ] waiting      09m31.9s     

running (01m30.0s), 000/060 VUs, 811 complete and 0 interrupted iterations
radar                  [  30% ] 000/060 VUs  1m29.1s/5m0s  14.85 iters/s
transferencias       • [   0% ] waiting      4m00.9s      
webhookEntregaFalida • [   0% ] waiting      09m30.9s     

running (01m31.0s), 000/060 VUs, 826 complete and 0 interrupted iterations
radar                  [  30% ] 000/060 VUs  1m30.1s/5m0s  15.02 iters/s
transferencias       • [   0% ] waiting      3m59.9s      
webhookEntregaFalida • [   0% ] waiting      09m29.9s     

running (01m32.0s), 000/060 VUs, 841 complete and 0 interrupted iterations
radar                  [  30% ] 000/060 VUs  1m31.1s/5m0s  15.18 iters/s
transferencias       • [   0% ] waiting      3m58.9s      
webhookEntregaFalida • [   0% ] waiting      09m28.9s     

running (01m33.0s), 000/060 VUs, 856 complete and 0 interrupted iterations
radar                  [  31% ] 000/060 VUs  1m32.1s/5m0s  15.35 iters/s
transferencias       • [   0% ] waiting      3m57.9s      
webhookEntregaFalida • [   0% ] waiting      09m27.9s     

running (01m34.0s), 000/060 VUs, 872 complete and 0 interrupted iterations
radar                  [  31% ] 000/060 VUs  1m33.1s/5m0s  15.52 iters/s
transferencias       • [   0% ] waiting      3m56.9s      
webhookEntregaFalida • [   0% ] waiting      09m26.9s     

running (01m35.0s), 000/060 VUs, 887 complete and 0 interrupted iterations
radar                  [  31% ] 000/060 VUs  1m34.1s/5m0s  15.68 iters/s
transferencias       • [   0% ] waiting      3m55.9s      
webhookEntregaFalida • [   0% ] waiting      09m25.9s     

running (01m36.0s), 000/060 VUs, 903 complete and 0 interrupted iterations
radar                  [  32% ] 000/060 VUs  1m35.1s/5m0s  15.85 iters/s
transferencias       • [   0% ] waiting      3m54.9s      
webhookEntregaFalida • [   0% ] waiting      09m24.9s     

running (01m37.0s), 000/060 VUs, 919 complete and 0 interrupted iterations
radar                  [  32% ] 000/060 VUs  1m36.1s/5m0s  16.02 iters/s
transferencias       • [   0% ] waiting      3m53.9s      
webhookEntregaFalida • [   0% ] waiting      09m23.9s     

running (01m38.0s), 000/060 VUs, 935 complete and 0 interrupted iterations
radar                  [  32% ] 000/060 VUs  1m37.1s/5m0s  16.18 iters/s
transferencias       • [   0% ] waiting      3m52.9s      
webhookEntregaFalida • [   0% ] waiting      09m22.9s     

running (01m39.0s), 000/060 VUs, 951 complete and 0 interrupted iterations
radar                  [  33% ] 000/060 VUs  1m38.1s/5m0s  16.35 iters/s
transferencias       • [   0% ] waiting      3m51.9s      
webhookEntregaFalida • [   0% ] waiting      09m21.9s     

running (01m40.0s), 000/060 VUs, 968 complete and 0 interrupted iterations
radar                  [  33% ] 000/060 VUs  1m39.1s/5m0s  16.52 iters/s
transferencias       • [   0% ] waiting      3m50.9s      
webhookEntregaFalida • [   0% ] waiting      09m20.9s     

running (01m41.0s), 000/060 VUs, 984 complete and 0 interrupted iterations
radar                  [  33% ] 000/060 VUs  1m40.1s/5m0s  16.68 iters/s
transferencias       • [   0% ] waiting      3m49.9s      
webhookEntregaFalida • [   0% ] waiting      09m19.9s     

running (01m42.0s), 000/060 VUs, 1001 complete and 0 interrupted iterations
radar                  [  34% ] 000/060 VUs  1m41.1s/5m0s  16.85 iters/s
transferencias       • [   0% ] waiting      3m48.9s      
webhookEntregaFalida • [   0% ] waiting      09m18.9s     

running (01m43.0s), 000/060 VUs, 1018 complete and 0 interrupted iterations
radar                  [  34% ] 000/060 VUs  1m42.1s/5m0s  17.01 iters/s
transferencias       • [   0% ] waiting      3m47.9s      
webhookEntregaFalida • [   0% ] waiting      09m17.9s     

running (01m44.0s), 000/060 VUs, 1035 complete and 0 interrupted iterations
radar                  [  34% ] 000/060 VUs  1m43.1s/5m0s  17.18 iters/s
transferencias       • [   0% ] waiting      3m46.9s      
webhookEntregaFalida • [   0% ] waiting      09m16.9s     

running (01m45.0s), 000/060 VUs, 1053 complete and 0 interrupted iterations
radar                  [  35% ] 000/060 VUs  1m44.1s/5m0s  17.35 iters/s
transferencias       • [   0% ] waiting      3m45.9s      
webhookEntregaFalida • [   0% ] waiting      09m15.9s     

running (01m46.0s), 000/060 VUs, 1070 complete and 0 interrupted iterations
radar                  [  35% ] 000/060 VUs  1m45.1s/5m0s  17.52 iters/s
transferencias       • [   0% ] waiting      3m44.9s      
webhookEntregaFalida • [   0% ] waiting      09m14.9s     

running (01m47.0s), 000/060 VUs, 1088 complete and 0 interrupted iterations
radar                  [  35% ] 000/060 VUs  1m46.1s/5m0s  17.69 iters/s
transferencias       • [   0% ] waiting      3m43.9s      
webhookEntregaFalida • [   0% ] waiting      09m13.9s     

running (01m48.0s), 000/060 VUs, 1105 complete and 0 interrupted iterations
radar                  [  36% ] 000/060 VUs  1m47.1s/5m0s  17.85 iters/s
transferencias       • [   0% ] waiting      3m42.9s      
webhookEntregaFalida • [   0% ] waiting      09m12.9s     

running (01m49.0s), 000/060 VUs, 1123 complete and 0 interrupted iterations
radar                  [  36% ] 000/060 VUs  1m48.1s/5m0s  18.01 iters/s
transferencias       • [   0% ] waiting      3m41.9s      
webhookEntregaFalida • [   0% ] waiting      09m11.9s     

running (01m50.0s), 000/060 VUs, 1141 complete and 0 interrupted iterations
radar                  [  36% ] 000/060 VUs  1m49.1s/5m0s  18.18 iters/s
transferencias       • [   0% ] waiting      3m40.9s      
webhookEntregaFalida • [   0% ] waiting      09m10.9s     

running (01m51.0s), 000/060 VUs, 1160 complete and 0 interrupted iterations
radar                  [  37% ] 000/060 VUs  1m50.1s/5m0s  18.35 iters/s
transferencias       • [   0% ] waiting      3m39.9s      
webhookEntregaFalida • [   0% ] waiting      09m09.9s     

running (01m52.0s), 000/060 VUs, 1178 complete and 0 interrupted iterations
radar                  [  37% ] 000/060 VUs  1m51.1s/5m0s  18.52 iters/s
transferencias       • [   0% ] waiting      3m38.9s      
webhookEntregaFalida • [   0% ] waiting      09m08.9s     

running (01m53.0s), 000/060 VUs, 1197 complete and 0 interrupted iterations
radar                  [  37% ] 000/060 VUs  1m52.1s/5m0s  18.69 iters/s
transferencias       • [   0% ] waiting      3m37.9s      
webhookEntregaFalida • [   0% ] waiting      09m07.9s     

running (01m54.0s), 000/060 VUs, 1215 complete and 0 interrupted iterations
radar                  [  38% ] 000/060 VUs  1m53.1s/5m0s  18.85 iters/s
transferencias       • [   0% ] waiting      3m36.9s      
webhookEntregaFalida • [   0% ] waiting      09m06.9s     

running (01m55.0s), 000/060 VUs, 1234 complete and 0 interrupted iterations
radar                  [  38% ] 000/060 VUs  1m54.1s/5m0s  19.01 iters/s
transferencias       • [   0% ] waiting      3m35.9s      
webhookEntregaFalida • [   0% ] waiting      09m05.9s     

running (01m56.0s), 000/060 VUs, 1253 complete and 0 interrupted iterations
radar                  [  38% ] 000/060 VUs  1m55.1s/5m0s  19.18 iters/s
transferencias       • [   0% ] waiting      3m34.9s      
webhookEntregaFalida • [   0% ] waiting      09m04.9s     

running (01m57.0s), 000/060 VUs, 1273 complete and 0 interrupted iterations
radar                  [  39% ] 000/060 VUs  1m56.1s/5m0s  19.35 iters/s
transferencias       • [   0% ] waiting      3m33.9s      
webhookEntregaFalida • [   0% ] waiting      09m03.9s     

running (01m58.0s), 000/060 VUs, 1292 complete and 0 interrupted iterations
radar                  [  39% ] 000/060 VUs  1m57.1s/5m0s  19.51 iters/s
transferencias       • [   0% ] waiting      3m32.9s      
webhookEntregaFalida • [   0% ] waiting      09m02.9s     

running (01m59.0s), 000/060 VUs, 1312 complete and 0 interrupted iterations
radar                  [  39% ] 000/060 VUs  1m58.1s/5m0s  19.69 iters/s
transferencias       • [   0% ] waiting      3m31.9s      
webhookEntregaFalida • [   0% ] waiting      09m01.9s     

running (02m00.0s), 001/060 VUs, 1331 complete and 0 interrupted iterations
radar                  [  40% ] 001/060 VUs  1m59.1s/5m0s  19.85 iters/s
transferencias       • [   0% ] waiting      3m30.9s      
webhookEntregaFalida • [   0% ] waiting      09m00.9s     

running (02m01.0s), 001/060 VUs, 1351 complete and 0 interrupted iterations
radar                  [  40% ] 001/060 VUs  2m00.1s/5m0s  20.04 iters/s
transferencias       • [   0% ] waiting      3m29.9s      
webhookEntregaFalida • [   0% ] waiting      08m59.9s     

running (02m02.0s), 000/060 VUs, 1372 complete and 0 interrupted iterations
radar                  [  40% ] 000/060 VUs  2m01.1s/5m0s  20.37 iters/s
transferencias       • [   0% ] waiting      3m28.9s      
webhookEntregaFalida • [   0% ] waiting      08m58.9s     

running (02m03.0s), 000/060 VUs, 1392 complete and 0 interrupted iterations
radar                  [  41% ] 000/060 VUs  2m02.1s/5m0s  20.70 iters/s
transferencias       • [   0% ] waiting      3m27.9s      
webhookEntregaFalida • [   0% ] waiting      08m57.9s     

running (02m04.0s), 000/060 VUs, 1413 complete and 0 interrupted iterations
radar                  [  41% ] 000/060 VUs  2m03.1s/5m0s  21.03 iters/s
transferencias       • [   0% ] waiting      3m26.9s      
webhookEntregaFalida • [   0% ] waiting      08m56.9s     

running (02m05.0s), 000/060 VUs, 1434 complete and 0 interrupted iterations
radar                  [  41% ] 000/060 VUs  2m04.1s/5m0s  21.36 iters/s
transferencias       • [   0% ] waiting      3m25.9s      
webhookEntregaFalida • [   0% ] waiting      08m55.9s     

running (02m06.0s), 000/060 VUs, 1456 complete and 0 interrupted iterations
radar                  [  42% ] 000/060 VUs  2m05.1s/5m0s  21.70 iters/s
transferencias       • [   0% ] waiting      3m24.9s      
webhookEntregaFalida • [   0% ] waiting      08m54.9s     

running (02m07.0s), 000/060 VUs, 1478 complete and 0 interrupted iterations
radar                  [  42% ] 000/060 VUs  2m06.1s/5m0s  22.04 iters/s
transferencias       • [   0% ] waiting      3m23.9s      
webhookEntregaFalida • [   0% ] waiting      08m53.9s     

running (02m08.0s), 000/060 VUs, 1500 complete and 0 interrupted iterations
radar                  [  42% ] 000/060 VUs  2m07.1s/5m0s  22.37 iters/s
transferencias       • [   0% ] waiting      3m22.9s      
webhookEntregaFalida • [   0% ] waiting      08m52.9s     

running (02m09.0s), 000/060 VUs, 1522 complete and 0 interrupted iterations
radar                  [  43% ] 000/060 VUs  2m08.1s/5m0s  22.69 iters/s
transferencias       • [   0% ] waiting      3m21.9s      
webhookEntregaFalida • [   0% ] waiting      08m51.9s     

running (02m10.0s), 000/060 VUs, 1545 complete and 0 interrupted iterations
radar                  [  43% ] 000/060 VUs  2m09.1s/5m0s  23.03 iters/s
transferencias       • [   0% ] waiting      3m20.9s      
webhookEntregaFalida • [   0% ] waiting      08m50.9s     

running (02m11.0s), 000/060 VUs, 1568 complete and 0 interrupted iterations
radar                  [  43% ] 000/060 VUs  2m10.1s/5m0s  23.36 iters/s
transferencias       • [   0% ] waiting      3m19.9s      
webhookEntregaFalida • [   0% ] waiting      08m49.9s     

running (02m12.0s), 000/060 VUs, 1592 complete and 0 interrupted iterations
radar                  [  44% ] 000/060 VUs  2m11.1s/5m0s  23.70 iters/s
transferencias       • [   0% ] waiting      3m18.9s      
webhookEntregaFalida • [   0% ] waiting      08m48.9s     

running (02m13.0s), 000/060 VUs, 1616 complete and 0 interrupted iterations
radar                  [  44% ] 000/060 VUs  2m12.1s/5m0s  24.03 iters/s
transferencias       • [   0% ] waiting      3m17.9s      
webhookEntregaFalida • [   0% ] waiting      08m47.9s     

running (02m14.0s), 000/060 VUs, 1640 complete and 0 interrupted iterations
radar                  [  44% ] 000/060 VUs  2m13.1s/5m0s  24.37 iters/s
transferencias       • [   0% ] waiting      3m16.9s      
webhookEntregaFalida • [   0% ] waiting      08m46.9s     

running (02m15.0s), 000/060 VUs, 1665 complete and 0 interrupted iterations
radar                  [  45% ] 000/060 VUs  2m14.1s/5m0s  24.70 iters/s
transferencias       • [   0% ] waiting      3m15.9s      
webhookEntregaFalida • [   0% ] waiting      08m45.9s     

running (02m16.0s), 001/060 VUs, 1689 complete and 0 interrupted iterations
radar                  [  45% ] 001/060 VUs  2m15.1s/5m0s  25.04 iters/s
transferencias       • [   0% ] waiting      3m14.9s      
webhookEntregaFalida • [   0% ] waiting      08m44.9s     

running (02m17.0s), 000/060 VUs, 1715 complete and 0 interrupted iterations
radar                  [  45% ] 000/060 VUs  2m16.1s/5m0s  25.37 iters/s
transferencias       • [   0% ] waiting      3m13.9s      
webhookEntregaFalida • [   0% ] waiting      08m43.9s     

running (02m18.0s), 000/060 VUs, 1740 complete and 0 interrupted iterations
radar                  [  46% ] 000/060 VUs  2m17.1s/5m0s  25.70 iters/s
transferencias       • [   0% ] waiting      3m12.9s      
webhookEntregaFalida • [   0% ] waiting      08m42.9s     

running (02m19.0s), 000/060 VUs, 1766 complete and 0 interrupted iterations
radar                  [  46% ] 000/060 VUs  2m18.1s/5m0s  26.03 iters/s
transferencias       • [   0% ] waiting      3m11.9s      
webhookEntregaFalida • [   0% ] waiting      08m41.9s     

running (02m20.0s), 000/060 VUs, 1792 complete and 0 interrupted iterations
radar                  [  46% ] 000/060 VUs  2m19.1s/5m0s  26.36 iters/s
transferencias       • [   0% ] waiting      3m10.9s      
webhookEntregaFalida • [   0% ] waiting      08m40.9s     

running (02m21.0s), 000/060 VUs, 1819 complete and 0 interrupted iterations
radar                  [  47% ] 000/060 VUs  2m20.1s/5m0s  26.70 iters/s
transferencias       • [   0% ] waiting      3m09.9s      
webhookEntregaFalida • [   0% ] waiting      08m39.9s     

running (02m22.0s), 000/060 VUs, 1846 complete and 0 interrupted iterations
radar                  [  47% ] 000/060 VUs  2m21.1s/5m0s  27.04 iters/s
transferencias       • [   0% ] waiting      3m08.9s      
webhookEntregaFalida • [   0% ] waiting      08m38.9s     

running (02m23.0s), 000/060 VUs, 1873 complete and 0 interrupted iterations
radar                  [  47% ] 000/060 VUs  2m22.1s/5m0s  27.37 iters/s
transferencias       • [   0% ] waiting      3m07.9s      
webhookEntregaFalida • [   0% ] waiting      08m37.9s     

running (02m24.0s), 000/060 VUs, 1900 complete and 0 interrupted iterations
radar                  [  48% ] 000/060 VUs  2m23.1s/5m0s  27.69 iters/s
transferencias       • [   0% ] waiting      3m06.9s      
webhookEntregaFalida • [   0% ] waiting      08m36.9s     

running (02m25.0s), 000/060 VUs, 1928 complete and 0 interrupted iterations
radar                  [  48% ] 000/060 VUs  2m24.1s/5m0s  28.03 iters/s
transferencias       • [   0% ] waiting      3m05.9s      
webhookEntregaFalida • [   0% ] waiting      08m35.9s     

running (02m26.0s), 000/060 VUs, 1956 complete and 0 interrupted iterations
radar                  [  48% ] 000/060 VUs  2m25.1s/5m0s  28.36 iters/s
transferencias       • [   0% ] waiting      3m04.9s      
webhookEntregaFalida • [   0% ] waiting      08m34.9s     

running (02m27.0s), 000/060 VUs, 1985 complete and 0 interrupted iterations
radar                  [  49% ] 000/060 VUs  2m26.1s/5m0s  28.70 iters/s
transferencias       • [   0% ] waiting      3m03.9s      
webhookEntregaFalida • [   0% ] waiting      08m33.9s     

running (02m28.0s), 000/060 VUs, 2014 complete and 0 interrupted iterations
radar                  [  49% ] 000/060 VUs  2m27.1s/5m0s  29.03 iters/s
transferencias       • [   0% ] waiting      3m02.9s      
webhookEntregaFalida • [   0% ] waiting      08m32.9s     

running (02m29.0s), 000/060 VUs, 2043 complete and 0 interrupted iterations
radar                  [  49% ] 000/060 VUs  2m28.1s/5m0s  29.37 iters/s
transferencias       • [   0% ] waiting      3m01.9s      
webhookEntregaFalida • [   0% ] waiting      08m31.9s     

running (02m30.0s), 000/060 VUs, 2073 complete and 0 interrupted iterations
radar                  [  50% ] 000/060 VUs  2m29.1s/5m0s  29.70 iters/s
transferencias       • [   0% ] waiting      3m00.9s      
webhookEntregaFalida • [   0% ] waiting      08m30.9s     

running (02m31.0s), 000/060 VUs, 2102 complete and 0 interrupted iterations
radar                  [  50% ] 000/060 VUs  2m30.1s/5m0s  30.03 iters/s
transferencias       • [   0% ] waiting      2m59.9s      
webhookEntregaFalida • [   0% ] waiting      08m29.9s     

running (02m32.0s), 000/060 VUs, 2133 complete and 0 interrupted iterations
radar                  [  50% ] 000/060 VUs  2m31.1s/5m0s  30.37 iters/s
transferencias       • [   0% ] waiting      2m58.9s      
webhookEntregaFalida • [   0% ] waiting      08m28.9s     

running (02m33.0s), 000/060 VUs, 2163 complete and 0 interrupted iterations
radar                  [  51% ] 000/060 VUs  2m32.1s/5m0s  30.70 iters/s
transferencias       • [   0% ] waiting      2m57.9s      
webhookEntregaFalida • [   0% ] waiting      08m27.9s     

running (02m34.0s), 000/060 VUs, 2194 complete and 0 interrupted iterations
radar                  [  51% ] 000/060 VUs  2m33.1s/5m0s  31.03 iters/s
transferencias       • [   0% ] waiting      2m56.9s      
webhookEntregaFalida • [   0% ] waiting      08m26.9s     

running (02m35.0s), 000/060 VUs, 2225 complete and 0 interrupted iterations
radar                  [  51% ] 000/060 VUs  2m34.1s/5m0s  31.36 iters/s
transferencias       • [   0% ] waiting      2m55.9s      
webhookEntregaFalida • [   0% ] waiting      08m25.9s     

running (02m36.0s), 000/060 VUs, 2257 complete and 0 interrupted iterations
radar                  [  52% ] 000/060 VUs  2m35.1s/5m0s  31.70 iters/s
transferencias       • [   0% ] waiting      2m54.9s      
webhookEntregaFalida • [   0% ] waiting      08m24.9s     

running (02m37.0s), 000/060 VUs, 2289 complete and 0 interrupted iterations
radar                  [  52% ] 000/060 VUs  2m36.1s/5m0s  32.04 iters/s
transferencias       • [   0% ] waiting      2m53.9s      
webhookEntregaFalida • [   0% ] waiting      08m23.9s     

running (02m38.0s), 000/060 VUs, 2321 complete and 0 interrupted iterations
radar                  [  52% ] 000/060 VUs  2m37.1s/5m0s  32.37 iters/s
transferencias       • [   0% ] waiting      2m52.9s      
webhookEntregaFalida • [   0% ] waiting      08m22.9s     

running (02m39.0s), 000/060 VUs, 2353 complete and 0 interrupted iterations
radar                  [  53% ] 000/060 VUs  2m38.1s/5m0s  32.70 iters/s
transferencias       • [   0% ] waiting      2m51.9s      
webhookEntregaFalida • [   0% ] waiting      08m21.9s     

running (02m40.0s), 000/060 VUs, 2386 complete and 0 interrupted iterations
radar                  [  53% ] 000/060 VUs  2m39.1s/5m0s  33.03 iters/s
transferencias       • [   0% ] waiting      2m50.9s      
webhookEntregaFalida • [   0% ] waiting      08m20.9s     

running (02m41.0s), 000/060 VUs, 2419 complete and 0 interrupted iterations
radar                  [  53% ] 000/060 VUs  2m40.1s/5m0s  33.36 iters/s
transferencias       • [   0% ] waiting      2m49.9s      
webhookEntregaFalida • [   0% ] waiting      08m19.9s     

running (02m42.0s), 000/060 VUs, 2453 complete and 0 interrupted iterations
radar                  [  54% ] 000/060 VUs  2m41.1s/5m0s  33.70 iters/s
transferencias       • [   0% ] waiting      2m48.9s      
webhookEntregaFalida • [   0% ] waiting      08m18.9s     

running (02m43.0s), 000/060 VUs, 2487 complete and 0 interrupted iterations
radar                  [  54% ] 000/060 VUs  2m42.1s/5m0s  34.03 iters/s
transferencias       • [   0% ] waiting      2m47.9s      
webhookEntregaFalida • [   0% ] waiting      08m17.9s     

running (02m44.0s), 000/060 VUs, 2521 complete and 0 interrupted iterations
radar                  [  54% ] 000/060 VUs  2m43.1s/5m0s  34.37 iters/s
transferencias       • [   0% ] waiting      2m46.9s      
webhookEntregaFalida • [   0% ] waiting      08m16.9s     

running (02m45.0s), 001/060 VUs, 2555 complete and 0 interrupted iterations
radar                  [  55% ] 001/060 VUs  2m44.1s/5m0s  34.70 iters/s
transferencias       • [   0% ] waiting      2m45.9s      
webhookEntregaFalida • [   0% ] waiting      08m15.9s     

running (02m46.0s), 000/060 VUs, 2590 complete and 0 interrupted iterations
radar                  [  55% ] 000/060 VUs  2m45.1s/5m0s  35.03 iters/s
transferencias       • [   0% ] waiting      2m44.9s      
webhookEntregaFalida • [   0% ] waiting      08m14.9s     

running (02m47.0s), 000/060 VUs, 2626 complete and 0 interrupted iterations
radar                  [  55% ] 000/060 VUs  2m46.1s/5m0s  35.37 iters/s
transferencias       • [   0% ] waiting      2m43.9s      
webhookEntregaFalida • [   0% ] waiting      08m13.9s     

running (02m48.0s), 000/060 VUs, 2661 complete and 0 interrupted iterations
radar                  [  56% ] 000/060 VUs  2m47.1s/5m0s  35.70 iters/s
transferencias       • [   0% ] waiting      2m42.9s      
webhookEntregaFalida • [   0% ] waiting      08m12.9s     

running (02m49.0s), 000/060 VUs, 2697 complete and 0 interrupted iterations
radar                  [  56% ] 000/060 VUs  2m48.1s/5m0s  36.03 iters/s
transferencias       • [   0% ] waiting      2m41.9s      
webhookEntregaFalida • [   0% ] waiting      08m11.9s     

running (02m50.0s), 000/060 VUs, 2733 complete and 0 interrupted iterations
radar                  [  56% ] 000/060 VUs  2m49.1s/5m0s  36.36 iters/s
transferencias       • [   0% ] waiting      2m40.9s      
webhookEntregaFalida • [   0% ] waiting      08m10.9s     

running (02m51.0s), 000/060 VUs, 2770 complete and 0 interrupted iterations
radar                  [  57% ] 000/060 VUs  2m50.1s/5m0s  36.70 iters/s
transferencias       • [   0% ] waiting      2m39.9s      
webhookEntregaFalida • [   0% ] waiting      08m09.9s     

running (02m52.0s), 000/060 VUs, 2807 complete and 0 interrupted iterations
radar                  [  57% ] 000/060 VUs  2m51.1s/5m0s  37.04 iters/s
transferencias       • [   0% ] waiting      2m38.9s      
webhookEntregaFalida • [   0% ] waiting      08m08.9s     

running (02m53.0s), 000/060 VUs, 2844 complete and 0 interrupted iterations
radar                  [  57% ] 000/060 VUs  2m52.1s/5m0s  37.37 iters/s
transferencias       • [   0% ] waiting      2m37.9s      
webhookEntregaFalida • [   0% ] waiting      08m07.9s     

running (02m54.0s), 000/060 VUs, 2881 complete and 0 interrupted iterations
radar                  [  58% ] 000/060 VUs  2m53.1s/5m0s  37.70 iters/s
transferencias       • [   0% ] waiting      2m36.9s      
webhookEntregaFalida • [   0% ] waiting      08m06.9s     

running (02m55.0s), 000/060 VUs, 2919 complete and 0 interrupted iterations
radar                  [  58% ] 000/060 VUs  2m54.1s/5m0s  38.03 iters/s
transferencias       • [   0% ] waiting      2m35.9s      
webhookEntregaFalida • [   0% ] waiting      08m05.9s     

running (02m56.0s), 000/060 VUs, 2957 complete and 0 interrupted iterations
radar                  [  58% ] 000/060 VUs  2m55.1s/5m0s  38.36 iters/s
transferencias       • [   0% ] waiting      2m34.9s      
webhookEntregaFalida • [   0% ] waiting      08m04.9s     

running (02m57.0s), 000/060 VUs, 2996 complete and 0 interrupted iterations
radar                  [  59% ] 000/060 VUs  2m56.1s/5m0s  38.70 iters/s
transferencias       • [   0% ] waiting      2m33.9s      
webhookEntregaFalida • [   0% ] waiting      08m03.9s     

running (02m58.0s), 000/060 VUs, 3035 complete and 0 interrupted iterations
radar                  [  59% ] 000/060 VUs  2m57.1s/5m0s  39.03 iters/s
transferencias       • [   0% ] waiting      2m32.9s      
webhookEntregaFalida • [   0% ] waiting      08m02.9s     

running (02m59.0s), 000/060 VUs, 3074 complete and 0 interrupted iterations
radar                  [  59% ] 000/060 VUs  2m58.1s/5m0s  39.37 iters/s
transferencias       • [   0% ] waiting      2m31.9s      
webhookEntregaFalida • [   0% ] waiting      08m01.9s     

running (03m00.0s), 001/060 VUs, 3113 complete and 0 interrupted iterations
radar                  [  60% ] 001/060 VUs  2m59.1s/5m0s  39.70 iters/s
transferencias       • [   0% ] waiting      2m30.9s      
webhookEntregaFalida • [   0% ] waiting      08m00.9s     

running (03m01.0s), 000/060 VUs, 3153 complete and 0 interrupted iterations
radar                  [  60% ] 000/060 VUs  3m00.1s/5m0s  40.04 iters/s
transferencias       • [   0% ] waiting      2m29.9s      
webhookEntregaFalida • [   0% ] waiting      07m59.9s     

running (03m02.0s), 000/060 VUs, 3194 complete and 0 interrupted iterations
radar                  [  60% ] 000/060 VUs  3m01.1s/5m0s  40.37 iters/s
transferencias       • [   0% ] waiting      2m28.9s      
webhookEntregaFalida • [   0% ] waiting      07m58.9s     

running (03m03.0s), 000/060 VUs, 3234 complete and 0 interrupted iterations
radar                  [  61% ] 000/060 VUs  3m02.1s/5m0s  40.70 iters/s
transferencias       • [   0% ] waiting      2m27.9s      
webhookEntregaFalida • [   0% ] waiting      07m57.9s     

running (03m04.0s), 000/060 VUs, 3275 complete and 0 interrupted iterations
radar                  [  61% ] 000/060 VUs  3m03.1s/5m0s  41.03 iters/s
transferencias       • [   0% ] waiting      2m26.9s      
webhookEntregaFalida • [   0% ] waiting      07m56.9s     

running (03m05.0s), 000/060 VUs, 3316 complete and 0 interrupted iterations
radar                  [  61% ] 000/060 VUs  3m04.1s/5m0s  41.36 iters/s
transferencias       • [   0% ] waiting      2m25.9s      
webhookEntregaFalida • [   0% ] waiting      07m55.9s     

running (03m06.0s), 000/060 VUs, 3358 complete and 0 interrupted iterations
radar                  [  62% ] 000/060 VUs  3m05.1s/5m0s  41.70 iters/s
transferencias       • [   0% ] waiting      2m24.9s      
webhookEntregaFalida • [   0% ] waiting      07m54.9s     

running (03m07.0s), 000/060 VUs, 3400 complete and 0 interrupted iterations
radar                  [  62% ] 000/060 VUs  3m06.1s/5m0s  42.04 iters/s
transferencias       • [   0% ] waiting      2m23.9s      
webhookEntregaFalida • [   0% ] waiting      07m53.9s     

running (03m08.0s), 000/060 VUs, 3442 complete and 0 interrupted iterations
radar                  [  62% ] 000/060 VUs  3m07.1s/5m0s  42.37 iters/s
transferencias       • [   0% ] waiting      2m22.9s      
webhookEntregaFalida • [   0% ] waiting      07m52.9s     

running (03m09.0s), 000/060 VUs, 3484 complete and 0 interrupted iterations
radar                  [  63% ] 000/060 VUs  3m08.1s/5m0s  42.70 iters/s
transferencias       • [   0% ] waiting      2m21.9s      
webhookEntregaFalida • [   0% ] waiting      07m51.9s     

running (03m10.0s), 000/060 VUs, 3527 complete and 0 interrupted iterations
radar                  [  63% ] 000/060 VUs  3m09.1s/5m0s  43.03 iters/s
transferencias       • [   0% ] waiting      2m20.9s      
webhookEntregaFalida • [   0% ] waiting      07m50.9s     

running (03m11.0s), 000/060 VUs, 3570 complete and 0 interrupted iterations
radar                  [  63% ] 000/060 VUs  3m10.1s/5m0s  43.36 iters/s
transferencias       • [   0% ] waiting      2m19.9s      
webhookEntregaFalida • [   0% ] waiting      07m49.9s     

running (03m12.0s), 000/060 VUs, 3614 complete and 0 interrupted iterations
radar                  [  64% ] 000/060 VUs  3m11.1s/5m0s  43.70 iters/s
transferencias       • [   0% ] waiting      2m18.9s      
webhookEntregaFalida • [   0% ] waiting      07m48.9s     

running (03m13.0s), 000/060 VUs, 3658 complete and 0 interrupted iterations
radar                  [  64% ] 000/060 VUs  3m12.1s/5m0s  44.03 iters/s
transferencias       • [   0% ] waiting      2m17.9s      
webhookEntregaFalida • [   0% ] waiting      07m47.9s     

running (03m14.0s), 000/060 VUs, 3702 complete and 0 interrupted iterations
radar                  [  64% ] 000/060 VUs  3m13.1s/5m0s  44.37 iters/s
transferencias       • [   0% ] waiting      2m16.9s      
webhookEntregaFalida • [   0% ] waiting      07m46.9s     

running (03m15.0s), 001/060 VUs, 3746 complete and 0 interrupted iterations
radar                  [  65% ] 001/060 VUs  3m14.1s/5m0s  44.70 iters/s
transferencias       • [   0% ] waiting      2m15.9s      
webhookEntregaFalida • [   0% ] waiting      07m45.9s     

running (03m16.0s), 000/060 VUs, 3791 complete and 0 interrupted iterations
radar                  [  65% ] 000/060 VUs  3m15.1s/5m0s  45.03 iters/s
transferencias       • [   0% ] waiting      2m14.9s      
webhookEntregaFalida • [   0% ] waiting      07m44.9s     

running (03m17.0s), 000/060 VUs, 3837 complete and 0 interrupted iterations
radar                  [  65% ] 000/060 VUs  3m16.1s/5m0s  45.37 iters/s
transferencias       • [   0% ] waiting      2m13.9s      
webhookEntregaFalida • [   0% ] waiting      07m43.9s     

running (03m18.0s), 000/060 VUs, 3882 complete and 0 interrupted iterations
radar                  [  66% ] 000/060 VUs  3m17.1s/5m0s  45.70 iters/s
transferencias       • [   0% ] waiting      2m12.9s      
webhookEntregaFalida • [   0% ] waiting      07m42.9s     

running (03m19.0s), 000/060 VUs, 3928 complete and 0 interrupted iterations
radar                  [  66% ] 000/060 VUs  3m18.1s/5m0s  46.03 iters/s
transferencias       • [   0% ] waiting      2m11.9s      
webhookEntregaFalida • [   0% ] waiting      07m41.9s     

running (03m20.0s), 000/060 VUs, 3974 complete and 0 interrupted iterations
radar                  [  66% ] 000/060 VUs  3m19.1s/5m0s  46.36 iters/s
transferencias       • [   0% ] waiting      2m10.9s      
webhookEntregaFalida • [   0% ] waiting      07m40.9s     

running (03m21.0s), 000/060 VUs, 4021 complete and 0 interrupted iterations
radar                  [  67% ] 000/060 VUs  3m20.1s/5m0s  46.70 iters/s
transferencias       • [   0% ] waiting      2m09.9s      
webhookEntregaFalida • [   0% ] waiting      07m39.9s     

running (03m22.0s), 001/060 VUs, 4067 complete and 0 interrupted iterations
radar                  [  67% ] 001/060 VUs  3m21.1s/5m0s  47.04 iters/s
transferencias       • [   0% ] waiting      2m08.9s      
webhookEntregaFalida • [   0% ] waiting      07m38.9s     

running (03m23.0s), 000/060 VUs, 4115 complete and 0 interrupted iterations
radar                  [  67% ] 000/060 VUs  3m22.1s/5m0s  47.37 iters/s
transferencias       • [   0% ] waiting      2m07.9s      
webhookEntregaFalida • [   0% ] waiting      07m37.9s     

running (03m24.0s), 000/060 VUs, 4162 complete and 0 interrupted iterations
radar                  [  68% ] 000/060 VUs  3m23.1s/5m0s  47.70 iters/s
transferencias       • [   0% ] waiting      2m06.9s      
webhookEntregaFalida • [   0% ] waiting      07m36.9s     

running (03m25.0s), 000/060 VUs, 4210 complete and 0 interrupted iterations
radar                  [  68% ] 000/060 VUs  3m24.1s/5m0s  48.03 iters/s
transferencias       • [   0% ] waiting      2m05.9s      
webhookEntregaFalida • [   0% ] waiting      07m35.9s     

running (03m26.0s), 000/060 VUs, 4258 complete and 0 interrupted iterations
radar                  [  68% ] 000/060 VUs  3m25.1s/5m0s  48.36 iters/s
transferencias       • [   0% ] waiting      2m04.9s      
webhookEntregaFalida • [   0% ] waiting      07m34.9s     

running (03m27.0s), 001/060 VUs, 4306 complete and 0 interrupted iterations
radar                  [  69% ] 001/060 VUs  3m26.1s/5m0s  48.70 iters/s
transferencias       • [   0% ] waiting      2m03.9s      
webhookEntregaFalida • [   0% ] waiting      07m33.9s     

running (03m28.0s), 000/060 VUs, 4356 complete and 0 interrupted iterations
radar                  [  69% ] 000/060 VUs  3m27.1s/5m0s  49.03 iters/s
transferencias       • [   0% ] waiting      2m02.9s      
webhookEntregaFalida • [   0% ] waiting      07m32.9s     

running (03m29.0s), 000/060 VUs, 4405 complete and 0 interrupted iterations
radar                  [  69% ] 000/060 VUs  3m28.1s/5m0s  49.37 iters/s
transferencias       • [   0% ] waiting      2m01.9s      
webhookEntregaFalida • [   0% ] waiting      07m31.9s     

running (03m30.0s), 000/060 VUs, 4455 complete and 0 interrupted iterations
radar                  [  70% ] 000/060 VUs  3m29.1s/5m0s  49.70 iters/s
transferencias       • [   0% ] waiting      2m00.9s      
webhookEntregaFalida • [   0% ] waiting      07m30.9s     

running (03m31.0s), 001/060 VUs, 4504 complete and 0 interrupted iterations
radar                  [  70% ] 001/060 VUs  3m30.1s/5m0s  50.04 iters/s
transferencias       • [   0% ] waiting      1m59.9s      
webhookEntregaFalida • [   0% ] waiting      07m29.9s     

running (03m32.0s), 000/060 VUs, 4555 complete and 0 interrupted iterations
radar                  [  70% ] 000/060 VUs  3m31.1s/5m0s  50.37 iters/s
transferencias       • [   0% ] waiting      1m58.9s      
webhookEntregaFalida • [   0% ] waiting      07m28.9s     

running (03m33.0s), 000/060 VUs, 4605 complete and 0 interrupted iterations
radar                  [  71% ] 000/060 VUs  3m32.1s/5m0s  50.70 iters/s
transferencias       • [   0% ] waiting      1m57.9s      
webhookEntregaFalida • [   0% ] waiting      07m27.9s     

running (03m34.0s), 000/060 VUs, 4656 complete and 0 interrupted iterations
radar                  [  71% ] 000/060 VUs  3m33.1s/5m0s  51.03 iters/s
transferencias       • [   0% ] waiting      1m56.9s      
webhookEntregaFalida • [   0% ] waiting      07m26.9s     

running (03m35.0s), 000/060 VUs, 4707 complete and 0 interrupted iterations
radar                  [  71% ] 000/060 VUs  3m34.1s/5m0s  51.36 iters/s
transferencias       • [   0% ] waiting      1m55.9s      
webhookEntregaFalida • [   0% ] waiting      07m25.9s     

running (03m36.0s), 000/060 VUs, 4759 complete and 0 interrupted iterations
radar                  [  72% ] 000/060 VUs  3m35.1s/5m0s  51.70 iters/s
transferencias       • [   0% ] waiting      1m54.9s      
webhookEntregaFalida • [   0% ] waiting      07m24.9s     

running (03m37.0s), 000/060 VUs, 4811 complete and 0 interrupted iterations
radar                  [  72% ] 000/060 VUs  3m36.1s/5m0s  52.04 iters/s
transferencias       • [   0% ] waiting      1m53.9s      
webhookEntregaFalida • [   0% ] waiting      07m23.9s     

running (03m38.0s), 000/060 VUs, 4863 complete and 0 interrupted iterations
radar                  [  72% ] 000/060 VUs  3m37.1s/5m0s  52.37 iters/s
transferencias       • [   0% ] waiting      1m52.9s      
webhookEntregaFalida • [   0% ] waiting      07m22.9s     

running (03m39.0s), 000/060 VUs, 4915 complete and 0 interrupted iterations
radar                  [  73% ] 000/060 VUs  3m38.1s/5m0s  52.70 iters/s
transferencias       • [   0% ] waiting      1m51.9s      
webhookEntregaFalida • [   0% ] waiting      07m21.9s     

running (03m40.0s), 000/060 VUs, 4968 complete and 0 interrupted iterations
radar                  [  73% ] 000/060 VUs  3m39.1s/5m0s  53.03 iters/s
transferencias       • [   0% ] waiting      1m50.9s      
webhookEntregaFalida • [   0% ] waiting      07m20.9s     

running (03m41.0s), 001/060 VUs, 5021 complete and 0 interrupted iterations
radar                  [  73% ] 001/060 VUs  3m40.1s/5m0s  53.37 iters/s
transferencias       • [   0% ] waiting      1m49.9s      
webhookEntregaFalida • [   0% ] waiting      07m19.9s     

running (03m42.0s), 000/060 VUs, 5075 complete and 0 interrupted iterations
radar                  [  74% ] 000/060 VUs  3m41.1s/5m0s  53.70 iters/s
transferencias       • [   0% ] waiting      1m48.9s      
webhookEntregaFalida • [   0% ] waiting      07m18.9s     

running (03m43.0s), 000/060 VUs, 5129 complete and 0 interrupted iterations
radar                  [  74% ] 000/060 VUs  3m42.1s/5m0s  54.03 iters/s
transferencias       • [   0% ] waiting      1m47.9s      
webhookEntregaFalida • [   0% ] waiting      07m17.9s     

running (03m44.0s), 000/060 VUs, 5183 complete and 0 interrupted iterations
radar                  [  74% ] 000/060 VUs  3m43.1s/5m0s  54.37 iters/s
transferencias       • [   0% ] waiting      1m46.9s      
webhookEntregaFalida • [   0% ] waiting      07m16.9s     

running (03m45.0s), 001/060 VUs, 5237 complete and 0 interrupted iterations
radar                  [  75% ] 001/060 VUs  3m44.1s/5m0s  54.70 iters/s
transferencias       • [   0% ] waiting      1m45.9s      
webhookEntregaFalida • [   0% ] waiting      07m15.9s     

running (03m46.0s), 000/060 VUs, 5292 complete and 0 interrupted iterations
radar                  [  75% ] 000/060 VUs  3m45.1s/5m0s  55.03 iters/s
transferencias       • [   0% ] waiting      1m44.9s      
webhookEntregaFalida • [   0% ] waiting      07m14.9s     

running (03m47.0s), 001/060 VUs, 5347 complete and 0 interrupted iterations
radar                  [  75% ] 001/060 VUs  3m46.1s/5m0s  55.37 iters/s
transferencias       • [   0% ] waiting      1m43.9s      
webhookEntregaFalida • [   0% ] waiting      07m13.9s     

running (03m48.0s), 000/060 VUs, 5403 complete and 0 interrupted iterations
radar                  [  76% ] 000/060 VUs  3m47.1s/5m0s  55.70 iters/s
transferencias       • [   0% ] waiting      1m42.9s      
webhookEntregaFalida • [   0% ] waiting      07m12.9s     

running (03m49.0s), 000/060 VUs, 5459 complete and 0 interrupted iterations
radar                  [  76% ] 000/060 VUs  3m48.1s/5m0s  56.03 iters/s
transferencias       • [   0% ] waiting      1m41.9s      
webhookEntregaFalida • [   0% ] waiting      07m11.9s     

running (03m50.0s), 000/060 VUs, 5515 complete and 0 interrupted iterations
radar                  [  76% ] 000/060 VUs  3m49.1s/5m0s  56.36 iters/s
transferencias       • [   0% ] waiting      1m40.9s      
webhookEntregaFalida • [   0% ] waiting      07m10.9s     

running (03m51.0s), 001/060 VUs, 5571 complete and 0 interrupted iterations
radar                  [  77% ] 001/060 VUs  3m50.1s/5m0s  56.70 iters/s
transferencias       • [   0% ] waiting      1m39.9s      
webhookEntregaFalida • [   0% ] waiting      07m09.9s     

running (03m52.0s), 001/060 VUs, 5628 complete and 0 interrupted iterations
radar                  [  77% ] 001/060 VUs  3m51.1s/5m0s  57.04 iters/s
transferencias       • [   0% ] waiting      1m38.9s      
webhookEntregaFalida • [   0% ] waiting      07m08.9s     

running (03m53.0s), 000/060 VUs, 5686 complete and 0 interrupted iterations
radar                  [  77% ] 000/060 VUs  3m52.1s/5m0s  57.37 iters/s
transferencias       • [   0% ] waiting      1m37.9s      
webhookEntregaFalida • [   0% ] waiting      07m07.9s     

running (03m54.0s), 000/060 VUs, 5743 complete and 0 interrupted iterations
radar                  [  78% ] 000/060 VUs  3m53.1s/5m0s  57.70 iters/s
transferencias       • [   0% ] waiting      1m36.9s      
webhookEntregaFalida • [   0% ] waiting      07m06.9s     

running (03m55.0s), 000/060 VUs, 5801 complete and 0 interrupted iterations
radar                  [  78% ] 000/060 VUs  3m54.1s/5m0s  58.03 iters/s
transferencias       • [   0% ] waiting      1m35.9s      
webhookEntregaFalida • [   0% ] waiting      07m05.9s     

running (03m56.0s), 000/060 VUs, 5859 complete and 0 interrupted iterations
radar                  [  78% ] 000/060 VUs  3m55.1s/5m0s  58.36 iters/s
transferencias       • [   0% ] waiting      1m34.9s      
webhookEntregaFalida • [   0% ] waiting      07m04.9s     

running (03m57.0s), 000/060 VUs, 5918 complete and 0 interrupted iterations
radar                  [  79% ] 000/060 VUs  3m56.1s/5m0s  58.70 iters/s
transferencias       • [   0% ] waiting      1m33.9s      
webhookEntregaFalida • [   0% ] waiting      07m03.9s     

running (03m58.0s), 000/060 VUs, 5977 complete and 0 interrupted iterations
radar                  [  79% ] 000/060 VUs  3m57.1s/5m0s  59.03 iters/s
transferencias       • [   0% ] waiting      1m32.9s      
webhookEntregaFalida • [   0% ] waiting      07m02.9s     

running (03m59.0s), 000/060 VUs, 6036 complete and 0 interrupted iterations
radar                  [  79% ] 000/060 VUs  3m58.1s/5m0s  59.37 iters/s
transferencias       • [   0% ] waiting      1m31.9s      
webhookEntregaFalida • [   0% ] waiting      07m01.9s     

running (04m00.0s), 001/060 VUs, 6095 complete and 0 interrupted iterations
radar                  [  80% ] 001/060 VUs  3m59.1s/5m0s  59.70 iters/s
transferencias       • [   0% ] waiting      1m30.9s      
webhookEntregaFalida • [   0% ] waiting      07m00.9s     

running (04m01.0s), 001/060 VUs, 6155 complete and 0 interrupted iterations
radar                  [  80% ] 001/060 VUs  4m00.1s/5m0s  60.04 iters/s
transferencias       • [   0% ] waiting      1m29.9s      
webhookEntregaFalida • [   0% ] waiting      06m59.9s     

running (04m02.0s), 001/060 VUs, 6215 complete and 0 interrupted iterations
radar                  [  80% ] 001/060 VUs  4m01.1s/5m0s  60.37 iters/s
transferencias       • [   0% ] waiting      1m28.9s      
webhookEntregaFalida • [   0% ] waiting      06m58.9s     

running (04m03.0s), 000/060 VUs, 6276 complete and 0 interrupted iterations
radar                  [  81% ] 000/060 VUs  4m02.1s/5m0s  60.70 iters/s
transferencias       • [   0% ] waiting      1m27.9s      
webhookEntregaFalida • [   0% ] waiting      06m57.9s     

running (04m04.0s), 000/060 VUs, 6337 complete and 0 interrupted iterations
radar                  [  81% ] 000/060 VUs  4m03.1s/5m0s  61.03 iters/s
transferencias       • [   0% ] waiting      1m26.9s      
webhookEntregaFalida • [   0% ] waiting      06m56.9s     

running (04m05.0s), 000/060 VUs, 6398 complete and 0 interrupted iterations
radar                  [  81% ] 000/060 VUs  4m04.1s/5m0s  61.37 iters/s
transferencias       • [   0% ] waiting      1m25.9s      
webhookEntregaFalida • [   0% ] waiting      06m55.9s     

running (04m06.0s), 000/060 VUs, 6460 complete and 0 interrupted iterations
radar                  [  82% ] 000/060 VUs  4m05.1s/5m0s  61.70 iters/s
transferencias       • [   0% ] waiting      1m24.9s      
webhookEntregaFalida • [   0% ] waiting      06m54.9s     

running (04m07.0s), 001/060 VUs, 6521 complete and 0 interrupted iterations
radar                  [  82% ] 001/060 VUs  4m06.1s/5m0s  62.03 iters/s
transferencias       • [   0% ] waiting      1m23.9s      
webhookEntregaFalida • [   0% ] waiting      06m53.9s     

running (04m08.0s), 000/060 VUs, 6584 complete and 0 interrupted iterations
radar                  [  82% ] 000/060 VUs  4m07.1s/5m0s  62.37 iters/s
transferencias       • [   0% ] waiting      1m22.9s      
webhookEntregaFalida • [   0% ] waiting      06m52.9s     

running (04m09.0s), 000/060 VUs, 6646 complete and 0 interrupted iterations
radar                  [  83% ] 000/060 VUs  4m08.1s/5m0s  62.70 iters/s
transferencias       • [   0% ] waiting      1m21.9s      
webhookEntregaFalida • [   0% ] waiting      06m51.9s     

running (04m10.0s), 000/060 VUs, 6709 complete and 0 interrupted iterations
radar                  [  83% ] 000/060 VUs  4m09.1s/5m0s  63.03 iters/s
transferencias       • [   0% ] waiting      1m20.9s      
webhookEntregaFalida • [   0% ] waiting      06m50.9s     

running (04m11.0s), 000/060 VUs, 6772 complete and 0 interrupted iterations
radar                  [  83% ] 000/060 VUs  4m10.1s/5m0s  63.36 iters/s
transferencias       • [   0% ] waiting      1m19.9s      
webhookEntregaFalida • [   0% ] waiting      06m49.9s     

running (04m12.0s), 000/060 VUs, 6836 complete and 0 interrupted iterations
radar                  [  84% ] 000/060 VUs  4m11.1s/5m0s  63.70 iters/s
transferencias       • [   0% ] waiting      1m18.9s      
webhookEntregaFalida • [   0% ] waiting      06m48.9s     

running (04m13.0s), 000/060 VUs, 6900 complete and 0 interrupted iterations
radar                  [  84% ] 000/060 VUs  4m12.1s/5m0s  64.03 iters/s
transferencias       • [   0% ] waiting      1m17.9s      
webhookEntregaFalida • [   0% ] waiting      06m47.9s     

running (04m14.0s), 000/060 VUs, 6964 complete and 0 interrupted iterations
radar                  [  84% ] 000/060 VUs  4m13.1s/5m0s  64.37 iters/s
transferencias       • [   0% ] waiting      1m16.9s      
webhookEntregaFalida • [   0% ] waiting      06m46.9s     

running (04m15.0s), 001/060 VUs, 7028 complete and 0 interrupted iterations
radar                  [  85% ] 001/060 VUs  4m14.1s/5m0s  64.70 iters/s
transferencias       • [   0% ] waiting      1m15.9s      
webhookEntregaFalida • [   0% ] waiting      06m45.9s     

running (04m16.0s), 000/060 VUs, 7093 complete and 0 interrupted iterations
radar                  [  85% ] 000/060 VUs  4m15.1s/5m0s  65.03 iters/s
transferencias       • [   0% ] waiting      1m14.9s      
webhookEntregaFalida • [   0% ] waiting      06m44.9s     

running (04m17.0s), 000/060 VUs, 7159 complete and 0 interrupted iterations
radar                  [  85% ] 000/060 VUs  4m16.1s/5m0s  65.37 iters/s
transferencias       • [   0% ] waiting      1m13.9s      
webhookEntregaFalida • [   0% ] waiting      06m43.9s     

running (04m18.0s), 000/060 VUs, 7224 complete and 0 interrupted iterations
radar                  [  86% ] 000/060 VUs  4m17.1s/5m0s  65.70 iters/s
transferencias       • [   0% ] waiting      1m12.9s      
webhookEntregaFalida • [   0% ] waiting      06m42.9s     

running (04m19.0s), 000/060 VUs, 7290 complete and 0 interrupted iterations
radar                  [  86% ] 000/060 VUs  4m18.1s/5m0s  66.03 iters/s
transferencias       • [   0% ] waiting      1m11.9s      
webhookEntregaFalida • [   0% ] waiting      06m41.9s     

running (04m20.0s), 000/060 VUs, 7356 complete and 0 interrupted iterations
radar                  [  86% ] 000/060 VUs  4m19.1s/5m0s  66.37 iters/s
transferencias       • [   0% ] waiting      1m10.9s      
webhookEntregaFalida • [   0% ] waiting      06m40.9s     

running (04m21.0s), 000/060 VUs, 7423 complete and 0 interrupted iterations
radar                  [  87% ] 000/060 VUs  4m20.1s/5m0s  66.70 iters/s
transferencias       • [   0% ] waiting      1m09.9s      
webhookEntregaFalida • [   0% ] waiting      06m39.9s     

running (04m22.0s), 001/060 VUs, 7489 complete and 0 interrupted iterations
radar                  [  87% ] 001/060 VUs  4m21.1s/5m0s  67.03 iters/s
transferencias       • [   0% ] waiting      1m08.9s      
webhookEntregaFalida • [   0% ] waiting      06m38.9s     

running (04m23.0s), 000/060 VUs, 7557 complete and 0 interrupted iterations
radar                  [  87% ] 000/060 VUs  4m22.1s/5m0s  67.37 iters/s
transferencias       • [   0% ] waiting      1m07.9s      
webhookEntregaFalida • [   0% ] waiting      06m37.9s     

running (04m24.0s), 000/060 VUs, 7624 complete and 0 interrupted iterations
radar                  [  88% ] 000/060 VUs  4m23.1s/5m0s  67.70 iters/s
transferencias       • [   0% ] waiting      1m06.9s      
webhookEntregaFalida • [   0% ] waiting      06m36.9s     

running (04m25.0s), 000/060 VUs, 7692 complete and 0 interrupted iterations
radar                  [  88% ] 000/060 VUs  4m24.1s/5m0s  68.03 iters/s
transferencias       • [   0% ] waiting      1m05.9s      
webhookEntregaFalida • [   0% ] waiting      06m35.9s     

running (04m26.0s), 000/060 VUs, 7760 complete and 0 interrupted iterations
radar                  [  88% ] 000/060 VUs  4m25.1s/5m0s  68.36 iters/s
transferencias       • [   0% ] waiting      1m04.9s      
webhookEntregaFalida • [   0% ] waiting      06m34.9s     

running (04m27.0s), 000/060 VUs, 7829 complete and 0 interrupted iterations
radar                  [  89% ] 000/060 VUs  4m26.1s/5m0s  68.70 iters/s
transferencias       • [   0% ] waiting      1m03.9s      
webhookEntregaFalida • [   0% ] waiting      06m33.9s     

running (04m28.0s), 000/060 VUs, 7898 complete and 0 interrupted iterations
radar                  [  89% ] 000/060 VUs  4m27.1s/5m0s  69.03 iters/s
transferencias       • [   0% ] waiting      1m02.9s      
webhookEntregaFalida • [   0% ] waiting      06m32.9s     

running (04m29.0s), 000/060 VUs, 7967 complete and 0 interrupted iterations
radar                  [  89% ] 000/060 VUs  4m28.1s/5m0s  69.37 iters/s
transferencias       • [   0% ] waiting      1m01.9s      
webhookEntregaFalida • [   0% ] waiting      06m31.9s     

running (04m30.0s), 001/060 VUs, 8036 complete and 0 interrupted iterations
radar                  [  90% ] 001/060 VUs  4m29.1s/5m0s  69.70 iters/s
transferencias       • [   0% ] waiting      1m00.9s      
webhookEntregaFalida • [   0% ] waiting      06m30.9s     

running (04m31.0s), 001/060 VUs, 8106 complete and 0 interrupted iterations
radar                  [  90% ] 001/060 VUs  4m30.1s/5m0s  70.04 iters/s
transferencias       • [   0% ] waiting      0m59.9s      
webhookEntregaFalida • [   0% ] waiting      06m29.9s     

running (04m32.0s), 001/060 VUs, 8176 complete and 0 interrupted iterations
radar                  [  90% ] 001/060 VUs  4m31.1s/5m0s  70.37 iters/s
transferencias       • [   0% ] waiting      0m58.9s      
webhookEntregaFalida • [   0% ] waiting      06m28.9s     

running (04m33.0s), 000/060 VUs, 8247 complete and 0 interrupted iterations
radar                  [  91% ] 000/060 VUs  4m32.1s/5m0s  70.70 iters/s
transferencias       • [   0% ] waiting      0m57.9s      
webhookEntregaFalida • [   0% ] waiting      06m27.9s     

running (04m34.0s), 000/060 VUs, 8318 complete and 0 interrupted iterations
radar                  [  91% ] 000/060 VUs  4m33.1s/5m0s  71.03 iters/s
transferencias       • [   0% ] waiting      0m56.9s      
webhookEntregaFalida • [   0% ] waiting      06m26.9s     

running (04m35.0s), 000/060 VUs, 8389 complete and 0 interrupted iterations
radar                  [  91% ] 000/060 VUs  4m34.1s/5m0s  71.37 iters/s
transferencias       • [   0% ] waiting      0m55.9s      
webhookEntregaFalida • [   0% ] waiting      06m25.9s     

running (04m36.0s), 000/060 VUs, 8461 complete and 0 interrupted iterations
radar                  [  92% ] 000/060 VUs  4m35.1s/5m0s  71.70 iters/s
transferencias       • [   0% ] waiting      0m54.9s      
webhookEntregaFalida • [   0% ] waiting      06m24.9s     

running (04m37.0s), 001/060 VUs, 8532 complete and 0 interrupted iterations
radar                  [  92% ] 001/060 VUs  4m36.1s/5m0s  72.03 iters/s
transferencias       • [   0% ] waiting      0m53.9s      
webhookEntregaFalida • [   0% ] waiting      06m23.9s     

running (04m38.0s), 000/060 VUs, 8605 complete and 0 interrupted iterations
radar                  [  92% ] 000/060 VUs  4m37.1s/5m0s  72.37 iters/s
transferencias       • [   0% ] waiting      0m52.9s      
webhookEntregaFalida • [   0% ] waiting      06m22.9s     

running (04m39.0s), 000/060 VUs, 8677 complete and 0 interrupted iterations
radar                  [  93% ] 000/060 VUs  4m38.1s/5m0s  72.70 iters/s
transferencias       • [   0% ] waiting      0m51.9s      
webhookEntregaFalida • [   0% ] waiting      06m21.9s     

running (04m40.0s), 000/060 VUs, 8750 complete and 0 interrupted iterations
radar                  [  93% ] 000/060 VUs  4m39.1s/5m0s  73.03 iters/s
transferencias       • [   0% ] waiting      0m50.9s      
webhookEntregaFalida • [   0% ] waiting      06m20.9s     

running (04m41.0s), 000/060 VUs, 8823 complete and 0 interrupted iterations
radar                  [  93% ] 000/060 VUs  4m40.1s/5m0s  73.36 iters/s
transferencias       • [   0% ] waiting      0m49.9s      
webhookEntregaFalida • [   0% ] waiting      06m19.9s     

running (04m42.0s), 000/060 VUs, 8897 complete and 0 interrupted iterations
radar                  [  94% ] 000/060 VUs  4m41.1s/5m0s  73.70 iters/s
transferencias       • [   0% ] waiting      0m48.9s      
webhookEntregaFalida • [   0% ] waiting      06m18.9s     

running (04m43.0s), 000/060 VUs, 8971 complete and 0 interrupted iterations
radar                  [  94% ] 000/060 VUs  4m42.1s/5m0s  74.03 iters/s
transferencias       • [   0% ] waiting      0m47.9s      
webhookEntregaFalida • [   0% ] waiting      06m17.9s     

running (04m44.0s), 000/060 VUs, 9045 complete and 0 interrupted iterations
radar                  [  94% ] 000/060 VUs  4m43.1s/5m0s  74.37 iters/s
transferencias       • [   0% ] waiting      0m46.9s      
webhookEntregaFalida • [   0% ] waiting      06m16.9s     

running (04m45.0s), 001/060 VUs, 9119 complete and 0 interrupted iterations
radar                  [  95% ] 001/060 VUs  4m44.1s/5m0s  74.70 iters/s
transferencias       • [   0% ] waiting      0m45.9s      
webhookEntregaFalida • [   0% ] waiting      06m15.9s     

running (04m46.0s), 000/060 VUs, 9194 complete and 0 interrupted iterations
radar                  [  95% ] 000/060 VUs  4m45.1s/5m0s  75.03 iters/s
transferencias       • [   0% ] waiting      0m44.9s      
webhookEntregaFalida • [   0% ] waiting      06m14.9s     

running (04m47.0s), 001/060 VUs, 9269 complete and 0 interrupted iterations
radar                  [  95% ] 001/060 VUs  4m46.1s/5m0s  75.37 iters/s
transferencias       • [   0% ] waiting      0m43.9s      
webhookEntregaFalida • [   0% ] waiting      06m13.9s     

running (04m48.0s), 000/060 VUs, 9345 complete and 0 interrupted iterations
radar                  [  96% ] 000/060 VUs  4m47.1s/5m0s  75.70 iters/s
transferencias       • [   0% ] waiting      0m42.9s      
webhookEntregaFalida • [   0% ] waiting      06m12.9s     

running (04m49.0s), 000/060 VUs, 9421 complete and 0 interrupted iterations
radar                  [  96% ] 000/060 VUs  4m48.1s/5m0s  76.03 iters/s
transferencias       • [   0% ] waiting      0m41.9s      
webhookEntregaFalida • [   0% ] waiting      06m11.9s     

running (04m50.0s), 000/060 VUs, 9497 complete and 0 interrupted iterations
radar                  [  96% ] 000/060 VUs  4m49.1s/5m0s  76.37 iters/s
transferencias       • [   0% ] waiting      0m40.9s      
webhookEntregaFalida • [   0% ] waiting      06m10.9s     

running (04m51.0s), 001/060 VUs, 9573 complete and 0 interrupted iterations
radar                  [  97% ] 001/060 VUs  4m50.1s/5m0s  76.70 iters/s
transferencias       • [   0% ] waiting      0m39.9s      
webhookEntregaFalida • [   0% ] waiting      06m09.9s     

running (04m52.0s), 001/060 VUs, 9650 complete and 0 interrupted iterations
radar                  [  97% ] 001/060 VUs  4m51.1s/5m0s  77.03 iters/s
transferencias       • [   0% ] waiting      0m38.9s      
webhookEntregaFalida • [   0% ] waiting      06m08.9s     

running (04m53.0s), 000/060 VUs, 9728 complete and 0 interrupted iterations
radar                  [  97% ] 000/060 VUs  4m52.1s/5m0s  77.37 iters/s
transferencias       • [   0% ] waiting      0m37.9s      
webhookEntregaFalida • [   0% ] waiting      06m07.9s     

running (04m54.0s), 000/060 VUs, 9805 complete and 0 interrupted iterations
radar                  [  98% ] 000/060 VUs  4m53.1s/5m0s  77.70 iters/s
transferencias       • [   0% ] waiting      0m36.9s      
webhookEntregaFalida • [   0% ] waiting      06m06.9s     

running (04m55.0s), 000/060 VUs, 9883 complete and 0 interrupted iterations
radar                  [  98% ] 000/060 VUs  4m54.1s/5m0s  78.03 iters/s
transferencias       • [   0% ] waiting      0m35.9s      
webhookEntregaFalida • [   0% ] waiting      06m05.9s     

running (04m56.0s), 000/060 VUs, 9961 complete and 0 interrupted iterations
radar                  [  98% ] 000/060 VUs  4m55.1s/5m0s  78.36 iters/s
transferencias       • [   0% ] waiting      0m34.9s      
webhookEntregaFalida • [   0% ] waiting      06m04.9s     

running (04m57.0s), 000/060 VUs, 10040 complete and 0 interrupted iterations
radar                  [  99% ] 000/060 VUs  4m56.1s/5m0s  78.70 iters/s
transferencias       • [   0% ] waiting      0m33.9s      
webhookEntregaFalida • [   0% ] waiting      06m03.9s     

running (04m58.0s), 000/060 VUs, 10119 complete and 0 interrupted iterations
radar                  [  99% ] 000/060 VUs  4m57.1s/5m0s  79.03 iters/s
transferencias       • [   0% ] waiting      0m32.9s      
webhookEntregaFalida • [   0% ] waiting      06m02.9s     

running (04m59.0s), 000/060 VUs, 10198 complete and 0 interrupted iterations
radar                  [  99% ] 000/060 VUs  4m58.1s/5m0s  79.37 iters/s
transferencias       • [   0% ] waiting      0m31.9s      
webhookEntregaFalida • [   0% ] waiting      06m01.9s     

running (05m00.0s), 001/060 VUs, 10277 complete and 0 interrupted iterations
radar                  [ 100% ] 001/060 VUs  4m59.1s/5m0s  79.70 iters/s
transferencias       • [   0% ] waiting      0m30.9s      
webhookEntregaFalida • [   0% ] waiting      06m00.9s     

running (05m01.0s), 000/060 VUs, 10349 complete and 0 interrupted iterations
radar                ✓ [ 100% ] 000/060 VUs  5m0s  80.00 iters/s
transferencias       • [   0% ] waiting      0m29.9s
webhookEntregaFalida • [   0% ] waiting      05m59.9s

running (05m02.0s), 000/060 VUs, 10349 complete and 0 interrupted iterations
radar                ✓ [ 100% ] 000/060 VUs  5m0s  80.00 iters/s
transferencias       • [   0% ] waiting      0m28.9s
webhookEntregaFalida • [   0% ] waiting      05m58.9s

running (05m03.0s), 000/060 VUs, 10349 complete and 0 interrupted iterations
radar                ✓ [ 100% ] 000/060 VUs  5m0s  80.00 iters/s
transferencias       • [   0% ] waiting      0m27.9s
webhookEntregaFalida • [   0% ] waiting      05m57.9s

running (05m04.0s), 000/060 VUs, 10349 complete and 0 interrupted iterations
radar                ✓ [ 100% ] 000/060 VUs  5m0s  80.00 iters/s
transferencias       • [   0% ] waiting      0m26.9s
webhookEntregaFalida • [   0% ] waiting      05m56.9s

running (05m05.0s), 000/060 VUs, 10349 complete and 0 interrupted iterations
radar                ✓ [ 100% ] 000/060 VUs  5m0s  80.00 iters/s
transferencias       • [   0% ] waiting      0m25.9s
webhookEntregaFalida • [   0% ] waiting      05m55.9s

running (05m06.0s), 000/060 VUs, 10349 complete and 0 interrupted iterations
radar                ✓ [ 100% ] 000/060 VUs  5m0s  80.00 iters/s
transferencias       • [   0% ] waiting      0m24.9s
webhookEntregaFalida • [   0% ] waiting      05m54.9s

running (05m07.0s), 000/060 VUs, 10349 complete and 0 interrupted iterations
radar                ✓ [ 100% ] 000/060 VUs  5m0s  80.00 iters/s
transferencias       • [   0% ] waiting      0m23.9s
webhookEntregaFalida • [   0% ] waiting      05m53.9s

running (05m08.0s), 000/060 VUs, 10349 complete and 0 interrupted iterations
radar                ✓ [ 100% ] 000/060 VUs  5m0s  80.00 iters/s
transferencias       • [   0% ] waiting      0m22.9s
webhookEntregaFalida • [   0% ] waiting      05m52.9s

running (05m09.0s), 000/060 VUs, 10349 complete and 0 interrupted iterations
radar                ✓ [ 100% ] 000/060 VUs  5m0s  80.00 iters/s
transferencias       • [   0% ] waiting      0m21.9s
webhookEntregaFalida • [   0% ] waiting      05m51.9s

running (05m10.0s), 000/060 VUs, 10349 complete and 0 interrupted iterations
radar                ✓ [ 100% ] 000/060 VUs  5m0s  80.00 iters/s
transferencias       • [   0% ] waiting      0m20.9s
webhookEntregaFalida • [   0% ] waiting      05m50.9s

running (05m11.0s), 000/060 VUs, 10349 complete and 0 interrupted iterations
radar                ✓ [ 100% ] 000/060 VUs  5m0s  80.00 iters/s
transferencias       • [   0% ] waiting      0m19.9s
webhookEntregaFalida • [   0% ] waiting      05m49.9s

running (05m12.0s), 000/060 VUs, 10349 complete and 0 interrupted iterations
radar                ✓ [ 100% ] 000/060 VUs  5m0s  80.00 iters/s
transferencias       • [   0% ] waiting      0m18.9s
webhookEntregaFalida • [   0% ] waiting      05m48.9s

running (05m13.0s), 000/060 VUs, 10349 complete and 0 interrupted iterations
radar                ✓ [ 100% ] 000/060 VUs  5m0s  80.00 iters/s
transferencias       • [   0% ] waiting      0m17.9s
webhookEntregaFalida • [   0% ] waiting      05m47.9s

running (05m14.0s), 000/060 VUs, 10349 complete and 0 interrupted iterations
radar                ✓ [ 100% ] 000/060 VUs  5m0s  80.00 iters/s
transferencias       • [   0% ] waiting      0m16.9s
webhookEntregaFalida • [   0% ] waiting      05m46.9s

running (05m15.0s), 000/060 VUs, 10349 complete and 0 interrupted iterations
radar                ✓ [ 100% ] 000/060 VUs  5m0s  80.00 iters/s
transferencias       • [   0% ] waiting      0m15.9s
webhookEntregaFalida • [   0% ] waiting      05m45.9s

running (05m16.0s), 000/060 VUs, 10349 complete and 0 interrupted iterations
radar                ✓ [ 100% ] 000/060 VUs  5m0s  80.00 iters/s
transferencias       • [   0% ] waiting      0m14.9s
webhookEntregaFalida • [   0% ] waiting      05m44.9s

running (05m17.0s), 000/060 VUs, 10349 complete and 0 interrupted iterations
radar                ✓ [ 100% ] 000/060 VUs  5m0s  80.00 iters/s
transferencias       • [   0% ] waiting      0m13.9s
webhookEntregaFalida • [   0% ] waiting      05m43.9s

running (05m18.0s), 000/060 VUs, 10349 complete and 0 interrupted iterations
radar                ✓ [ 100% ] 000/060 VUs  5m0s  80.00 iters/s
transferencias       • [   0% ] waiting      0m12.9s
webhookEntregaFalida • [   0% ] waiting      05m42.9s

running (05m19.0s), 000/060 VUs, 10349 complete and 0 interrupted iterations
radar                ✓ [ 100% ] 000/060 VUs  5m0s  80.00 iters/s
transferencias       • [   0% ] waiting      0m11.9s
webhookEntregaFalida • [   0% ] waiting      05m41.9s

running (05m20.0s), 000/060 VUs, 10349 complete and 0 interrupted iterations
radar                ✓ [ 100% ] 000/060 VUs  5m0s  80.00 iters/s
transferencias       • [   0% ] waiting      0m10.9s
webhookEntregaFalida • [   0% ] waiting      05m40.9s

running (05m21.0s), 000/060 VUs, 10349 complete and 0 interrupted iterations
radar                ✓ [ 100% ] 000/060 VUs  5m0s  80.00 iters/s
transferencias       • [   0% ] waiting      0m09.9s
webhookEntregaFalida • [   0% ] waiting      05m39.9s

running (05m22.0s), 000/060 VUs, 10349 complete and 0 interrupted iterations
radar                ✓ [ 100% ] 000/060 VUs  5m0s  80.00 iters/s
transferencias       • [   0% ] waiting      0m08.9s
webhookEntregaFalida • [   0% ] waiting      05m38.9s

running (05m23.0s), 000/060 VUs, 10349 complete and 0 interrupted iterations
radar                ✓ [ 100% ] 000/060 VUs  5m0s  80.00 iters/s
transferencias       • [   0% ] waiting      0m07.9s
webhookEntregaFalida • [   0% ] waiting      05m37.9s

running (05m24.0s), 000/060 VUs, 10349 complete and 0 interrupted iterations
radar                ✓ [ 100% ] 000/060 VUs  5m0s  80.00 iters/s
transferencias       • [   0% ] waiting      0m06.9s
webhookEntregaFalida • [   0% ] waiting      05m36.9s

running (05m25.0s), 000/060 VUs, 10349 complete and 0 interrupted iterations
radar                ✓ [ 100% ] 000/060 VUs  5m0s  80.00 iters/s
transferencias       • [   0% ] waiting      0m05.9s
webhookEntregaFalida • [   0% ] waiting      05m35.9s

running (05m26.0s), 000/060 VUs, 10349 complete and 0 interrupted iterations
radar                ✓ [ 100% ] 000/060 VUs  5m0s  80.00 iters/s
transferencias       • [   0% ] waiting      0m04.9s
webhookEntregaFalida • [   0% ] waiting      05m34.9s

running (05m27.0s), 000/060 VUs, 10349 complete and 0 interrupted iterations
radar                ✓ [ 100% ] 000/060 VUs  5m0s  80.00 iters/s
transferencias       • [   0% ] waiting      0m03.9s
webhookEntregaFalida • [   0% ] waiting      05m33.9s

running (05m28.0s), 000/060 VUs, 10349 complete and 0 interrupted iterations
radar                ✓ [ 100% ] 000/060 VUs  5m0s  80.00 iters/s
transferencias       • [   0% ] waiting      0m02.9s
webhookEntregaFalida • [   0% ] waiting      05m32.9s

running (05m29.0s), 000/060 VUs, 10349 complete and 0 interrupted iterations
radar                ✓ [ 100% ] 000/060 VUs  5m0s  80.00 iters/s
transferencias       • [   0% ] waiting      0m01.9s
webhookEntregaFalida • [   0% ] waiting      05m31.9s

running (05m30.0s), 000/060 VUs, 10349 complete and 0 interrupted iterations
radar                ✓ [ 100% ] 000/060 VUs  5m0s  80.00 iters/s
transferencias       • [   0% ] waiting      0m00.9s
webhookEntregaFalida • [   0% ] waiting      05m30.9s

running (05m31.0s), 000/060 VUs, 10349 complete and 0 interrupted iterations
radar                ✓ [ 100% ] 000/060 VUs  5m0s          80.00 iters/s
transferencias         [   0% ] 000/040 VUs  0m00.1s/5m0s  01.01 iters/s
webhookEntregaFalida • [   0% ] waiting      05m29.9s     

running (05m32.0s), 000/060 VUs, 10350 complete and 0 interrupted iterations
radar                ✓ [ 100% ] 000/060 VUs  5m0s          80.00 iters/s
transferencias         [   0% ] 000/040 VUs  0m01.1s/5m0s  01.02 iters/s
webhookEntregaFalida • [   0% ] waiting      05m28.9s     

running (05m33.0s), 000/060 VUs, 10351 complete and 0 interrupted iterations
radar                ✓ [ 100% ] 000/060 VUs  5m0s          80.00 iters/s
transferencias         [   1% ] 000/040 VUs  0m02.1s/5m0s  01.04 iters/s
webhookEntregaFalida • [   0% ] waiting      05m27.9s     

running (05m34.0s), 000/060 VUs, 10352 complete and 0 interrupted iterations
radar                ✓ [ 100% ] 000/060 VUs  5m0s          80.00 iters/s
transferencias         [   1% ] 000/040 VUs  0m03.1s/5m0s  01.06 iters/s
webhookEntregaFalida • [   0% ] waiting      05m26.9s     

running (05m35.0s), 000/060 VUs, 10353 complete and 0 interrupted iterations
radar                ✓ [ 100% ] 000/060 VUs  5m0s          80.00 iters/s
transferencias         [   1% ] 000/040 VUs  0m04.1s/5m0s  01.07 iters/s
webhookEntregaFalida • [   0% ] waiting      05m25.9s     

running (05m36.0s), 000/060 VUs, 10354 complete and 0 interrupted iterations
radar                ✓ [ 100% ] 000/060 VUs  5m0s          80.00 iters/s
transferencias         [   2% ] 000/040 VUs  0m05.1s/5m0s  01.09 iters/s
webhookEntregaFalida • [   0% ] waiting      05m24.9s     

running (05m37.0s), 000/060 VUs, 10355 complete and 0 interrupted iterations
radar                ✓ [ 100% ] 000/060 VUs  5m0s          80.00 iters/s
transferencias         [   2% ] 000/040 VUs  0m06.1s/5m0s  01.10 iters/s
webhookEntregaFalida • [   0% ] waiting      05m23.9s     

running (05m38.0s), 000/060 VUs, 10356 complete and 0 interrupted iterations
radar                ✓ [ 100% ] 000/060 VUs  5m0s          80.00 iters/s
transferencias         [   2% ] 000/040 VUs  0m07.1s/5m0s  01.12 iters/s
webhookEntregaFalida • [   0% ] waiting      05m22.9s     

running (05m39.0s), 000/060 VUs, 10357 complete and 0 interrupted iterations
radar                ✓ [ 100% ] 000/060 VUs  5m0s          80.00 iters/s
transferencias         [   3% ] 000/040 VUs  0m08.1s/5m0s  01.13 iters/s
webhookEntregaFalida • [   0% ] waiting      05m21.9s     

running (05m40.0s), 000/060 VUs, 10358 complete and 0 interrupted iterations
radar                ✓ [ 100% ] 000/060 VUs  5m0s          80.00 iters/s
transferencias         [   3% ] 000/040 VUs  0m09.1s/5m0s  01.15 iters/s
webhookEntregaFalida • [   0% ] waiting      05m20.9s     

running (05m41.0s), 000/060 VUs, 10359 complete and 0 interrupted iterations
radar                ✓ [ 100% ] 000/060 VUs  5m0s          80.00 iters/s
transferencias         [   3% ] 000/040 VUs  0m10.1s/5m0s  01.16 iters/s
webhookEntregaFalida • [   0% ] waiting      05m19.9s     

running (05m42.0s), 000/060 VUs, 10361 complete and 0 interrupted iterations
radar                ✓ [ 100% ] 000/060 VUs  5m0s          80.00 iters/s
transferencias         [   4% ] 000/040 VUs  0m11.1s/5m0s  01.19 iters/s
webhookEntregaFalida • [   0% ] waiting      05m18.9s     

running (05m43.0s), 000/060 VUs, 10362 complete and 0 interrupted iterations
radar                ✓ [ 100% ] 000/060 VUs  5m0s          80.00 iters/s
transferencias         [   4% ] 000/040 VUs  0m12.1s/5m0s  01.20 iters/s
webhookEntregaFalida • [   0% ] waiting      05m17.9s     

running (05m44.0s), 000/060 VUs, 10363 complete and 0 interrupted iterations
radar                ✓ [ 100% ] 000/060 VUs  5m0s          80.00 iters/s
transferencias         [   4% ] 000/040 VUs  0m13.1s/5m0s  01.22 iters/s
webhookEntregaFalida • [   0% ] waiting      05m16.9s     

running (05m45.0s), 000/060 VUs, 10364 complete and 0 interrupted iterations
radar                ✓ [ 100% ] 000/060 VUs  5m0s          80.00 iters/s
transferencias         [   5% ] 000/040 VUs  0m14.1s/5m0s  01.23 iters/s
webhookEntregaFalida • [   0% ] waiting      05m15.9s     

running (05m46.0s), 000/060 VUs, 10365 complete and 0 interrupted iterations
radar                ✓ [ 100% ] 000/060 VUs  5m0s          80.00 iters/s
transferencias         [   5% ] 000/040 VUs  0m15.1s/5m0s  01.24 iters/s
webhookEntregaFalida • [   0% ] waiting      05m14.9s     

running (05m47.0s), 000/060 VUs, 10367 complete and 0 interrupted iterations
radar                ✓ [ 100% ] 000/060 VUs  5m0s          80.00 iters/s
transferencias         [   5% ] 000/040 VUs  0m16.1s/5m0s  01.27 iters/s
webhookEntregaFalida • [   0% ] waiting      05m13.9s     

running (05m48.0s), 000/060 VUs, 10368 complete and 0 interrupted iterations
radar                ✓ [ 100% ] 000/060 VUs  5m0s          80.00 iters/s
transferencias         [   6% ] 000/040 VUs  0m17.1s/5m0s  01.28 iters/s
webhookEntregaFalida • [   0% ] waiting      05m12.9s     

running (05m49.0s), 000/060 VUs, 10369 complete and 0 interrupted iterations
radar                ✓ [ 100% ] 000/060 VUs  5m0s          80.00 iters/s
transferencias         [   6% ] 000/040 VUs  0m18.1s/5m0s  01.30 iters/s
webhookEntregaFalida • [   0% ] waiting      05m11.9s     

running (05m50.0s), 000/060 VUs, 10371 complete and 0 interrupted iterations
radar                ✓ [ 100% ] 000/060 VUs  5m0s          80.00 iters/s
transferencias         [   6% ] 000/040 VUs  0m19.1s/5m0s  01.32 iters/s
webhookEntregaFalida • [   0% ] waiting      05m10.9s     

running (05m51.0s), 000/060 VUs, 10372 complete and 0 interrupted iterations
radar                ✓ [ 100% ] 000/060 VUs  5m0s          80.00 iters/s
transferencias         [   7% ] 000/040 VUs  0m20.1s/5m0s  01.34 iters/s
webhookEntregaFalida • [   0% ] waiting      05m09.9s     

running (05m52.0s), 000/060 VUs, 10373 complete and 0 interrupted iterations
radar                ✓ [ 100% ] 000/060 VUs  5m0s          80.00 iters/s
transferencias         [   7% ] 000/040 VUs  0m21.1s/5m0s  01.35 iters/s
webhookEntregaFalida • [   0% ] waiting      05m08.9s     

running (05m53.0s), 000/060 VUs, 10375 complete and 0 interrupted iterations
radar                ✓ [ 100% ] 000/060 VUs  5m0s          80.00 iters/s
transferencias         [   7% ] 000/040 VUs  0m22.1s/5m0s  01.37 iters/s
webhookEntregaFalida • [   0% ] waiting      05m07.9s     

running (05m54.0s), 000/060 VUs, 10376 complete and 0 interrupted iterations
radar                ✓ [ 100% ] 000/060 VUs  5m0s          80.00 iters/s
transferencias         [   8% ] 000/040 VUs  0m23.1s/5m0s  01.38 iters/s
webhookEntregaFalida • [   0% ] waiting      05m06.9s     

running (05m55.0s), 000/060 VUs, 10377 complete and 0 interrupted iterations
radar                ✓ [ 100% ] 000/060 VUs  5m0s          80.00 iters/s
transferencias         [   8% ] 000/040 VUs  0m24.1s/5m0s  01.40 iters/s
webhookEntregaFalida • [   0% ] waiting      05m05.9s     

running (05m56.0s), 000/060 VUs, 10379 complete and 0 interrupted iterations
radar                ✓ [ 100% ] 000/060 VUs  5m0s          80.00 iters/s
transferencias         [   8% ] 000/040 VUs  0m25.1s/5m0s  01.42 iters/s
webhookEntregaFalida • [   0% ] waiting      05m04.9s     

running (05m57.0s), 000/060 VUs, 10380 complete and 0 interrupted iterations
radar                ✓ [ 100% ] 000/060 VUs  5m0s          80.00 iters/s
transferencias         [   9% ] 000/040 VUs  0m26.1s/5m0s  01.43 iters/s
webhookEntregaFalida • [   0% ] waiting      05m03.9s     

running (05m58.0s), 000/060 VUs, 10382 complete and 0 interrupted iterations
radar                ✓ [ 100% ] 000/060 VUs  5m0s          80.00 iters/s
transferencias         [   9% ] 000/040 VUs  0m27.1s/5m0s  01.45 iters/s
webhookEntregaFalida • [   0% ] waiting      05m02.9s     

running (05m59.0s), 000/060 VUs, 10383 complete and 0 interrupted iterations
radar                ✓ [ 100% ] 000/060 VUs  5m0s          80.00 iters/s
transferencias         [   9% ] 000/040 VUs  0m28.1s/5m0s  01.47 iters/s
webhookEntregaFalida • [   0% ] waiting      05m01.9s     

running (06m00.0s), 000/060 VUs, 10385 complete and 0 interrupted iterations
radar                ✓ [ 100% ] 000/060 VUs  5m0s          80.00 iters/s
transferencias         [  10% ] 000/040 VUs  0m29.1s/5m0s  01.49 iters/s
webhookEntregaFalida • [   0% ] waiting      05m00.9s     

running (06m01.0s), 000/060 VUs, 10386 complete and 0 interrupted iterations
radar                ✓ [ 100% ] 000/060 VUs  5m0s          80.00 iters/s
transferencias         [  10% ] 000/040 VUs  0m30.1s/5m0s  01.50 iters/s
webhookEntregaFalida • [   0% ] waiting      04m59.9s     

running (06m02.0s), 000/060 VUs, 10388 complete and 0 interrupted iterations
radar                ✓ [ 100% ] 000/060 VUs  5m0s          80.00 iters/s
transferencias         [  10% ] 000/040 VUs  0m31.1s/5m0s  01.52 iters/s
webhookEntregaFalida • [   0% ] waiting      04m58.9s     

running (06m03.0s), 000/060 VUs, 10389 complete and 0 interrupted iterations
radar                ✓ [ 100% ] 000/060 VUs  5m0s          80.00 iters/s
transferencias         [  11% ] 000/040 VUs  0m32.1s/5m0s  01.53 iters/s
webhookEntregaFalida • [   0% ] waiting      04m57.9s     

running (06m04.0s), 000/060 VUs, 10391 complete and 0 interrupted iterations
radar                ✓ [ 100% ] 000/060 VUs  5m0s          80.00 iters/s
transferencias         [  11% ] 000/040 VUs  0m33.1s/5m0s  01.55 iters/s
webhookEntregaFalida • [   0% ] waiting      04m56.9s     

running (06m05.0s), 000/060 VUs, 10392 complete and 0 interrupted iterations
radar                ✓ [ 100% ] 000/060 VUs  5m0s          80.00 iters/s
transferencias         [  11% ] 000/040 VUs  0m34.1s/5m0s  01.57 iters/s
webhookEntregaFalida • [   0% ] waiting      04m55.9s     

running (06m06.0s), 000/060 VUs, 10394 complete and 0 interrupted iterations
radar                ✓ [ 100% ] 000/060 VUs  5m0s          80.00 iters/s
transferencias         [  12% ] 000/040 VUs  0m35.1s/5m0s  01.59 iters/s
webhookEntregaFalida • [   0% ] waiting      04m54.9s     

running (06m07.0s), 000/060 VUs, 10395 complete and 0 interrupted iterations
radar                ✓ [ 100% ] 000/060 VUs  5m0s          80.00 iters/s
transferencias         [  12% ] 000/040 VUs  0m36.1s/5m0s  01.60 iters/s
webhookEntregaFalida • [   0% ] waiting      04m53.9s     

running (06m08.0s), 000/060 VUs, 10397 complete and 0 interrupted iterations
radar                ✓ [ 100% ] 000/060 VUs  5m0s          80.00 iters/s
transferencias         [  12% ] 000/040 VUs  0m37.1s/5m0s  01.62 iters/s
webhookEntregaFalida • [   0% ] waiting      04m52.9s     

running (06m09.0s), 000/060 VUs, 10399 complete and 0 interrupted iterations
radar                ✓ [ 100% ] 000/060 VUs  5m0s          80.00 iters/s
transferencias         [  13% ] 000/040 VUs  0m38.1s/5m0s  01.64 iters/s
webhookEntregaFalida • [   0% ] waiting      04m51.9s     

running (06m10.0s), 000/060 VUs, 10400 complete and 0 interrupted iterations
radar                ✓ [ 100% ] 000/060 VUs  5m0s          80.00 iters/s
transferencias         [  13% ] 000/040 VUs  0m39.1s/5m0s  01.65 iters/s
webhookEntregaFalida • [   0% ] waiting      04m50.9s     

running (06m11.0s), 000/060 VUs, 10402 complete and 0 interrupted iterations
radar                ✓ [ 100% ] 000/060 VUs  5m0s          80.00 iters/s
transferencias         [  13% ] 000/040 VUs  0m40.1s/5m0s  01.67 iters/s
webhookEntregaFalida • [   0% ] waiting      04m49.9s     

running (06m12.0s), 000/060 VUs, 10404 complete and 0 interrupted iterations
radar                ✓ [ 100% ] 000/060 VUs  5m0s          80.00 iters/s
transferencias         [  14% ] 000/040 VUs  0m41.1s/5m0s  01.69 iters/s
webhookEntregaFalida • [   0% ] waiting      04m48.9s     

running (06m13.0s), 000/060 VUs, 10405 complete and 0 interrupted iterations
radar                ✓ [ 100% ] 000/060 VUs  5m0s          80.00 iters/s
transferencias         [  14% ] 000/040 VUs  0m42.1s/5m0s  01.70 iters/s
webhookEntregaFalida • [   0% ] waiting      04m47.9s     

running (06m14.0s), 000/060 VUs, 10407 complete and 0 interrupted iterations
radar                ✓ [ 100% ] 000/060 VUs  5m0s          80.00 iters/s
transferencias         [  14% ] 000/040 VUs  0m43.1s/5m0s  01.72 iters/s
webhookEntregaFalida • [   0% ] waiting      04m46.9s     

running (06m15.0s), 000/060 VUs, 10409 complete and 0 interrupted iterations
radar                ✓ [ 100% ] 000/060 VUs  5m0s          80.00 iters/s
transferencias         [  15% ] 000/040 VUs  0m44.1s/5m0s  01.74 iters/s
webhookEntregaFalida • [   0% ] waiting      04m45.9s     

running (06m16.0s), 000/060 VUs, 10411 complete and 0 interrupted iterations
radar                ✓ [ 100% ] 000/060 VUs  5m0s          80.00 iters/s
transferencias         [  15% ] 000/040 VUs  0m45.1s/5m0s  01.76 iters/s
webhookEntregaFalida • [   0% ] waiting      04m44.9s     

running (06m17.0s), 000/060 VUs, 10412 complete and 0 interrupted iterations
radar                ✓ [ 100% ] 000/060 VUs  5m0s          80.00 iters/s
transferencias         [  15% ] 000/040 VUs  0m46.1s/5m0s  01.77 iters/s
webhookEntregaFalida • [   0% ] waiting      04m43.9s     

running (06m18.0s), 000/060 VUs, 10414 complete and 0 interrupted iterations
radar                ✓ [ 100% ] 000/060 VUs  5m0s          80.00 iters/s
transferencias         [  16% ] 000/040 VUs  0m47.1s/5m0s  01.78 iters/s
webhookEntregaFalida • [   0% ] waiting      04m42.9s     

running (06m19.0s), 000/060 VUs, 10416 complete and 0 interrupted iterations
radar                ✓ [ 100% ] 000/060 VUs  5m0s          80.00 iters/s
transferencias         [  16% ] 000/040 VUs  0m48.1s/5m0s  01.80 iters/s
webhookEntregaFalida • [   0% ] waiting      04m41.9s     

running (06m20.0s), 000/060 VUs, 10418 complete and 0 interrupted iterations
radar                ✓ [ 100% ] 000/060 VUs  5m0s          80.00 iters/s
transferencias         [  16% ] 000/040 VUs  0m49.1s/5m0s  01.82 iters/s
webhookEntregaFalida • [   0% ] waiting      04m40.9s     

running (06m21.0s), 001/060 VUs, 10419 complete and 0 interrupted iterations
radar                ✓ [ 100% ] 000/060 VUs  5m0s          80.00 iters/s
transferencias         [  17% ] 001/040 VUs  0m50.1s/5m0s  01.84 iters/s
webhookEntregaFalida • [   0% ] waiting      04m39.9s     

running (06m22.0s), 000/060 VUs, 10421 complete and 0 interrupted iterations
radar                ✓ [ 100% ] 000/060 VUs  5m0s          80.00 iters/s
transferencias         [  17% ] 000/040 VUs  0m51.1s/5m0s  01.85 iters/s
webhookEntregaFalida • [   0% ] waiting      04m38.9s     

running (06m23.0s), 000/060 VUs, 10423 complete and 0 interrupted iterations
radar                ✓ [ 100% ] 000/060 VUs  5m0s          80.00 iters/s
transferencias         [  17% ] 000/040 VUs  0m52.1s/5m0s  01.87 iters/s
webhookEntregaFalida • [   0% ] waiting      04m37.9s     

running (06m24.0s), 000/060 VUs, 10425 complete and 0 interrupted iterations
radar                ✓ [ 100% ] 000/060 VUs  5m0s          80.00 iters/s
transferencias         [  18% ] 000/040 VUs  0m53.1s/5m0s  01.88 iters/s
webhookEntregaFalida • [   0% ] waiting      04m36.9s     

running (06m25.0s), 000/060 VUs, 10427 complete and 0 interrupted iterations
radar                ✓ [ 100% ] 000/060 VUs  5m0s          80.00 iters/s
transferencias         [  18% ] 000/040 VUs  0m54.1s/5m0s  01.90 iters/s
webhookEntregaFalida • [   0% ] waiting      04m35.9s     

running (06m26.0s), 000/060 VUs, 10429 complete and 0 interrupted iterations
radar                ✓ [ 100% ] 000/060 VUs  5m0s          80.00 iters/s
transferencias         [  18% ] 000/040 VUs  0m55.1s/5m0s  01.92 iters/s
webhookEntregaFalida • [   0% ] waiting      04m34.9s     

running (06m27.0s), 000/060 VUs, 10431 complete and 0 interrupted iterations
radar                ✓ [ 100% ] 000/060 VUs  5m0s          80.00 iters/s
transferencias         [  19% ] 000/040 VUs  0m56.1s/5m0s  01.94 iters/s
webhookEntregaFalida • [   0% ] waiting      04m33.9s     

running (06m28.0s), 000/060 VUs, 10433 complete and 0 interrupted iterations
radar                ✓ [ 100% ] 000/060 VUs  5m0s          80.00 iters/s
transferencias         [  19% ] 000/040 VUs  0m57.1s/5m0s  01.95 iters/s
webhookEntregaFalida • [   0% ] waiting      04m32.9s     

running (06m29.0s), 000/060 VUs, 10435 complete and 0 interrupted iterations
radar                ✓ [ 100% ] 000/060 VUs  5m0s          80.00 iters/s
transferencias         [  19% ] 000/040 VUs  0m58.1s/5m0s  01.97 iters/s
webhookEntregaFalida • [   0% ] waiting      04m31.9s     

running (06m30.0s), 000/060 VUs, 10437 complete and 0 interrupted iterations
radar                ✓ [ 100% ] 000/060 VUs  5m0s          80.00 iters/s
transferencias         [  20% ] 000/040 VUs  0m59.1s/5m0s  01.99 iters/s
webhookEntregaFalida • [   0% ] waiting      04m30.9s     

running (06m31.0s), 000/060 VUs, 10439 complete and 0 interrupted iterations
radar                ✓ [ 100% ] 000/060 VUs  5m0s          80.00 iters/s
transferencias         [  20% ] 000/040 VUs  1m00.1s/5m0s  02.01 iters/s
webhookEntregaFalida • [   0% ] waiting      04m29.9s     

running (06m32.0s), 000/060 VUs, 10441 complete and 0 interrupted iterations
radar                ✓ [ 100% ] 000/060 VUs  5m0s          80.00 iters/s
transferencias         [  20% ] 000/040 VUs  1m01.1s/5m0s  02.06 iters/s
webhookEntregaFalida • [   0% ] waiting      04m28.9s     

running (06m33.0s), 000/060 VUs, 10443 complete and 0 interrupted iterations
radar                ✓ [ 100% ] 000/060 VUs  5m0s          80.00 iters/s
transferencias         [  21% ] 000/040 VUs  1m02.1s/5m0s  02.11 iters/s
webhookEntregaFalida • [   0% ] waiting      04m27.9s     

running (06m34.0s), 000/060 VUs, 10445 complete and 0 interrupted iterations
radar                ✓ [ 100% ] 000/060 VUs  5m0s          80.00 iters/s
transferencias         [  21% ] 000/040 VUs  1m03.1s/5m0s  02.16 iters/s
webhookEntregaFalida • [   0% ] waiting      04m26.9s     

running (06m35.0s), 000/060 VUs, 10447 complete and 0 interrupted iterations
radar                ✓ [ 100% ] 000/060 VUs  5m0s          80.00 iters/s
transferencias         [  21% ] 000/040 VUs  1m04.1s/5m0s  02.20 iters/s
webhookEntregaFalida • [   0% ] waiting      04m25.9s     

running (06m36.0s), 000/060 VUs, 10449 complete and 0 interrupted iterations
radar                ✓ [ 100% ] 000/060 VUs  5m0s          80.00 iters/s
transferencias         [  22% ] 000/040 VUs  1m05.1s/5m0s  02.25 iters/s
webhookEntregaFalida • [   0% ] waiting      04m24.9s     

running (06m37.0s), 000/060 VUs, 10452 complete and 0 interrupted iterations
radar                ✓ [ 100% ] 000/060 VUs  5m0s          80.00 iters/s
transferencias         [  22% ] 000/040 VUs  1m06.1s/5m0s  02.31 iters/s
webhookEntregaFalida • [   0% ] waiting      04m23.9s     

running (06m38.0s), 000/060 VUs, 10454 complete and 0 interrupted iterations
radar                ✓ [ 100% ] 000/060 VUs  5m0s          80.00 iters/s
transferencias         [  22% ] 000/040 VUs  1m07.1s/5m0s  02.36 iters/s
webhookEntregaFalida • [   0% ] waiting      04m22.9s     

running (06m39.0s), 000/060 VUs, 10456 complete and 0 interrupted iterations
radar                ✓ [ 100% ] 000/060 VUs  5m0s          80.00 iters/s
transferencias         [  23% ] 000/040 VUs  1m08.1s/5m0s  02.40 iters/s
webhookEntregaFalida • [   0% ] waiting      04m21.9s     

running (06m40.0s), 000/060 VUs, 10459 complete and 0 interrupted iterations
radar                ✓ [ 100% ] 000/060 VUs  5m0s          80.00 iters/s
transferencias         [  23% ] 000/040 VUs  1m09.1s/5m0s  02.46 iters/s
webhookEntregaFalida • [   0% ] waiting      04m20.9s     

running (06m41.0s), 000/060 VUs, 10461 complete and 0 interrupted iterations
radar                ✓ [ 100% ] 000/060 VUs  5m0s          80.00 iters/s
transferencias         [  23% ] 000/040 VUs  1m10.1s/5m0s  02.50 iters/s
webhookEntregaFalida • [   0% ] waiting      04m19.9s     

running (06m42.0s), 000/060 VUs, 10464 complete and 0 interrupted iterations
radar                ✓ [ 100% ] 000/060 VUs  5m0s          80.00 iters/s
transferencias         [  24% ] 000/040 VUs  1m11.1s/5m0s  02.56 iters/s
webhookEntregaFalida • [   0% ] waiting      04m18.9s     

running (06m43.0s), 000/060 VUs, 10466 complete and 0 interrupted iterations
radar                ✓ [ 100% ] 000/060 VUs  5m0s          80.00 iters/s
transferencias         [  24% ] 000/040 VUs  1m12.1s/5m0s  02.60 iters/s
webhookEntregaFalida • [   0% ] waiting      04m17.9s     

running (06m44.0s), 000/060 VUs, 10469 complete and 0 interrupted iterations
radar                ✓ [ 100% ] 000/060 VUs  5m0s          80.00 iters/s
transferencias         [  24% ] 000/040 VUs  1m13.1s/5m0s  02.66 iters/s
webhookEntregaFalida • [   0% ] waiting      04m16.9s     

running (06m45.0s), 000/060 VUs, 10472 complete and 0 interrupted iterations
radar                ✓ [ 100% ] 000/060 VUs  5m0s          80.00 iters/s
transferencias         [  25% ] 000/040 VUs  1m14.1s/5m0s  02.71 iters/s
webhookEntregaFalida • [   0% ] waiting      04m15.9s     

running (06m46.0s), 000/060 VUs, 10474 complete and 0 interrupted iterations
radar                ✓ [ 100% ] 000/060 VUs  5m0s          80.00 iters/s
transferencias         [  25% ] 000/040 VUs  1m15.1s/5m0s  02.75 iters/s
webhookEntregaFalida • [   0% ] waiting      04m14.9s     

running (06m47.0s), 000/060 VUs, 10477 complete and 0 interrupted iterations
radar                ✓ [ 100% ] 000/060 VUs  5m0s          80.00 iters/s
transferencias         [  25% ] 000/040 VUs  1m16.1s/5m0s  02.80 iters/s
webhookEntregaFalida • [   0% ] waiting      04m13.9s     

running (06m48.0s), 000/060 VUs, 10480 complete and 0 interrupted iterations
radar                ✓ [ 100% ] 000/060 VUs  5m0s          80.00 iters/s
transferencias         [  26% ] 000/040 VUs  1m17.1s/5m0s  02.85 iters/s
webhookEntregaFalida • [   0% ] waiting      04m12.9s     

running (06m49.0s), 000/060 VUs, 10483 complete and 0 interrupted iterations
radar                ✓ [ 100% ] 000/060 VUs  5m0s          80.00 iters/s
transferencias         [  26% ] 000/040 VUs  1m18.1s/5m0s  02.91 iters/s
webhookEntregaFalida • [   0% ] waiting      04m11.9s     

running (06m50.0s), 000/060 VUs, 10486 complete and 0 interrupted iterations
radar                ✓ [ 100% ] 000/060 VUs  5m0s          80.00 iters/s
transferencias         [  26% ] 000/040 VUs  1m19.1s/5m0s  02.96 iters/s
webhookEntregaFalida • [   0% ] waiting      04m10.9s     

running (06m51.0s), 000/060 VUs, 10489 complete and 0 interrupted iterations
radar                ✓ [ 100% ] 000/060 VUs  5m0s          80.00 iters/s
transferencias         [  27% ] 000/040 VUs  1m20.1s/5m0s  03.01 iters/s
webhookEntregaFalida • [   0% ] waiting      04m09.9s     

running (06m52.0s), 000/060 VUs, 10492 complete and 0 interrupted iterations
radar                ✓ [ 100% ] 000/060 VUs  5m0s          80.00 iters/s
transferencias         [  27% ] 000/040 VUs  1m21.1s/5m0s  03.06 iters/s
webhookEntregaFalida • [   0% ] waiting      04m08.9s     

running (06m53.0s), 000/060 VUs, 10495 complete and 0 interrupted iterations
radar                ✓ [ 100% ] 000/060 VUs  5m0s          80.00 iters/s
transferencias         [  27% ] 000/040 VUs  1m22.1s/5m0s  03.11 iters/s
webhookEntregaFalida • [   0% ] waiting      04m07.9s     

running (06m54.0s), 000/060 VUs, 10498 complete and 0 interrupted iterations
radar                ✓ [ 100% ] 000/060 VUs  5m0s          80.00 iters/s
transferencias         [  28% ] 000/040 VUs  1m23.1s/5m0s  03.15 iters/s
webhookEntregaFalida • [   0% ] waiting      04m06.9s     

running (06m55.0s), 000/060 VUs, 10501 complete and 0 interrupted iterations
radar                ✓ [ 100% ] 000/060 VUs  5m0s          80.00 iters/s
transferencias         [  28% ] 000/040 VUs  1m24.1s/5m0s  03.20 iters/s
webhookEntregaFalida • [   0% ] waiting      04m05.9s     

running (06m56.0s), 000/060 VUs, 10504 complete and 0 interrupted iterations
radar                ✓ [ 100% ] 000/060 VUs  5m0s          80.00 iters/s
transferencias         [  28% ] 000/040 VUs  1m25.1s/5m0s  03.25 iters/s
webhookEntregaFalida • [   0% ] waiting      04m04.9s     

running (06m57.0s), 000/060 VUs, 10508 complete and 0 interrupted iterations
radar                ✓ [ 100% ] 000/060 VUs  5m0s          80.00 iters/s
transferencias         [  29% ] 000/040 VUs  1m26.1s/5m0s  03.31 iters/s
webhookEntregaFalida • [   0% ] waiting      04m03.9s     

running (06m58.0s), 000/060 VUs, 10511 complete and 0 interrupted iterations
radar                ✓ [ 100% ] 000/060 VUs  5m0s          80.00 iters/s
transferencias         [  29% ] 000/040 VUs  1m27.1s/5m0s  03.35 iters/s
webhookEntregaFalida • [   0% ] waiting      04m02.9s     

running (06m59.0s), 000/060 VUs, 10514 complete and 0 interrupted iterations
radar                ✓ [ 100% ] 000/060 VUs  5m0s          80.00 iters/s
transferencias         [  29% ] 000/040 VUs  1m28.1s/5m0s  03.40 iters/s
webhookEntregaFalida • [   0% ] waiting      04m01.9s     

running (07m00.0s), 000/060 VUs, 10518 complete and 0 interrupted iterations
radar                ✓ [ 100% ] 000/060 VUs  5m0s          80.00 iters/s
transferencias         [  30% ] 000/040 VUs  1m29.1s/5m0s  03.46 iters/s
webhookEntregaFalida • [   0% ] waiting      04m00.9s     

running (07m01.0s), 000/060 VUs, 10521 complete and 0 interrupted iterations
radar                ✓ [ 100% ] 000/060 VUs  5m0s          80.00 iters/s
transferencias         [  30% ] 000/040 VUs  1m30.1s/5m0s  03.50 iters/s
webhookEntregaFalida • [   0% ] waiting      03m59.9s     

running (07m02.0s), 000/060 VUs, 10525 complete and 0 interrupted iterations
radar                ✓ [ 100% ] 000/060 VUs  5m0s          80.00 iters/s
transferencias         [  30% ] 000/040 VUs  1m31.1s/5m0s  03.56 iters/s
webhookEntregaFalida • [   0% ] waiting      03m58.9s     

running (07m03.0s), 000/060 VUs, 10528 complete and 0 interrupted iterations
radar                ✓ [ 100% ] 000/060 VUs  5m0s          80.00 iters/s
transferencias         [  31% ] 000/040 VUs  1m32.1s/5m0s  03.60 iters/s
webhookEntregaFalida • [   0% ] waiting      03m57.9s     

running (07m04.0s), 000/060 VUs, 10532 complete and 0 interrupted iterations
radar                ✓ [ 100% ] 000/060 VUs  5m0s          80.00 iters/s
transferencias         [  31% ] 000/040 VUs  1m33.1s/5m0s  03.65 iters/s
webhookEntregaFalida • [   0% ] waiting      03m56.9s     

running (07m05.0s), 000/060 VUs, 10536 complete and 0 interrupted iterations
radar                ✓ [ 100% ] 000/060 VUs  5m0s          80.00 iters/s
transferencias         [  31% ] 000/040 VUs  1m34.1s/5m0s  03.71 iters/s
webhookEntregaFalida • [   0% ] waiting      03m55.9s     

running (07m06.0s), 000/060 VUs, 10539 complete and 0 interrupted iterations
radar                ✓ [ 100% ] 000/060 VUs  5m0s          80.00 iters/s
transferencias         [  32% ] 000/040 VUs  1m35.1s/5m0s  03.76 iters/s
webhookEntregaFalida • [   0% ] waiting      03m54.9s     

running (07m07.0s), 000/060 VUs, 10543 complete and 0 interrupted iterations
radar                ✓ [ 100% ] 000/060 VUs  5m0s          80.00 iters/s
transferencias         [  32% ] 000/040 VUs  1m36.1s/5m0s  03.80 iters/s
webhookEntregaFalida • [   0% ] waiting      03m53.9s     

running (07m08.0s), 000/060 VUs, 10547 complete and 0 interrupted iterations
radar                ✓ [ 100% ] 000/060 VUs  5m0s          80.00 iters/s
transferencias         [  32% ] 000/040 VUs  1m37.1s/5m0s  03.85 iters/s
webhookEntregaFalida • [   0% ] waiting      03m52.9s     

running (07m09.0s), 000/060 VUs, 10551 complete and 0 interrupted iterations
radar                ✓ [ 100% ] 000/060 VUs  5m0s          80.00 iters/s
transferencias         [  33% ] 000/040 VUs  1m38.1s/5m0s  03.91 iters/s
webhookEntregaFalida • [   0% ] waiting      03m51.9s     

running (07m10.0s), 000/060 VUs, 10555 complete and 0 interrupted iterations
radar                ✓ [ 100% ] 000/060 VUs  5m0s          80.00 iters/s
transferencias         [  33% ] 000/040 VUs  1m39.1s/5m0s  03.96 iters/s
webhookEntregaFalida • [   0% ] waiting      03m50.9s     

running (07m11.0s), 000/060 VUs, 10559 complete and 0 interrupted iterations
radar                ✓ [ 100% ] 000/060 VUs  5m0s          80.00 iters/s
transferencias         [  33% ] 000/040 VUs  1m40.1s/5m0s  04.01 iters/s
webhookEntregaFalida • [   0% ] waiting      03m49.9s     

running (07m12.0s), 000/060 VUs, 10563 complete and 0 interrupted iterations
radar                ✓ [ 100% ] 000/060 VUs  5m0s          80.00 iters/s
transferencias         [  34% ] 000/040 VUs  1m41.1s/5m0s  04.06 iters/s
webhookEntregaFalida • [   0% ] waiting      03m48.9s     

running (07m13.0s), 000/060 VUs, 10567 complete and 0 interrupted iterations
radar                ✓ [ 100% ] 000/060 VUs  5m0s          80.00 iters/s
transferencias         [  34% ] 000/040 VUs  1m42.1s/5m0s  04.10 iters/s
webhookEntregaFalida • [   0% ] waiting      03m47.9s     

running (07m14.0s), 000/060 VUs, 10571 complete and 0 interrupted iterations
radar                ✓ [ 100% ] 000/060 VUs  5m0s          80.00 iters/s
transferencias         [  34% ] 000/040 VUs  1m43.1s/5m0s  04.15 iters/s
webhookEntregaFalida • [   0% ] waiting      03m46.9s     

running (07m15.0s), 000/060 VUs, 10575 complete and 0 interrupted iterations
radar                ✓ [ 100% ] 000/060 VUs  5m0s          80.00 iters/s
transferencias         [  35% ] 000/040 VUs  1m44.1s/5m0s  04.20 iters/s
webhookEntregaFalida • [   0% ] waiting      03m45.9s     

running (07m16.0s), 000/060 VUs, 10580 complete and 0 interrupted iterations
radar                ✓ [ 100% ] 000/060 VUs  5m0s          80.00 iters/s
transferencias         [  35% ] 000/040 VUs  1m45.1s/5m0s  04.26 iters/s
webhookEntregaFalida • [   0% ] waiting      03m44.9s     

running (07m17.0s), 000/060 VUs, 10584 complete and 0 interrupted iterations
radar                ✓ [ 100% ] 000/060 VUs  5m0s          80.00 iters/s
transferencias         [  35% ] 000/040 VUs  1m46.1s/5m0s  04.31 iters/s
webhookEntregaFalida • [   0% ] waiting      03m43.9s     

running (07m18.0s), 000/060 VUs, 10588 complete and 0 interrupted iterations
radar                ✓ [ 100% ] 000/060 VUs  5m0s          80.00 iters/s
transferencias         [  36% ] 000/040 VUs  1m47.1s/5m0s  04.35 iters/s
webhookEntregaFalida • [   0% ] waiting      03m42.9s     

running (07m19.0s), 001/060 VUs, 10592 complete and 0 interrupted iterations
radar                ✓ [ 100% ] 000/060 VUs  5m0s          80.00 iters/s
transferencias         [  36% ] 001/040 VUs  1m48.1s/5m0s  04.41 iters/s
webhookEntregaFalida • [   0% ] waiting      03m41.9s     

running (07m20.0s), 000/060 VUs, 10597 complete and 0 interrupted iterations
radar                ✓ [ 100% ] 000/060 VUs  5m0s          80.00 iters/s
transferencias         [  36% ] 000/040 VUs  1m49.1s/5m0s  04.46 iters/s
webhookEntregaFalida • [   0% ] waiting      03m40.9s     

running (07m21.0s), 000/060 VUs, 10601 complete and 0 interrupted iterations
radar                ✓ [ 100% ] 000/060 VUs  5m0s          80.00 iters/s
transferencias         [  37% ] 000/040 VUs  1m50.1s/5m0s  04.50 iters/s
webhookEntregaFalida • [   0% ] waiting      03m39.9s     

running (07m22.0s), 000/060 VUs, 10606 complete and 0 interrupted iterations
radar                ✓ [ 100% ] 000/060 VUs  5m0s          80.00 iters/s
transferencias         [  37% ] 000/040 VUs  1m51.1s/5m0s  04.56 iters/s
webhookEntregaFalida • [   0% ] waiting      03m38.9s     

running (07m23.0s), 000/060 VUs, 10611 complete and 0 interrupted iterations
radar                ✓ [ 100% ] 000/060 VUs  5m0s          80.00 iters/s
transferencias         [  37% ] 000/040 VUs  1m52.1s/5m0s  04.61 iters/s
webhookEntregaFalida • [   0% ] waiting      03m37.9s     

running (07m24.0s), 000/060 VUs, 10615 complete and 0 interrupted iterations
radar                ✓ [ 100% ] 000/060 VUs  5m0s          80.00 iters/s
transferencias         [  38% ] 000/040 VUs  1m53.1s/5m0s  04.65 iters/s
webhookEntregaFalida • [   0% ] waiting      03m36.9s     

running (07m25.0s), 000/060 VUs, 10620 complete and 0 interrupted iterations
radar                ✓ [ 100% ] 000/060 VUs  5m0s          80.00 iters/s
transferencias         [  38% ] 000/040 VUs  1m54.1s/5m0s  04.71 iters/s
webhookEntregaFalida • [   0% ] waiting      03m35.9s     

running (07m26.0s), 000/060 VUs, 10625 complete and 0 interrupted iterations
radar                ✓ [ 100% ] 000/060 VUs  5m0s          80.00 iters/s
transferencias         [  38% ] 000/040 VUs  1m55.1s/5m0s  04.76 iters/s
webhookEntregaFalida • [   0% ] waiting      03m34.9s     

running (07m27.0s), 000/060 VUs, 10629 complete and 0 interrupted iterations
radar                ✓ [ 100% ] 000/060 VUs  5m0s          80.00 iters/s
transferencias         [  39% ] 000/040 VUs  1m56.1s/5m0s  04.80 iters/s
webhookEntregaFalida • [   0% ] waiting      03m33.9s     

running (07m28.0s), 000/060 VUs, 10634 complete and 0 interrupted iterations
radar                ✓ [ 100% ] 000/060 VUs  5m0s          80.00 iters/s
transferencias         [  39% ] 000/040 VUs  1m57.1s/5m0s  04.85 iters/s
webhookEntregaFalida • [   0% ] waiting      03m32.9s     

running (07m29.0s), 000/060 VUs, 10639 complete and 0 interrupted iterations
radar                ✓ [ 100% ] 000/060 VUs  5m0s          80.00 iters/s
transferencias         [  39% ] 000/040 VUs  1m58.1s/5m0s  04.90 iters/s
webhookEntregaFalida • [   0% ] waiting      03m31.9s     

running (07m30.0s), 000/060 VUs, 10644 complete and 0 interrupted iterations
radar                ✓ [ 100% ] 000/060 VUs  5m0s          80.00 iters/s
transferencias         [  40% ] 000/040 VUs  1m59.1s/5m0s  04.95 iters/s
webhookEntregaFalida • [   0% ] waiting      03m30.9s     

running (07m31.0s), 000/060 VUs, 10649 complete and 0 interrupted iterations
radar                ✓ [ 100% ] 000/060 VUs  5m0s          80.00 iters/s
transferencias         [  40% ] 000/040 VUs  2m00.1s/5m0s  05.01 iters/s
webhookEntregaFalida • [   0% ] waiting      03m29.9s     

running (07m32.0s), 000/060 VUs, 10654 complete and 0 interrupted iterations
radar                ✓ [ 100% ] 000/060 VUs  5m0s          80.00 iters/s
transferencias         [  40% ] 000/040 VUs  2m01.1s/5m0s  05.09 iters/s
webhookEntregaFalida • [   0% ] waiting      03m28.9s     

running (07m33.0s), 000/060 VUs, 10659 complete and 0 interrupted iterations
radar                ✓ [ 100% ] 000/060 VUs  5m0s          80.00 iters/s
transferencias         [  41% ] 000/040 VUs  2m02.1s/5m0s  05.17 iters/s
webhookEntregaFalida • [   0% ] waiting      03m27.9s     

running (07m34.0s), 000/060 VUs, 10664 complete and 0 interrupted iterations
radar                ✓ [ 100% ] 000/060 VUs  5m0s          80.00 iters/s
transferencias         [  41% ] 000/040 VUs  2m03.1s/5m0s  05.25 iters/s
webhookEntregaFalida • [   0% ] waiting      03m26.9s     

running (07m35.0s), 000/060 VUs, 10670 complete and 0 interrupted iterations
radar                ✓ [ 100% ] 000/060 VUs  5m0s          80.00 iters/s
transferencias         [  41% ] 000/040 VUs  2m04.1s/5m0s  05.35 iters/s
webhookEntregaFalida • [   0% ] waiting      03m25.9s     

running (07m36.0s), 000/060 VUs, 10675 complete and 0 interrupted iterations
radar                ✓ [ 100% ] 000/060 VUs  5m0s          80.00 iters/s
transferencias         [  42% ] 000/040 VUs  2m05.1s/5m0s  05.42 iters/s
webhookEntregaFalida • [   0% ] waiting      03m24.9s     

running (07m37.0s), 000/060 VUs, 10681 complete and 0 interrupted iterations
radar                ✓ [ 100% ] 000/060 VUs  5m0s          80.00 iters/s
transferencias         [  42% ] 000/040 VUs  2m06.1s/5m0s  05.52 iters/s
webhookEntregaFalida • [   0% ] waiting      03m23.9s     

running (07m38.0s), 000/060 VUs, 10686 complete and 0 interrupted iterations
radar                ✓ [ 100% ] 000/060 VUs  5m0s          80.00 iters/s
transferencias         [  42% ] 000/040 VUs  2m07.1s/5m0s  05.59 iters/s
webhookEntregaFalida • [   0% ] waiting      03m22.9s     

running (07m39.0s), 000/060 VUs, 10692 complete and 0 interrupted iterations
radar                ✓ [ 100% ] 000/060 VUs  5m0s          80.00 iters/s
transferencias         [  43% ] 000/040 VUs  2m08.1s/5m0s  05.68 iters/s
webhookEntregaFalida • [   0% ] waiting      03m21.9s     

running (07m40.0s), 000/060 VUs, 10697 complete and 0 interrupted iterations
radar                ✓ [ 100% ] 000/060 VUs  5m0s          80.00 iters/s
transferencias         [  43% ] 000/040 VUs  2m09.1s/5m0s  05.75 iters/s
webhookEntregaFalida • [   0% ] waiting      03m20.9s     

running (07m41.0s), 000/060 VUs, 10703 complete and 0 interrupted iterations
radar                ✓ [ 100% ] 000/060 VUs  5m0s          80.00 iters/s
transferencias         [  43% ] 000/040 VUs  2m10.1s/5m0s  05.84 iters/s
webhookEntregaFalida • [   0% ] waiting      03m19.9s     

running (07m42.0s), 000/060 VUs, 10709 complete and 0 interrupted iterations
radar                ✓ [ 100% ] 000/060 VUs  5m0s          80.00 iters/s
transferencias         [  44% ] 000/040 VUs  2m11.1s/5m0s  05.92 iters/s
webhookEntregaFalida • [   0% ] waiting      03m18.9s     

running (07m43.0s), 000/060 VUs, 10715 complete and 0 interrupted iterations
radar                ✓ [ 100% ] 000/060 VUs  5m0s          80.00 iters/s
transferencias         [  44% ] 000/040 VUs  2m12.1s/5m0s  06.01 iters/s
webhookEntregaFalida • [   0% ] waiting      03m17.9s     

running (07m44.0s), 000/060 VUs, 10721 complete and 0 interrupted iterations
radar                ✓ [ 100% ] 000/060 VUs  5m0s          80.00 iters/s
transferencias         [  44% ] 000/040 VUs  2m13.1s/5m0s  06.09 iters/s
webhookEntregaFalida • [   0% ] waiting      03m16.9s     

running (07m45.0s), 000/060 VUs, 10727 complete and 0 interrupted iterations
radar                ✓ [ 100% ] 000/060 VUs  5m0s          80.00 iters/s
transferencias         [  45% ] 000/040 VUs  2m14.1s/5m0s  06.17 iters/s
webhookEntregaFalida • [   0% ] waiting      03m15.9s     

running (07m46.0s), 000/060 VUs, 10733 complete and 0 interrupted iterations
radar                ✓ [ 100% ] 000/060 VUs  5m0s          80.00 iters/s
transferencias         [  45% ] 000/040 VUs  2m15.1s/5m0s  06.25 iters/s
webhookEntregaFalida • [   0% ] waiting      03m14.9s     

running (07m47.0s), 000/060 VUs, 10740 complete and 0 interrupted iterations
radar                ✓ [ 100% ] 000/060 VUs  5m0s          80.00 iters/s
transferencias         [  45% ] 000/040 VUs  2m16.1s/5m0s  06.34 iters/s
webhookEntregaFalida • [   0% ] waiting      03m13.9s     

running (07m48.0s), 000/060 VUs, 10746 complete and 0 interrupted iterations
radar                ✓ [ 100% ] 000/060 VUs  5m0s          80.00 iters/s
transferencias         [  46% ] 000/040 VUs  2m17.1s/5m0s  06.42 iters/s
webhookEntregaFalida • [   0% ] waiting      03m12.9s     

running (07m49.0s), 000/060 VUs, 10753 complete and 0 interrupted iterations
radar                ✓ [ 100% ] 000/060 VUs  5m0s          80.00 iters/s
transferencias         [  46% ] 000/040 VUs  2m18.1s/5m0s  06.51 iters/s
webhookEntregaFalida • [   0% ] waiting      03m11.9s     

running (07m50.0s), 000/060 VUs, 10759 complete and 0 interrupted iterations
radar                ✓ [ 100% ] 000/060 VUs  5m0s          80.00 iters/s
transferencias         [  46% ] 000/040 VUs  2m19.1s/5m0s  06.59 iters/s
webhookEntregaFalida • [   0% ] waiting      03m10.9s     

running (07m51.0s), 000/060 VUs, 10766 complete and 0 interrupted iterations
radar                ✓ [ 100% ] 000/060 VUs  5m0s          80.00 iters/s
transferencias         [  47% ] 000/040 VUs  2m20.1s/5m0s  06.68 iters/s
webhookEntregaFalida • [   0% ] waiting      03m09.9s     

running (07m52.0s), 001/060 VUs, 10772 complete and 0 interrupted iterations
radar                ✓ [ 100% ] 000/060 VUs  5m0s          80.00 iters/s
transferencias         [  47% ] 001/040 VUs  2m21.1s/5m0s  06.76 iters/s
webhookEntregaFalida • [   0% ] waiting      03m08.9s     

running (07m53.0s), 000/060 VUs, 10779 complete and 0 interrupted iterations
radar                ✓ [ 100% ] 000/060 VUs  5m0s          80.00 iters/s
transferencias         [  47% ] 000/040 VUs  2m22.1s/5m0s  06.84 iters/s
webhookEntregaFalida • [   0% ] waiting      03m07.9s     

running (07m54.0s), 000/060 VUs, 10786 complete and 0 interrupted iterations
radar                ✓ [ 100% ] 000/060 VUs  5m0s          80.00 iters/s
transferencias         [  48% ] 000/040 VUs  2m23.1s/5m0s  06.92 iters/s
webhookEntregaFalida • [   0% ] waiting      03m06.9s     

running (07m55.0s), 000/060 VUs, 10793 complete and 0 interrupted iterations
radar                ✓ [ 100% ] 000/060 VUs  5m0s          80.00 iters/s
transferencias         [  48% ] 000/040 VUs  2m24.1s/5m0s  07.01 iters/s
webhookEntregaFalida • [   0% ] waiting      03m05.9s     

running (07m56.0s), 000/060 VUs, 10800 complete and 0 interrupted iterations
radar                ✓ [ 100% ] 000/060 VUs  5m0s          80.00 iters/s
transferencias         [  48% ] 000/040 VUs  2m25.1s/5m0s  07.09 iters/s
webhookEntregaFalida • [   0% ] waiting      03m04.9s     

running (07m57.0s), 000/060 VUs, 10807 complete and 0 interrupted iterations
radar                ✓ [ 100% ] 000/060 VUs  5m0s          80.00 iters/s
transferencias         [  49% ] 000/040 VUs  2m26.1s/5m0s  07.17 iters/s
webhookEntregaFalida • [   0% ] waiting      03m03.9s     

running (07m58.0s), 000/060 VUs, 10815 complete and 0 interrupted iterations
radar                ✓ [ 100% ] 000/060 VUs  5m0s          80.00 iters/s
transferencias         [  49% ] 000/040 VUs  2m27.1s/5m0s  07.26 iters/s
webhookEntregaFalida • [   0% ] waiting      03m02.9s     

running (07m59.0s), 000/060 VUs, 10822 complete and 0 interrupted iterations
radar                ✓ [ 100% ] 000/060 VUs  5m0s          80.00 iters/s
transferencias         [  49% ] 000/040 VUs  2m28.1s/5m0s  07.34 iters/s
webhookEntregaFalida • [   0% ] waiting      03m01.9s     

running (08m00.0s), 000/060 VUs, 10829 complete and 0 interrupted iterations
radar                ✓ [ 100% ] 000/060 VUs  5m0s          80.00 iters/s
transferencias         [  50% ] 000/040 VUs  2m29.1s/5m0s  07.42 iters/s
webhookEntregaFalida • [   0% ] waiting      03m00.9s     

running (08m01.0s), 000/060 VUs, 10837 complete and 0 interrupted iterations
radar                ✓ [ 100% ] 000/060 VUs  5m0s          80.00 iters/s
transferencias         [  50% ] 000/040 VUs  2m30.1s/5m0s  07.51 iters/s
webhookEntregaFalida • [   0% ] waiting      02m59.9s     

running (08m02.0s), 000/060 VUs, 10844 complete and 0 interrupted iterations
radar                ✓ [ 100% ] 000/060 VUs  5m0s          80.00 iters/s
transferencias         [  50% ] 000/040 VUs  2m31.1s/5m0s  07.59 iters/s
webhookEntregaFalida • [   0% ] waiting      02m58.9s     

running (08m03.0s), 000/060 VUs, 10852 complete and 0 interrupted iterations
radar                ✓ [ 100% ] 000/060 VUs  5m0s          80.00 iters/s
transferencias         [  51% ] 000/040 VUs  2m32.1s/5m0s  07.68 iters/s
webhookEntregaFalida • [   0% ] waiting      02m57.9s     

running (08m04.0s), 000/060 VUs, 10860 complete and 0 interrupted iterations
radar                ✓ [ 100% ] 000/060 VUs  5m0s          80.00 iters/s
transferencias         [  51% ] 000/040 VUs  2m33.1s/5m0s  07.76 iters/s
webhookEntregaFalida • [   0% ] waiting      02m56.9s     

running (08m05.0s), 000/060 VUs, 10867 complete and 0 interrupted iterations
radar                ✓ [ 100% ] 000/060 VUs  5m0s          80.00 iters/s
transferencias         [  51% ] 000/040 VUs  2m34.1s/5m0s  07.84 iters/s
webhookEntregaFalida • [   0% ] waiting      02m55.9s     

running (08m06.0s), 000/060 VUs, 10875 complete and 0 interrupted iterations
radar                ✓ [ 100% ] 000/060 VUs  5m0s          80.00 iters/s
transferencias         [  52% ] 000/040 VUs  2m35.1s/5m0s  07.92 iters/s
webhookEntregaFalida • [   0% ] waiting      02m54.9s     

running (08m07.0s), 000/060 VUs, 10883 complete and 0 interrupted iterations
radar                ✓ [ 100% ] 000/060 VUs  5m0s          80.00 iters/s
transferencias         [  52% ] 000/040 VUs  2m36.1s/5m0s  08.01 iters/s
webhookEntregaFalida • [   0% ] waiting      02m53.9s     

running (08m08.0s), 000/060 VUs, 10891 complete and 0 interrupted iterations
radar                ✓ [ 100% ] 000/060 VUs  5m0s          80.00 iters/s
transferencias         [  52% ] 000/040 VUs  2m37.1s/5m0s  08.09 iters/s
webhookEntregaFalida • [   0% ] waiting      02m52.9s     

running (08m09.0s), 000/060 VUs, 10899 complete and 0 interrupted iterations
radar                ✓ [ 100% ] 000/060 VUs  5m0s          80.00 iters/s
transferencias         [  53% ] 000/040 VUs  2m38.1s/5m0s  08.17 iters/s
webhookEntregaFalida • [   0% ] waiting      02m51.9s     

running (08m10.0s), 000/060 VUs, 10908 complete and 0 interrupted iterations
radar                ✓ [ 100% ] 000/060 VUs  5m0s          80.00 iters/s
transferencias         [  53% ] 000/040 VUs  2m39.1s/5m0s  08.26 iters/s
webhookEntregaFalida • [   0% ] waiting      02m50.9s     

running (08m11.0s), 000/060 VUs, 10916 complete and 0 interrupted iterations
radar                ✓ [ 100% ] 000/060 VUs  5m0s          80.00 iters/s
transferencias         [  53% ] 000/040 VUs  2m40.1s/5m0s  08.34 iters/s
webhookEntregaFalida • [   0% ] waiting      02m49.9s     

running (08m12.0s), 000/060 VUs, 10924 complete and 0 interrupted iterations
radar                ✓ [ 100% ] 000/060 VUs  5m0s          80.00 iters/s
transferencias         [  54% ] 000/040 VUs  2m41.1s/5m0s  08.42 iters/s
webhookEntregaFalida • [   0% ] waiting      02m48.9s     

running (08m13.0s), 000/060 VUs, 10933 complete and 0 interrupted iterations
radar                ✓ [ 100% ] 000/060 VUs  5m0s          80.00 iters/s
transferencias         [  54% ] 000/040 VUs  2m42.1s/5m0s  08.51 iters/s
webhookEntregaFalida • [   0% ] waiting      02m47.9s     

running (08m14.0s), 000/060 VUs, 10941 complete and 0 interrupted iterations
radar                ✓ [ 100% ] 000/060 VUs  5m0s          80.00 iters/s
transferencias         [  54% ] 000/040 VUs  2m43.1s/5m0s  08.59 iters/s
webhookEntregaFalida • [   0% ] waiting      02m46.9s     

running (08m15.0s), 000/060 VUs, 10950 complete and 0 interrupted iterations
radar                ✓ [ 100% ] 000/060 VUs  5m0s          80.00 iters/s
transferencias         [  55% ] 000/040 VUs  2m44.1s/5m0s  08.67 iters/s
webhookEntregaFalida • [   0% ] waiting      02m45.9s     

running (08m16.0s), 000/060 VUs, 10959 complete and 0 interrupted iterations
radar                ✓ [ 100% ] 000/060 VUs  5m0s          80.00 iters/s
transferencias         [  55% ] 000/040 VUs  2m45.1s/5m0s  08.76 iters/s
webhookEntregaFalida • [   0% ] waiting      02m44.9s     

running (08m17.0s), 001/060 VUs, 10967 complete and 0 interrupted iterations
radar                ✓ [ 100% ] 000/060 VUs  5m0s          80.00 iters/s
transferencias         [  55% ] 001/040 VUs  2m46.1s/5m0s  08.85 iters/s
webhookEntregaFalida • [   0% ] waiting      02m43.9s     

running (08m18.0s), 000/060 VUs, 10976 complete and 0 interrupted iterations
radar                ✓ [ 100% ] 000/060 VUs  5m0s          80.00 iters/s
transferencias         [  56% ] 000/040 VUs  2m47.1s/5m0s  08.92 iters/s
webhookEntregaFalida • [   0% ] waiting      02m42.9s     

running (08m19.0s), 000/060 VUs, 10985 complete and 0 interrupted iterations
radar                ✓ [ 100% ] 000/060 VUs  5m0s          80.00 iters/s
transferencias         [  56% ] 000/040 VUs  2m48.1s/5m0s  09.00 iters/s
webhookEntregaFalida • [   0% ] waiting      02m41.9s     

running (08m20.0s), 000/060 VUs, 10994 complete and 0 interrupted iterations
radar                ✓ [ 100% ] 000/060 VUs  5m0s          80.00 iters/s
transferencias         [  56% ] 000/040 VUs  2m49.1s/5m0s  09.09 iters/s
webhookEntregaFalida • [   0% ] waiting      02m40.9s     

running (08m21.0s), 000/060 VUs, 11004 complete and 0 interrupted iterations
radar                ✓ [ 100% ] 000/060 VUs  5m0s          80.00 iters/s
transferencias         [  57% ] 000/040 VUs  2m50.1s/5m0s  09.18 iters/s
webhookEntregaFalida • [   0% ] waiting      02m39.9s     

running (08m22.0s), 000/060 VUs, 11013 complete and 0 interrupted iterations
radar                ✓ [ 100% ] 000/060 VUs  5m0s          80.00 iters/s
transferencias         [  57% ] 000/040 VUs  2m51.1s/5m0s  09.26 iters/s
webhookEntregaFalida • [   0% ] waiting      02m38.9s     

running (08m23.0s), 000/060 VUs, 11022 complete and 0 interrupted iterations
radar                ✓ [ 100% ] 000/060 VUs  5m0s          80.00 iters/s
transferencias         [  57% ] 000/040 VUs  2m52.1s/5m0s  09.34 iters/s
webhookEntregaFalida • [   0% ] waiting      02m37.9s     

running (08m24.0s), 000/060 VUs, 11031 complete and 0 interrupted iterations
radar                ✓ [ 100% ] 000/060 VUs  5m0s          80.00 iters/s
transferencias         [  58% ] 000/040 VUs  2m53.1s/5m0s  09.42 iters/s
webhookEntregaFalida • [   0% ] waiting      02m36.9s     

running (08m25.0s), 000/060 VUs, 11041 complete and 0 interrupted iterations
radar                ✓ [ 100% ] 000/060 VUs  5m0s          80.00 iters/s
transferencias         [  58% ] 000/040 VUs  2m54.1s/5m0s  09.51 iters/s
webhookEntregaFalida • [   0% ] waiting      02m35.9s     

running (08m26.0s), 000/060 VUs, 11050 complete and 0 interrupted iterations
radar                ✓ [ 100% ] 000/060 VUs  5m0s          80.00 iters/s
transferencias         [  58% ] 001/040 VUs  2m55.1s/5m0s  09.60 iters/s
webhookEntregaFalida • [   0% ] waiting      02m34.9s     

running (08m27.0s), 000/060 VUs, 11060 complete and 0 interrupted iterations
radar                ✓ [ 100% ] 000/060 VUs  5m0s          80.00 iters/s
transferencias         [  59% ] 000/040 VUs  2m56.1s/5m0s  09.67 iters/s
webhookEntregaFalida • [   0% ] waiting      02m33.9s     

running (08m28.0s), 000/060 VUs, 11070 complete and 0 interrupted iterations
radar                ✓ [ 100% ] 000/060 VUs  5m0s          80.00 iters/s
transferencias         [  59% ] 000/040 VUs  2m57.1s/5m0s  09.76 iters/s
webhookEntregaFalida • [   0% ] waiting      02m32.9s     

running (08m29.0s), 000/060 VUs, 11080 complete and 0 interrupted iterations
radar                ✓ [ 100% ] 000/060 VUs  5m0s          80.00 iters/s
transferencias         [  59% ] 000/040 VUs  2m58.1s/5m0s  09.84 iters/s
webhookEntregaFalida • [   0% ] waiting      02m31.9s     

running (08m30.0s), 001/060 VUs, 11089 complete and 0 interrupted iterations
radar                ✓ [ 100% ] 000/060 VUs  5m0s          80.00 iters/s
transferencias         [  60% ] 001/040 VUs  2m59.1s/5m0s  09.93 iters/s
webhookEntregaFalida • [   0% ] waiting      02m30.9s     

running (08m31.0s), 001/060 VUs, 11099 complete and 0 interrupted iterations
radar                ✓ [ 100% ] 000/060 VUs  5m0s          80.00 iters/s
transferencias         [  60% ] 001/040 VUs  3m00.1s/5m0s  10.01 iters/s
webhookEntregaFalida • [   0% ] waiting      02m29.9s     

running (08m32.0s), 001/060 VUs, 11109 complete and 0 interrupted iterations
radar                ✓ [ 100% ] 000/060 VUs  5m0s          80.00 iters/s
transferencias         [  60% ] 001/040 VUs  3m01.1s/5m0s  10.10 iters/s
webhookEntregaFalida • [   0% ] waiting      02m28.9s     

running (08m33.0s), 000/060 VUs, 11120 complete and 0 interrupted iterations
radar                ✓ [ 100% ] 000/060 VUs  5m0s          80.00 iters/s
transferencias         [  61% ] 000/040 VUs  3m02.1s/5m0s  10.18 iters/s
webhookEntregaFalida • [   0% ] waiting      02m27.9s     

running (08m34.0s), 000/060 VUs, 11130 complete and 0 interrupted iterations
radar                ✓ [ 100% ] 000/060 VUs  5m0s          80.00 iters/s
transferencias         [  61% ] 000/040 VUs  3m03.1s/5m0s  10.26 iters/s
webhookEntregaFalida • [   0% ] waiting      02m26.9s     

running (08m35.0s), 000/060 VUs, 11140 complete and 0 interrupted iterations
radar                ✓ [ 100% ] 000/060 VUs  5m0s          80.00 iters/s
transferencias         [  61% ] 000/040 VUs  3m04.1s/5m0s  10.34 iters/s
webhookEntregaFalida • [   0% ] waiting      02m25.9s     

running (08m36.0s), 001/060 VUs, 11150 complete and 0 interrupted iterations
radar                ✓ [ 100% ] 000/060 VUs  5m0s          80.00 iters/s
transferencias         [  62% ] 001/040 VUs  3m05.1s/5m0s  10.43 iters/s
webhookEntregaFalida • [   0% ] waiting      02m24.9s     

running (08m37.0s), 000/060 VUs, 11161 complete and 0 interrupted iterations
radar                ✓ [ 100% ] 000/060 VUs  5m0s          80.00 iters/s
transferencias         [  62% ] 000/040 VUs  3m06.1s/5m0s  10.51 iters/s
webhookEntregaFalida • [   0% ] waiting      02m23.9s     

running (08m38.0s), 001/060 VUs, 11171 complete and 0 interrupted iterations
radar                ✓ [ 100% ] 000/060 VUs  5m0s          80.00 iters/s
transferencias         [  62% ] 001/040 VUs  3m07.1s/5m0s  10.59 iters/s
webhookEntregaFalida • [   0% ] waiting      02m22.9s     

running (08m39.0s), 000/060 VUs, 11182 complete and 0 interrupted iterations
radar                ✓ [ 100% ] 000/060 VUs  5m0s          80.00 iters/s
transferencias         [  63% ] 000/040 VUs  3m08.1s/5m0s  10.67 iters/s
webhookEntregaFalida • [   0% ] waiting      02m21.9s     

running (08m40.0s), 000/060 VUs, 11193 complete and 0 interrupted iterations
radar                ✓ [ 100% ] 000/060 VUs  5m0s          80.00 iters/s
transferencias         [  63% ] 000/040 VUs  3m09.1s/5m0s  10.76 iters/s
webhookEntregaFalida • [   0% ] waiting      02m20.9s     

running (08m41.0s), 000/060 VUs, 11204 complete and 0 interrupted iterations
radar                ✓ [ 100% ] 000/060 VUs  5m0s          80.00 iters/s
transferencias         [  63% ] 000/040 VUs  3m10.1s/5m0s  10.84 iters/s
webhookEntregaFalida • [   0% ] waiting      02m19.9s     

running (08m42.0s), 001/060 VUs, 11214 complete and 0 interrupted iterations
radar                ✓ [ 100% ] 000/060 VUs  5m0s          80.00 iters/s
transferencias         [  64% ] 001/040 VUs  3m11.1s/5m0s  10.93 iters/s
webhookEntregaFalida • [   0% ] waiting      02m18.9s     

running (08m43.0s), 000/060 VUs, 11226 complete and 0 interrupted iterations
radar                ✓ [ 100% ] 000/060 VUs  5m0s          80.00 iters/s
transferencias         [  64% ] 000/040 VUs  3m12.1s/5m0s  11.01 iters/s
webhookEntregaFalida • [   0% ] waiting      02m17.9s     

running (08m44.0s), 000/060 VUs, 11237 complete and 0 interrupted iterations
radar                ✓ [ 100% ] 000/060 VUs  5m0s          80.00 iters/s
transferencias         [  64% ] 000/040 VUs  3m13.1s/5m0s  11.09 iters/s
webhookEntregaFalida • [   0% ] waiting      02m16.9s     

running (08m45.0s), 000/060 VUs, 11248 complete and 0 interrupted iterations
radar                ✓ [ 100% ] 000/060 VUs  5m0s          80.00 iters/s
transferencias         [  65% ] 000/040 VUs  3m14.1s/5m0s  11.18 iters/s
webhookEntregaFalida • [   0% ] waiting      02m15.9s     

running (08m46.0s), 000/060 VUs, 11259 complete and 0 interrupted iterations
radar                ✓ [ 100% ] 000/060 VUs  5m0s          80.00 iters/s
transferencias         [  65% ] 000/040 VUs  3m15.1s/5m0s  11.26 iters/s
webhookEntregaFalida • [   0% ] waiting      02m14.9s     

running (08m47.0s), 000/060 VUs, 11270 complete and 0 interrupted iterations
radar                ✓ [ 100% ] 000/060 VUs  5m0s          80.00 iters/s
transferencias         [  65% ] 000/040 VUs  3m16.1s/5m0s  11.34 iters/s
webhookEntregaFalida • [   0% ] waiting      02m13.9s     

running (08m48.0s), 000/060 VUs, 11282 complete and 0 interrupted iterations
radar                ✓ [ 100% ] 000/060 VUs  5m0s          80.00 iters/s
transferencias         [  66% ] 000/040 VUs  3m17.1s/5m0s  11.43 iters/s
webhookEntregaFalida • [   0% ] waiting      02m12.9s     

running (08m49.0s), 000/060 VUs, 11293 complete and 0 interrupted iterations
radar                ✓ [ 100% ] 000/060 VUs  5m0s          80.00 iters/s
transferencias         [  66% ] 000/040 VUs  3m18.1s/5m0s  11.51 iters/s
webhookEntregaFalida • [   0% ] waiting      02m11.9s     

running (08m50.0s), 000/060 VUs, 11305 complete and 0 interrupted iterations
radar                ✓ [ 100% ] 000/060 VUs  5m0s          80.00 iters/s
transferencias         [  66% ] 000/040 VUs  3m19.1s/5m0s  11.59 iters/s
webhookEntregaFalida • [   0% ] waiting      02m10.9s     

running (08m51.0s), 000/060 VUs, 11316 complete and 0 interrupted iterations
radar                ✓ [ 100% ] 000/060 VUs  5m0s          80.00 iters/s
transferencias         [  67% ] 000/040 VUs  3m20.1s/5m0s  11.67 iters/s
webhookEntregaFalida • [   0% ] waiting      02m09.9s     

running (08m52.0s), 000/060 VUs, 11328 complete and 0 interrupted iterations
radar                ✓ [ 100% ] 000/060 VUs  5m0s          80.00 iters/s
transferencias         [  67% ] 000/040 VUs  3m21.1s/5m0s  11.76 iters/s
webhookEntregaFalida • [   0% ] waiting      02m08.9s     

running (08m53.0s), 000/060 VUs, 11340 complete and 0 interrupted iterations
radar                ✓ [ 100% ] 000/060 VUs  5m0s          80.00 iters/s
transferencias         [  67% ] 000/040 VUs  3m22.1s/5m0s  11.84 iters/s
webhookEntregaFalida • [   0% ] waiting      02m07.9s     

running (08m54.0s), 000/060 VUs, 11352 complete and 0 interrupted iterations
radar                ✓ [ 100% ] 000/060 VUs  5m0s          80.00 iters/s
transferencias         [  68% ] 000/040 VUs  3m23.1s/5m0s  11.93 iters/s
webhookEntregaFalida • [   0% ] waiting      02m06.9s     

running (08m55.0s), 000/060 VUs, 11364 complete and 0 interrupted iterations
radar                ✓ [ 100% ] 000/060 VUs  5m0s          80.00 iters/s
transferencias         [  68% ] 000/040 VUs  3m24.1s/5m0s  12.01 iters/s
webhookEntregaFalida • [   0% ] waiting      02m05.9s     

running (08m56.0s), 000/060 VUs, 11376 complete and 0 interrupted iterations
radar                ✓ [ 100% ] 000/060 VUs  5m0s          80.00 iters/s
transferencias         [  68% ] 000/040 VUs  3m25.1s/5m0s  12.09 iters/s
webhookEntregaFalida • [   0% ] waiting      02m04.9s     

running (08m57.0s), 000/060 VUs, 11388 complete and 0 interrupted iterations
radar                ✓ [ 100% ] 000/060 VUs  5m0s          80.00 iters/s
transferencias         [  69% ] 000/040 VUs  3m26.1s/5m0s  12.18 iters/s
webhookEntregaFalida • [   0% ] waiting      02m03.9s     

running (08m58.0s), 000/060 VUs, 11400 complete and 0 interrupted iterations
radar                ✓ [ 100% ] 000/060 VUs  5m0s          80.00 iters/s
transferencias         [  69% ] 000/040 VUs  3m27.1s/5m0s  12.26 iters/s
webhookEntregaFalida • [   0% ] waiting      02m02.9s     

running (08m59.0s), 000/060 VUs, 11412 complete and 0 interrupted iterations
radar                ✓ [ 100% ] 000/060 VUs  5m0s          80.00 iters/s
transferencias         [  69% ] 000/040 VUs  3m28.1s/5m0s  12.34 iters/s
webhookEntregaFalida • [   0% ] waiting      02m01.9s     

running (09m00.0s), 000/060 VUs, 11425 complete and 0 interrupted iterations
radar                ✓ [ 100% ] 000/060 VUs  5m0s          80.00 iters/s
transferencias         [  70% ] 000/040 VUs  3m29.1s/5m0s  12.43 iters/s
webhookEntregaFalida • [   0% ] waiting      02m00.9s     

running (09m01.0s), 000/060 VUs, 11437 complete and 0 interrupted iterations
radar                ✓ [ 100% ] 000/060 VUs  5m0s          80.00 iters/s
transferencias         [  70% ] 000/040 VUs  3m30.1s/5m0s  12.51 iters/s
webhookEntregaFalida • [   0% ] waiting      01m59.9s     

running (09m02.0s), 000/060 VUs, 11450 complete and 0 interrupted iterations
radar                ✓ [ 100% ] 000/060 VUs  5m0s          80.00 iters/s
transferencias         [  70% ] 000/040 VUs  3m31.1s/5m0s  12.59 iters/s
webhookEntregaFalida • [   0% ] waiting      01m58.9s     

running (09m03.0s), 000/060 VUs, 11462 complete and 0 interrupted iterations
radar                ✓ [ 100% ] 000/060 VUs  5m0s          80.00 iters/s
transferencias         [  71% ] 000/040 VUs  3m32.1s/5m0s  12.67 iters/s
webhookEntregaFalida • [   0% ] waiting      01m57.9s     

running (09m04.0s), 000/060 VUs, 11475 complete and 0 interrupted iterations
radar                ✓ [ 100% ] 000/060 VUs  5m0s          80.00 iters/s
transferencias         [  71% ] 000/040 VUs  3m33.1s/5m0s  12.76 iters/s
webhookEntregaFalida • [   0% ] waiting      01m56.9s     

running (09m05.0s), 000/060 VUs, 11488 complete and 0 interrupted iterations
radar                ✓ [ 100% ] 000/060 VUs  5m0s          80.00 iters/s
transferencias         [  71% ] 000/040 VUs  3m34.1s/5m0s  12.84 iters/s
webhookEntregaFalida • [   0% ] waiting      01m55.9s     

running (09m06.0s), 000/060 VUs, 11501 complete and 0 interrupted iterations
radar                ✓ [ 100% ] 000/060 VUs  5m0s          80.00 iters/s
transferencias         [  72% ] 000/040 VUs  3m35.1s/5m0s  12.93 iters/s
webhookEntregaFalida • [   0% ] waiting      01m54.9s     

running (09m07.0s), 000/060 VUs, 11514 complete and 0 interrupted iterations
radar                ✓ [ 100% ] 000/060 VUs  5m0s          80.00 iters/s
transferencias         [  72% ] 000/040 VUs  3m36.1s/5m0s  13.01 iters/s
webhookEntregaFalida • [   0% ] waiting      01m53.9s     

running (09m08.0s), 000/060 VUs, 11527 complete and 0 interrupted iterations
radar                ✓ [ 100% ] 000/060 VUs  5m0s          80.00 iters/s
transferencias         [  72% ] 000/040 VUs  3m37.1s/5m0s  13.09 iters/s
webhookEntregaFalida • [   0% ] waiting      01m52.9s     

running (09m09.0s), 000/060 VUs, 11540 complete and 0 interrupted iterations
radar                ✓ [ 100% ] 000/060 VUs  5m0s          80.00 iters/s
transferencias         [  73% ] 000/040 VUs  3m38.1s/5m0s  13.18 iters/s
webhookEntregaFalida • [   0% ] waiting      01m51.9s     

running (09m10.0s), 000/060 VUs, 11553 complete and 0 interrupted iterations
radar                ✓ [ 100% ] 000/060 VUs  5m0s          80.00 iters/s
transferencias         [  73% ] 000/040 VUs  3m39.1s/5m0s  13.26 iters/s
webhookEntregaFalida • [   0% ] waiting      01m50.9s     

running (09m11.0s), 000/060 VUs, 11566 complete and 0 interrupted iterations
radar                ✓ [ 100% ] 000/060 VUs  5m0s          80.00 iters/s
transferencias         [  73% ] 000/040 VUs  3m40.1s/5m0s  13.34 iters/s
webhookEntregaFalida • [   0% ] waiting      01m49.9s     

running (09m12.0s), 000/060 VUs, 11580 complete and 0 interrupted iterations
radar                ✓ [ 100% ] 000/060 VUs  5m0s          80.00 iters/s
transferencias         [  74% ] 000/040 VUs  3m41.1s/5m0s  13.43 iters/s
webhookEntregaFalida • [   0% ] waiting      01m48.9s     

running (09m13.0s), 000/060 VUs, 11593 complete and 0 interrupted iterations
radar                ✓ [ 100% ] 000/060 VUs  5m0s          80.00 iters/s
transferencias         [  74% ] 000/040 VUs  3m42.1s/5m0s  13.51 iters/s
webhookEntregaFalida • [   0% ] waiting      01m47.9s     

running (09m14.0s), 000/060 VUs, 11607 complete and 0 interrupted iterations
radar                ✓ [ 100% ] 000/060 VUs  5m0s          80.00 iters/s
transferencias         [  74% ] 000/040 VUs  3m43.1s/5m0s  13.59 iters/s
webhookEntregaFalida • [   0% ] waiting      01m46.9s     

running (09m15.0s), 001/060 VUs, 11620 complete and 0 interrupted iterations
radar                ✓ [ 100% ] 000/060 VUs  5m0s          80.00 iters/s
transferencias         [  75% ] 001/040 VUs  3m44.1s/5m0s  13.68 iters/s
webhookEntregaFalida • [   0% ] waiting      01m45.9s     

running (09m16.0s), 000/060 VUs, 11634 complete and 0 interrupted iterations
radar                ✓ [ 100% ] 000/060 VUs  5m0s          80.00 iters/s
transferencias         [  75% ] 000/040 VUs  3m45.1s/5m0s  13.76 iters/s
webhookEntregaFalida • [   0% ] waiting      01m44.9s     

running (09m17.0s), 000/060 VUs, 11648 complete and 0 interrupted iterations
radar                ✓ [ 100% ] 000/060 VUs  5m0s          80.00 iters/s
transferencias         [  75% ] 000/040 VUs  3m46.1s/5m0s  13.84 iters/s
webhookEntregaFalida • [   0% ] waiting      01m43.9s     

running (09m18.0s), 000/060 VUs, 11662 complete and 0 interrupted iterations
radar                ✓ [ 100% ] 000/060 VUs  5m0s          80.00 iters/s
transferencias         [  76% ] 000/040 VUs  3m47.1s/5m0s  13.93 iters/s
webhookEntregaFalida • [   0% ] waiting      01m42.9s     

running (09m19.0s), 000/060 VUs, 11676 complete and 0 interrupted iterations
radar                ✓ [ 100% ] 000/060 VUs  5m0s          80.00 iters/s
transferencias         [  76% ] 000/040 VUs  3m48.1s/5m0s  14.01 iters/s
webhookEntregaFalida • [   0% ] waiting      01m41.9s     

running (09m20.0s), 000/060 VUs, 11690 complete and 0 interrupted iterations
radar                ✓ [ 100% ] 000/060 VUs  5m0s          80.00 iters/s
transferencias         [  76% ] 000/040 VUs  3m49.1s/5m0s  14.09 iters/s
webhookEntregaFalida • [   0% ] waiting      01m40.9s     

running (09m21.0s), 000/060 VUs, 11704 complete and 0 interrupted iterations
radar                ✓ [ 100% ] 000/060 VUs  5m0s          80.00 iters/s
transferencias         [  77% ] 000/040 VUs  3m50.1s/5m0s  14.17 iters/s
webhookEntregaFalida • [   0% ] waiting      01m39.9s     

running (09m22.0s), 000/060 VUs, 11718 complete and 0 interrupted iterations
radar                ✓ [ 100% ] 000/060 VUs  5m0s          80.00 iters/s
transferencias         [  77% ] 000/040 VUs  3m51.1s/5m0s  14.26 iters/s
webhookEntregaFalida • [   0% ] waiting      01m38.9s     

running (09m23.0s), 000/060 VUs, 11733 complete and 0 interrupted iterations
radar                ✓ [ 100% ] 000/060 VUs  5m0s          80.00 iters/s
transferencias         [  77% ] 000/040 VUs  3m52.1s/5m0s  14.34 iters/s
webhookEntregaFalida • [   0% ] waiting      01m37.9s     

running (09m24.0s), 000/060 VUs, 11747 complete and 0 interrupted iterations
radar                ✓ [ 100% ] 000/060 VUs  5m0s          80.00 iters/s
transferencias         [  78% ] 000/040 VUs  3m53.1s/5m0s  14.43 iters/s
webhookEntregaFalida • [   0% ] waiting      01m36.9s     

running (09m25.0s), 000/060 VUs, 11761 complete and 0 interrupted iterations
radar                ✓ [ 100% ] 000/060 VUs  5m0s          80.00 iters/s
transferencias         [  78% ] 000/040 VUs  3m54.1s/5m0s  14.51 iters/s
webhookEntregaFalida • [   0% ] waiting      01m35.9s     

running (09m26.0s), 000/060 VUs, 11776 complete and 0 interrupted iterations
radar                ✓ [ 100% ] 000/060 VUs  5m0s          80.00 iters/s
transferencias         [  78% ] 000/040 VUs  3m55.1s/5m0s  14.59 iters/s
webhookEntregaFalida • [   0% ] waiting      01m34.9s     

running (09m27.0s), 000/060 VUs, 11791 complete and 0 interrupted iterations
radar                ✓ [ 100% ] 000/060 VUs  5m0s          80.00 iters/s
transferencias         [  79% ] 000/040 VUs  3m56.1s/5m0s  14.68 iters/s
webhookEntregaFalida • [   0% ] waiting      01m33.9s     

running (09m28.0s), 000/060 VUs, 11805 complete and 0 interrupted iterations
radar                ✓ [ 100% ] 000/060 VUs  5m0s          80.00 iters/s
transferencias         [  79% ] 000/040 VUs  3m57.1s/5m0s  14.76 iters/s
webhookEntregaFalida • [   0% ] waiting      01m32.9s     

running (09m29.0s), 000/060 VUs, 11820 complete and 0 interrupted iterations
radar                ✓ [ 100% ] 000/060 VUs  5m0s          80.00 iters/s
transferencias         [  79% ] 000/040 VUs  3m58.1s/5m0s  14.84 iters/s
webhookEntregaFalida • [   0% ] waiting      01m31.9s     

running (09m30.0s), 000/060 VUs, 11835 complete and 0 interrupted iterations
radar                ✓ [ 100% ] 000/060 VUs  5m0s          80.00 iters/s
transferencias         [  80% ] 000/040 VUs  3m59.1s/5m0s  14.92 iters/s
webhookEntregaFalida • [   0% ] waiting      01m30.9s     

running (09m31.0s), 000/060 VUs, 11850 complete and 0 interrupted iterations
radar                ✓ [ 100% ] 000/060 VUs  5m0s          80.00 iters/s
transferencias         [  80% ] 000/040 VUs  4m00.1s/5m0s  15.01 iters/s
webhookEntregaFalida • [   0% ] waiting      01m29.9s     

running (09m32.0s), 000/060 VUs, 11865 complete and 0 interrupted iterations
radar                ✓ [ 100% ] 000/060 VUs  5m0s          80.00 iters/s
transferencias         [  80% ] 000/040 VUs  4m01.1s/5m0s  15.09 iters/s
webhookEntregaFalida • [   0% ] waiting      01m28.9s     

running (09m33.0s), 000/060 VUs, 11880 complete and 0 interrupted iterations
radar                ✓ [ 100% ] 000/060 VUs  5m0s          80.00 iters/s
transferencias         [  81% ] 000/040 VUs  4m02.1s/5m0s  15.17 iters/s
webhookEntregaFalida • [   0% ] waiting      01m27.9s     

running (09m34.0s), 000/060 VUs, 11895 complete and 0 interrupted iterations
radar                ✓ [ 100% ] 000/060 VUs  5m0s          80.00 iters/s
transferencias         [  81% ] 000/040 VUs  4m03.1s/5m0s  15.26 iters/s
webhookEntregaFalida • [   0% ] waiting      01m26.9s     

running (09m35.0s), 000/060 VUs, 11911 complete and 0 interrupted iterations
radar                ✓ [ 100% ] 000/060 VUs  5m0s          80.00 iters/s
transferencias         [  81% ] 000/040 VUs  4m04.1s/5m0s  15.34 iters/s
webhookEntregaFalida • [   0% ] waiting      01m25.9s     

running (09m36.0s), 000/060 VUs, 11926 complete and 0 interrupted iterations
radar                ✓ [ 100% ] 000/060 VUs  5m0s          80.00 iters/s
transferencias         [  82% ] 000/040 VUs  4m05.1s/5m0s  15.42 iters/s
webhookEntregaFalida • [   0% ] waiting      01m24.9s     

running (09m37.0s), 000/060 VUs, 11942 complete and 0 interrupted iterations
radar                ✓ [ 100% ] 000/060 VUs  5m0s          80.00 iters/s
transferencias         [  82% ] 000/040 VUs  4m06.1s/5m0s  15.51 iters/s
webhookEntregaFalida • [   0% ] waiting      01m23.9s     

running (09m38.0s), 000/060 VUs, 11957 complete and 0 interrupted iterations
radar                ✓ [ 100% ] 000/060 VUs  5m0s          80.00 iters/s
transferencias         [  82% ] 000/040 VUs  4m07.1s/5m0s  15.59 iters/s
webhookEntregaFalida • [   0% ] waiting      01m22.9s     

running (09m39.0s), 000/060 VUs, 11973 complete and 0 interrupted iterations
radar                ✓ [ 100% ] 000/060 VUs  5m0s          80.00 iters/s
transferencias         [  83% ] 000/040 VUs  4m08.1s/5m0s  15.68 iters/s
webhookEntregaFalida • [   0% ] waiting      01m21.9s     

running (09m40.0s), 000/060 VUs, 11988 complete and 0 interrupted iterations
radar                ✓ [ 100% ] 000/060 VUs  5m0s          80.00 iters/s
transferencias         [  83% ] 000/040 VUs  4m09.1s/5m0s  15.76 iters/s
webhookEntregaFalida • [   0% ] waiting      01m20.9s     

running (09m41.0s), 000/060 VUs, 12004 complete and 0 interrupted iterations
radar                ✓ [ 100% ] 000/060 VUs  5m0s          80.00 iters/s
transferencias         [  83% ] 000/040 VUs  4m10.1s/5m0s  15.84 iters/s
webhookEntregaFalida • [   0% ] waiting      01m19.9s     

running (09m42.0s), 000/060 VUs, 12020 complete and 0 interrupted iterations
radar                ✓ [ 100% ] 000/060 VUs  5m0s          80.00 iters/s
transferencias         [  84% ] 000/040 VUs  4m11.1s/5m0s  15.92 iters/s
webhookEntregaFalida • [   0% ] waiting      01m18.9s     

running (09m43.0s), 000/060 VUs, 12036 complete and 0 interrupted iterations
radar                ✓ [ 100% ] 000/060 VUs  5m0s          80.00 iters/s
transferencias         [  84% ] 000/040 VUs  4m12.1s/5m0s  16.01 iters/s
webhookEntregaFalida • [   0% ] waiting      01m17.9s     

running (09m44.0s), 000/060 VUs, 12052 complete and 0 interrupted iterations
radar                ✓ [ 100% ] 000/060 VUs  5m0s          80.00 iters/s
transferencias         [  84% ] 000/040 VUs  4m13.1s/5m0s  16.09 iters/s
webhookEntregaFalida • [   0% ] waiting      01m16.9s     

running (09m45.0s), 000/060 VUs, 12068 complete and 0 interrupted iterations
radar                ✓ [ 100% ] 000/060 VUs  5m0s          80.00 iters/s
transferencias         [  85% ] 000/040 VUs  4m14.1s/5m0s  16.17 iters/s
webhookEntregaFalida • [   0% ] waiting      01m15.9s     

running (09m46.0s), 001/060 VUs, 12084 complete and 0 interrupted iterations
radar                ✓ [ 100% ] 000/060 VUs  5m0s          80.00 iters/s
transferencias         [  85% ] 001/040 VUs  4m15.1s/5m0s  16.26 iters/s
webhookEntregaFalida • [   0% ] waiting      01m14.9s     

running (09m47.0s), 000/060 VUs, 12101 complete and 0 interrupted iterations
radar                ✓ [ 100% ] 000/060 VUs  5m0s          80.00 iters/s
transferencias         [  85% ] 000/040 VUs  4m16.1s/5m0s  16.34 iters/s
webhookEntregaFalida • [   0% ] waiting      01m13.9s     

running (09m48.0s), 000/060 VUs, 12117 complete and 0 interrupted iterations
radar                ✓ [ 100% ] 000/060 VUs  5m0s          80.00 iters/s
transferencias         [  86% ] 000/040 VUs  4m17.1s/5m0s  16.42 iters/s
webhookEntregaFalida • [   0% ] waiting      01m12.9s     

running (09m49.0s), 000/060 VUs, 12134 complete and 0 interrupted iterations
radar                ✓ [ 100% ] 000/060 VUs  5m0s          80.00 iters/s
transferencias         [  86% ] 000/040 VUs  4m18.1s/5m0s  16.51 iters/s
webhookEntregaFalida • [   0% ] waiting      01m11.9s     

running (09m50.0s), 000/060 VUs, 12150 complete and 0 interrupted iterations
radar                ✓ [ 100% ] 000/060 VUs  5m0s          80.00 iters/s
transferencias         [  86% ] 000/040 VUs  4m19.1s/5m0s  16.59 iters/s
webhookEntregaFalida • [   0% ] waiting      01m10.9s     

running (09m51.0s), 000/060 VUs, 12167 complete and 0 interrupted iterations
radar                ✓ [ 100% ] 000/060 VUs  5m0s          80.00 iters/s
transferencias         [  87% ] 000/040 VUs  4m20.1s/5m0s  16.68 iters/s
webhookEntregaFalida • [   0% ] waiting      01m09.9s     

running (09m52.0s), 000/060 VUs, 12184 complete and 0 interrupted iterations
radar                ✓ [ 100% ] 000/060 VUs  5m0s          80.00 iters/s
transferencias         [  87% ] 000/040 VUs  4m21.1s/5m0s  16.76 iters/s
webhookEntregaFalida • [   0% ] waiting      01m08.9s     

running (09m53.0s), 000/060 VUs, 12200 complete and 0 interrupted iterations
radar                ✓ [ 100% ] 000/060 VUs  5m0s          80.00 iters/s
transferencias         [  87% ] 000/040 VUs  4m22.1s/5m0s  16.84 iters/s
webhookEntregaFalida • [   0% ] waiting      01m07.9s     

running (09m54.0s), 000/060 VUs, 12217 complete and 0 interrupted iterations
radar                ✓ [ 100% ] 000/060 VUs  5m0s          80.00 iters/s
transferencias         [  88% ] 000/040 VUs  4m23.1s/5m0s  16.92 iters/s
webhookEntregaFalida • [   0% ] waiting      01m06.9s     

running (09m55.0s), 000/060 VUs, 12234 complete and 0 interrupted iterations
radar                ✓ [ 100% ] 000/060 VUs  5m0s          80.00 iters/s
transferencias         [  88% ] 000/040 VUs  4m24.1s/5m0s  17.01 iters/s
webhookEntregaFalida • [   0% ] waiting      01m05.9s     

running (09m56.0s), 000/060 VUs, 12251 complete and 0 interrupted iterations
radar                ✓ [ 100% ] 000/060 VUs  5m0s          80.00 iters/s
transferencias         [  88% ] 000/040 VUs  4m25.1s/5m0s  17.09 iters/s
webhookEntregaFalida • [   0% ] waiting      01m04.9s     

running (09m57.0s), 000/060 VUs, 12268 complete and 0 interrupted iterations
radar                ✓ [ 100% ] 000/060 VUs  5m0s          80.00 iters/s
transferencias         [  89% ] 000/040 VUs  4m26.1s/5m0s  17.17 iters/s
webhookEntregaFalida • [   0% ] waiting      01m03.9s     

running (09m58.0s), 000/060 VUs, 12286 complete and 0 interrupted iterations
radar                ✓ [ 100% ] 000/060 VUs  5m0s          80.00 iters/s
transferencias         [  89% ] 000/040 VUs  4m27.1s/5m0s  17.26 iters/s
webhookEntregaFalida • [   0% ] waiting      01m02.9s     

running (09m59.0s), 000/060 VUs, 12303 complete and 0 interrupted iterations
radar                ✓ [ 100% ] 000/060 VUs  5m0s          80.00 iters/s
transferencias         [  89% ] 000/040 VUs  4m28.1s/5m0s  17.34 iters/s
webhookEntregaFalida • [   0% ] waiting      01m01.9s     

running (10m00.0s), 000/060 VUs, 12320 complete and 0 interrupted iterations
radar                ✓ [ 100% ] 000/060 VUs  5m0s          80.00 iters/s
transferencias         [  90% ] 000/040 VUs  4m29.1s/5m0s  17.42 iters/s
webhookEntregaFalida • [   0% ] waiting      01m00.9s     

running (10m01.0s), 000/060 VUs, 12338 complete and 0 interrupted iterations
radar                ✓ [ 100% ] 000/060 VUs  5m0s          80.00 iters/s
transferencias         [  90% ] 000/040 VUs  4m30.1s/5m0s  17.51 iters/s
webhookEntregaFalida • [   0% ] waiting      00m59.9s     

running (10m02.0s), 000/060 VUs, 12355 complete and 0 interrupted iterations
radar                ✓ [ 100% ] 000/060 VUs  5m0s          80.00 iters/s
transferencias         [  90% ] 000/040 VUs  4m31.1s/5m0s  17.59 iters/s
webhookEntregaFalida • [   0% ] waiting      00m58.9s     

running (10m03.0s), 000/060 VUs, 12373 complete and 0 interrupted iterations
radar                ✓ [ 100% ] 000/060 VUs  5m0s          80.00 iters/s
transferencias         [  91% ] 000/040 VUs  4m32.1s/5m0s  17.68 iters/s
webhookEntregaFalida • [   0% ] waiting      00m57.9s     

running (10m04.0s), 000/060 VUs, 12391 complete and 0 interrupted iterations
radar                ✓ [ 100% ] 000/060 VUs  5m0s          80.00 iters/s
transferencias         [  91% ] 000/040 VUs  4m33.1s/5m0s  17.76 iters/s
webhookEntregaFalida • [   0% ] waiting      00m56.9s     

running (10m05.0s), 000/060 VUs, 12408 complete and 0 interrupted iterations
radar                ✓ [ 100% ] 000/060 VUs  5m0s          80.00 iters/s
transferencias         [  91% ] 000/040 VUs  4m34.1s/5m0s  17.84 iters/s
webhookEntregaFalida • [   0% ] waiting      00m55.9s     

running (10m06.0s), 000/060 VUs, 12426 complete and 0 interrupted iterations
radar                ✓ [ 100% ] 000/060 VUs  5m0s          80.00 iters/s
transferencias         [  92% ] 000/040 VUs  4m35.1s/5m0s  17.92 iters/s
webhookEntregaFalida • [   0% ] waiting      00m54.9s     

running (10m07.0s), 000/060 VUs, 12444 complete and 0 interrupted iterations
radar                ✓ [ 100% ] 000/060 VUs  5m0s          80.00 iters/s
transferencias         [  92% ] 000/040 VUs  4m36.1s/5m0s  18.01 iters/s
webhookEntregaFalida • [   0% ] waiting      00m53.9s     

running (10m08.0s), 000/060 VUs, 12462 complete and 0 interrupted iterations
radar                ✓ [ 100% ] 000/060 VUs  5m0s          80.00 iters/s
transferencias         [  92% ] 000/040 VUs  4m37.1s/5m0s  18.09 iters/s
webhookEntregaFalida • [   0% ] waiting      00m52.9s     

running (10m09.0s), 000/060 VUs, 12480 complete and 0 interrupted iterations
radar                ✓ [ 100% ] 000/060 VUs  5m0s          80.00 iters/s
transferencias         [  93% ] 000/040 VUs  4m38.1s/5m0s  18.17 iters/s
webhookEntregaFalida • [   0% ] waiting      00m51.9s     

running (10m10.0s), 000/060 VUs, 12499 complete and 0 interrupted iterations
radar                ✓ [ 100% ] 000/060 VUs  5m0s          80.00 iters/s
transferencias         [  93% ] 000/040 VUs  4m39.1s/5m0s  18.26 iters/s
webhookEntregaFalida • [   0% ] waiting      00m50.9s     

running (10m11.0s), 000/060 VUs, 12517 complete and 0 interrupted iterations
radar                ✓ [ 100% ] 000/060 VUs  5m0s          80.00 iters/s
transferencias         [  93% ] 000/040 VUs  4m40.1s/5m0s  18.34 iters/s
webhookEntregaFalida • [   0% ] waiting      00m49.9s     

running (10m12.0s), 000/060 VUs, 12535 complete and 0 interrupted iterations
radar                ✓ [ 100% ] 000/060 VUs  5m0s          80.00 iters/s
transferencias         [  94% ] 000/040 VUs  4m41.1s/5m0s  18.42 iters/s
webhookEntregaFalida • [   0% ] waiting      00m48.9s     

running (10m13.0s), 000/060 VUs, 12554 complete and 0 interrupted iterations
radar                ✓ [ 100% ] 000/060 VUs  5m0s          80.00 iters/s
transferencias         [  94% ] 000/040 VUs  4m42.1s/5m0s  18.51 iters/s
webhookEntregaFalida • [   0% ] waiting      00m47.9s     

running (10m14.0s), 000/060 VUs, 12572 complete and 0 interrupted iterations
radar                ✓ [ 100% ] 000/060 VUs  5m0s          80.00 iters/s
transferencias         [  94% ] 000/040 VUs  4m43.1s/5m0s  18.59 iters/s
webhookEntregaFalida • [   0% ] waiting      00m46.9s     

running (10m15.0s), 000/060 VUs, 12591 complete and 0 interrupted iterations
radar                ✓ [ 100% ] 000/060 VUs  5m0s          80.00 iters/s
transferencias         [  95% ] 000/040 VUs  4m44.1s/5m0s  18.67 iters/s
webhookEntregaFalida • [   0% ] waiting      00m45.9s     

running (10m16.0s), 000/060 VUs, 12610 complete and 0 interrupted iterations
radar                ✓ [ 100% ] 000/060 VUs  5m0s          80.00 iters/s
transferencias         [  95% ] 000/040 VUs  4m45.1s/5m0s  18.76 iters/s
webhookEntregaFalida • [   0% ] waiting      00m44.9s     

running (10m17.0s), 000/060 VUs, 12629 complete and 0 interrupted iterations
radar                ✓ [ 100% ] 000/060 VUs  5m0s          80.00 iters/s
transferencias         [  95% ] 000/040 VUs  4m46.1s/5m0s  18.84 iters/s
webhookEntregaFalida • [   0% ] waiting      00m43.9s     

running (10m18.0s), 000/060 VUs, 12647 complete and 0 interrupted iterations
radar                ✓ [ 100% ] 000/060 VUs  5m0s          80.00 iters/s
transferencias         [  96% ] 000/040 VUs  4m47.1s/5m0s  18.92 iters/s
webhookEntregaFalida • [   0% ] waiting      00m42.9s     

running (10m19.0s), 000/060 VUs, 12666 complete and 0 interrupted iterations
radar                ✓ [ 100% ] 000/060 VUs  5m0s          80.00 iters/s
transferencias         [  96% ] 000/040 VUs  4m48.1s/5m0s  19.01 iters/s
webhookEntregaFalida • [   0% ] waiting      00m41.9s     

running (10m20.0s), 000/060 VUs, 12685 complete and 0 interrupted iterations
radar                ✓ [ 100% ] 000/060 VUs  5m0s          80.00 iters/s
transferencias         [  96% ] 000/040 VUs  4m49.1s/5m0s  19.09 iters/s
webhookEntregaFalida • [   0% ] waiting      00m40.9s     

running (10m21.0s), 000/060 VUs, 12705 complete and 0 interrupted iterations
radar                ✓ [ 100% ] 000/060 VUs  5m0s          80.00 iters/s
transferencias         [  97% ] 000/040 VUs  4m50.1s/5m0s  19.18 iters/s
webhookEntregaFalida • [   0% ] waiting      00m39.9s     

running (10m22.0s), 000/060 VUs, 12724 complete and 0 interrupted iterations
radar                ✓ [ 100% ] 000/060 VUs  5m0s          80.00 iters/s
transferencias         [  97% ] 000/040 VUs  4m51.1s/5m0s  19.26 iters/s
webhookEntregaFalida • [   0% ] waiting      00m38.9s     

running (10m23.0s), 000/060 VUs, 12743 complete and 0 interrupted iterations
radar                ✓ [ 100% ] 000/060 VUs  5m0s          80.00 iters/s
transferencias         [  97% ] 000/040 VUs  4m52.1s/5m0s  19.34 iters/s
webhookEntregaFalida • [   0% ] waiting      00m37.9s     

running (10m24.0s), 000/060 VUs, 12762 complete and 0 interrupted iterations
radar                ✓ [ 100% ] 000/060 VUs  5m0s          80.00 iters/s
transferencias         [  98% ] 000/040 VUs  4m53.1s/5m0s  19.42 iters/s
webhookEntregaFalida • [   0% ] waiting      00m36.9s     

running (10m25.0s), 000/060 VUs, 12782 complete and 0 interrupted iterations
radar                ✓ [ 100% ] 000/060 VUs  5m0s          80.00 iters/s
transferencias         [  98% ] 000/040 VUs  4m54.1s/5m0s  19.51 iters/s
webhookEntregaFalida • [   0% ] waiting      00m35.9s     

running (10m26.0s), 000/060 VUs, 12801 complete and 0 interrupted iterations
radar                ✓ [ 100% ] 000/060 VUs  5m0s          80.00 iters/s
transferencias         [  98% ] 000/040 VUs  4m55.1s/5m0s  19.59 iters/s
webhookEntregaFalida • [   0% ] waiting      00m34.9s     

running (10m27.0s), 000/060 VUs, 12821 complete and 0 interrupted iterations
radar                ✓ [ 100% ] 000/060 VUs  5m0s          80.00 iters/s
transferencias         [  99% ] 000/040 VUs  4m56.1s/5m0s  19.67 iters/s
webhookEntregaFalida • [   0% ] waiting      00m33.9s     

running (10m28.0s), 000/060 VUs, 12841 complete and 0 interrupted iterations
radar                ✓ [ 100% ] 000/060 VUs  5m0s          80.00 iters/s
transferencias         [  99% ] 000/040 VUs  4m57.1s/5m0s  19.76 iters/s
webhookEntregaFalida • [   0% ] waiting      00m32.9s     

running (10m29.0s), 000/060 VUs, 12861 complete and 0 interrupted iterations
radar                ✓ [ 100% ] 000/060 VUs  5m0s          80.00 iters/s
transferencias         [  99% ] 000/040 VUs  4m58.1s/5m0s  19.84 iters/s
webhookEntregaFalida • [   0% ] waiting      00m31.9s     

running (10m30.0s), 000/060 VUs, 12881 complete and 0 interrupted iterations
radar                ✓ [ 100% ] 000/060 VUs  5m0s          80.00 iters/s
transferencias         [ 100% ] 000/040 VUs  4m59.1s/5m0s  19.93 iters/s
webhookEntregaFalida • [   0% ] waiting      00m30.9s     

running (10m31.0s), 000/060 VUs, 12898 complete and 0 interrupted iterations
radar                ✓ [ 100% ] 000/060 VUs  5m0s  80.00 iters/s
transferencias       ✓ [ 100% ] 000/040 VUs  5m0s  20.00 iters/s
webhookEntregaFalida • [   0% ] waiting      00m29.9s

running (10m32.0s), 000/060 VUs, 12898 complete and 0 interrupted iterations
radar                ✓ [ 100% ] 000/060 VUs  5m0s  80.00 iters/s
transferencias       ✓ [ 100% ] 000/040 VUs  5m0s  20.00 iters/s
webhookEntregaFalida • [   0% ] waiting      00m28.9s

running (10m33.0s), 000/060 VUs, 12898 complete and 0 interrupted iterations
radar                ✓ [ 100% ] 000/060 VUs  5m0s  80.00 iters/s
transferencias       ✓ [ 100% ] 000/040 VUs  5m0s  20.00 iters/s
webhookEntregaFalida • [   0% ] waiting      00m27.9s

running (10m34.0s), 000/060 VUs, 12898 complete and 0 interrupted iterations
radar                ✓ [ 100% ] 000/060 VUs  5m0s  80.00 iters/s
transferencias       ✓ [ 100% ] 000/040 VUs  5m0s  20.00 iters/s
webhookEntregaFalida • [   0% ] waiting      00m26.9s

running (10m35.0s), 000/060 VUs, 12898 complete and 0 interrupted iterations
radar                ✓ [ 100% ] 000/060 VUs  5m0s  80.00 iters/s
transferencias       ✓ [ 100% ] 000/040 VUs  5m0s  20.00 iters/s
webhookEntregaFalida • [   0% ] waiting      00m25.9s

running (10m36.0s), 000/060 VUs, 12898 complete and 0 interrupted iterations
radar                ✓ [ 100% ] 000/060 VUs  5m0s  80.00 iters/s
transferencias       ✓ [ 100% ] 000/040 VUs  5m0s  20.00 iters/s
webhookEntregaFalida • [   0% ] waiting      00m24.9s

running (10m37.0s), 000/060 VUs, 12898 complete and 0 interrupted iterations
radar                ✓ [ 100% ] 000/060 VUs  5m0s  80.00 iters/s
transferencias       ✓ [ 100% ] 000/040 VUs  5m0s  20.00 iters/s
webhookEntregaFalida • [   0% ] waiting      00m23.9s

running (10m38.0s), 000/060 VUs, 12898 complete and 0 interrupted iterations
radar                ✓ [ 100% ] 000/060 VUs  5m0s  80.00 iters/s
transferencias       ✓ [ 100% ] 000/040 VUs  5m0s  20.00 iters/s
webhookEntregaFalida • [   0% ] waiting      00m22.9s

running (10m39.0s), 000/060 VUs, 12898 complete and 0 interrupted iterations
radar                ✓ [ 100% ] 000/060 VUs  5m0s  80.00 iters/s
transferencias       ✓ [ 100% ] 000/040 VUs  5m0s  20.00 iters/s
webhookEntregaFalida • [   0% ] waiting      00m21.9s

running (10m40.0s), 000/060 VUs, 12898 complete and 0 interrupted iterations
radar                ✓ [ 100% ] 000/060 VUs  5m0s  80.00 iters/s
transferencias       ✓ [ 100% ] 000/040 VUs  5m0s  20.00 iters/s
webhookEntregaFalida • [   0% ] waiting      00m20.9s

running (10m41.0s), 000/060 VUs, 12898 complete and 0 interrupted iterations
radar                ✓ [ 100% ] 000/060 VUs  5m0s  80.00 iters/s
transferencias       ✓ [ 100% ] 000/040 VUs  5m0s  20.00 iters/s
webhookEntregaFalida • [   0% ] waiting      00m19.9s

running (10m42.0s), 000/060 VUs, 12898 complete and 0 interrupted iterations
radar                ✓ [ 100% ] 000/060 VUs  5m0s  80.00 iters/s
transferencias       ✓ [ 100% ] 000/040 VUs  5m0s  20.00 iters/s
webhookEntregaFalida • [   0% ] waiting      00m18.9s

running (10m43.0s), 000/060 VUs, 12898 complete and 0 interrupted iterations
radar                ✓ [ 100% ] 000/060 VUs  5m0s  80.00 iters/s
transferencias       ✓ [ 100% ] 000/040 VUs  5m0s  20.00 iters/s
webhookEntregaFalida • [   0% ] waiting      00m17.9s

running (10m44.0s), 000/060 VUs, 12898 complete and 0 interrupted iterations
radar                ✓ [ 100% ] 000/060 VUs  5m0s  80.00 iters/s
transferencias       ✓ [ 100% ] 000/040 VUs  5m0s  20.00 iters/s
webhookEntregaFalida • [   0% ] waiting      00m16.9s

running (10m45.0s), 000/060 VUs, 12898 complete and 0 interrupted iterations
radar                ✓ [ 100% ] 000/060 VUs  5m0s  80.00 iters/s
transferencias       ✓ [ 100% ] 000/040 VUs  5m0s  20.00 iters/s
webhookEntregaFalida • [   0% ] waiting      00m15.9s

running (10m46.0s), 000/060 VUs, 12898 complete and 0 interrupted iterations
radar                ✓ [ 100% ] 000/060 VUs  5m0s  80.00 iters/s
transferencias       ✓ [ 100% ] 000/040 VUs  5m0s  20.00 iters/s
webhookEntregaFalida • [   0% ] waiting      00m14.9s

running (10m47.0s), 000/060 VUs, 12898 complete and 0 interrupted iterations
radar                ✓ [ 100% ] 000/060 VUs  5m0s  80.00 iters/s
transferencias       ✓ [ 100% ] 000/040 VUs  5m0s  20.00 iters/s
webhookEntregaFalida • [   0% ] waiting      00m13.9s

running (10m48.0s), 000/060 VUs, 12898 complete and 0 interrupted iterations
radar                ✓ [ 100% ] 000/060 VUs  5m0s  80.00 iters/s
transferencias       ✓ [ 100% ] 000/040 VUs  5m0s  20.00 iters/s
webhookEntregaFalida • [   0% ] waiting      00m12.9s

running (10m49.0s), 000/060 VUs, 12898 complete and 0 interrupted iterations
radar                ✓ [ 100% ] 000/060 VUs  5m0s  80.00 iters/s
transferencias       ✓ [ 100% ] 000/040 VUs  5m0s  20.00 iters/s
webhookEntregaFalida • [   0% ] waiting      00m11.9s

running (10m50.0s), 000/060 VUs, 12898 complete and 0 interrupted iterations
radar                ✓ [ 100% ] 000/060 VUs  5m0s  80.00 iters/s
transferencias       ✓ [ 100% ] 000/040 VUs  5m0s  20.00 iters/s
webhookEntregaFalida • [   0% ] waiting      00m10.9s

running (10m51.0s), 000/060 VUs, 12898 complete and 0 interrupted iterations
radar                ✓ [ 100% ] 000/060 VUs  5m0s  80.00 iters/s
transferencias       ✓ [ 100% ] 000/040 VUs  5m0s  20.00 iters/s
webhookEntregaFalida • [   0% ] waiting      00m09.9s

running (10m52.0s), 000/060 VUs, 12898 complete and 0 interrupted iterations
radar                ✓ [ 100% ] 000/060 VUs  5m0s  80.00 iters/s
transferencias       ✓ [ 100% ] 000/040 VUs  5m0s  20.00 iters/s
webhookEntregaFalida • [   0% ] waiting      00m08.9s

running (10m53.0s), 000/060 VUs, 12898 complete and 0 interrupted iterations
radar                ✓ [ 100% ] 000/060 VUs  5m0s  80.00 iters/s
transferencias       ✓ [ 100% ] 000/040 VUs  5m0s  20.00 iters/s
webhookEntregaFalida • [   0% ] waiting      00m07.9s

running (10m54.0s), 000/060 VUs, 12898 complete and 0 interrupted iterations
radar                ✓ [ 100% ] 000/060 VUs  5m0s  80.00 iters/s
transferencias       ✓ [ 100% ] 000/040 VUs  5m0s  20.00 iters/s
webhookEntregaFalida • [   0% ] waiting      00m06.9s

running (10m55.0s), 000/060 VUs, 12898 complete and 0 interrupted iterations
radar                ✓ [ 100% ] 000/060 VUs  5m0s  80.00 iters/s
transferencias       ✓ [ 100% ] 000/040 VUs  5m0s  20.00 iters/s
webhookEntregaFalida • [   0% ] waiting      00m05.9s

running (10m56.0s), 000/060 VUs, 12898 complete and 0 interrupted iterations
radar                ✓ [ 100% ] 000/060 VUs  5m0s  80.00 iters/s
transferencias       ✓ [ 100% ] 000/040 VUs  5m0s  20.00 iters/s
webhookEntregaFalida • [   0% ] waiting      00m04.9s

running (10m57.0s), 000/060 VUs, 12898 complete and 0 interrupted iterations
radar                ✓ [ 100% ] 000/060 VUs  5m0s  80.00 iters/s
transferencias       ✓ [ 100% ] 000/040 VUs  5m0s  20.00 iters/s
webhookEntregaFalida • [   0% ] waiting      00m03.9s

running (10m58.0s), 000/060 VUs, 12898 complete and 0 interrupted iterations
radar                ✓ [ 100% ] 000/060 VUs  5m0s  80.00 iters/s
transferencias       ✓ [ 100% ] 000/040 VUs  5m0s  20.00 iters/s
webhookEntregaFalida • [   0% ] waiting      00m02.9s

running (10m59.0s), 000/060 VUs, 12898 complete and 0 interrupted iterations
radar                ✓ [ 100% ] 000/060 VUs  5m0s  80.00 iters/s
transferencias       ✓ [ 100% ] 000/040 VUs  5m0s  20.00 iters/s
webhookEntregaFalida • [   0% ] waiting      00m01.9s

running (11m00.0s), 000/060 VUs, 12898 complete and 0 interrupted iterations
radar                ✓ [ 100% ] 000/060 VUs  5m0s  80.00 iters/s
transferencias       ✓ [ 100% ] 000/040 VUs  5m0s  20.00 iters/s
webhookEntregaFalida • [   0% ] waiting      00m00.9s

running (11m01.0s), 000/060 VUs, 12898 complete and 0 interrupted iterations
radar                ✓ [ 100% ] 000/060 VUs  5m0s          80.00 iters/s
transferencias       ✓ [ 100% ] 000/040 VUs  5m0s          20.00 iters/s
webhookEntregaFalida   [   0% ] 000/040 VUs  0m00.1s/5m0s  01.01 iters/s

running (11m02.0s), 001/060 VUs, 12898 complete and 0 interrupted iterations
radar                ✓ [ 100% ] 000/060 VUs  5m0s          80.00 iters/s
transferencias       ✓ [ 100% ] 000/040 VUs  5m0s          20.00 iters/s
webhookEntregaFalida   [   0% ] 001/040 VUs  0m01.1s/5m0s  01.02 iters/s

running (11m03.0s), 002/060 VUs, 12898 complete and 0 interrupted iterations
radar                ✓ [ 100% ] 000/060 VUs  5m0s          80.00 iters/s
transferencias       ✓ [ 100% ] 000/040 VUs  5m0s          20.00 iters/s
webhookEntregaFalida   [   1% ] 002/040 VUs  0m02.1s/5m0s  01.04 iters/s

running (11m04.0s), 000/060 VUs, 12901 complete and 0 interrupted iterations
radar                ✓ [ 100% ] 000/060 VUs  5m0s          80.00 iters/s
transferencias       ✓ [ 100% ] 000/040 VUs  5m0s          20.00 iters/s
webhookEntregaFalida   [   1% ] 000/040 VUs  0m03.1s/5m0s  01.06 iters/s

running (11m05.0s), 000/060 VUs, 12902 complete and 0 interrupted iterations
radar                ✓ [ 100% ] 000/060 VUs  5m0s          80.00 iters/s
transferencias       ✓ [ 100% ] 000/040 VUs  5m0s          20.00 iters/s
webhookEntregaFalida   [   1% ] 000/040 VUs  0m04.1s/5m0s  01.07 iters/s

running (11m06.0s), 000/060 VUs, 12903 complete and 0 interrupted iterations
radar                ✓ [ 100% ] 000/060 VUs  5m0s          80.00 iters/s
transferencias       ✓ [ 100% ] 000/040 VUs  5m0s          20.00 iters/s
webhookEntregaFalida   [   2% ] 000/040 VUs  0m05.1s/5m0s  01.09 iters/s

running (11m07.0s), 000/060 VUs, 12904 complete and 0 interrupted iterations
radar                ✓ [ 100% ] 000/060 VUs  5m0s          80.00 iters/s
transferencias       ✓ [ 100% ] 000/040 VUs  5m0s          20.00 iters/s
webhookEntregaFalida   [   2% ] 000/040 VUs  0m06.1s/5m0s  01.10 iters/s

running (11m08.0s), 000/060 VUs, 12905 complete and 0 interrupted iterations
radar                ✓ [ 100% ] 000/060 VUs  5m0s          80.00 iters/s
transferencias       ✓ [ 100% ] 000/040 VUs  5m0s          20.00 iters/s
webhookEntregaFalida   [   2% ] 000/040 VUs  0m07.1s/5m0s  01.12 iters/s

running (11m09.0s), 000/060 VUs, 12906 complete and 0 interrupted iterations
radar                ✓ [ 100% ] 000/060 VUs  5m0s          80.00 iters/s
transferencias       ✓ [ 100% ] 000/040 VUs  5m0s          20.00 iters/s
webhookEntregaFalida   [   3% ] 000/040 VUs  0m08.1s/5m0s  01.13 iters/s

running (11m10.0s), 000/060 VUs, 12907 complete and 0 interrupted iterations
radar                ✓ [ 100% ] 000/060 VUs  5m0s          80.00 iters/s
transferencias       ✓ [ 100% ] 000/040 VUs  5m0s          20.00 iters/s
webhookEntregaFalida   [   3% ] 000/040 VUs  0m09.1s/5m0s  01.15 iters/s

running (11m11.0s), 000/060 VUs, 12908 complete and 0 interrupted iterations
radar                ✓ [ 100% ] 000/060 VUs  5m0s          80.00 iters/s
transferencias       ✓ [ 100% ] 000/040 VUs  5m0s          20.00 iters/s
webhookEntregaFalida   [   3% ] 000/040 VUs  0m10.1s/5m0s  01.16 iters/s

running (11m12.0s), 000/060 VUs, 12910 complete and 0 interrupted iterations
radar                ✓ [ 100% ] 000/060 VUs  5m0s          80.00 iters/s
transferencias       ✓ [ 100% ] 000/040 VUs  5m0s          20.00 iters/s
webhookEntregaFalida   [   4% ] 000/040 VUs  0m11.1s/5m0s  01.19 iters/s

running (11m13.0s), 000/060 VUs, 12911 complete and 0 interrupted iterations
radar                ✓ [ 100% ] 000/060 VUs  5m0s          80.00 iters/s
transferencias       ✓ [ 100% ] 000/040 VUs  5m0s          20.00 iters/s
webhookEntregaFalida   [   4% ] 000/040 VUs  0m12.1s/5m0s  01.20 iters/s

running (11m14.0s), 000/060 VUs, 12912 complete and 0 interrupted iterations
radar                ✓ [ 100% ] 000/060 VUs  5m0s          80.00 iters/s
transferencias       ✓ [ 100% ] 000/040 VUs  5m0s          20.00 iters/s
webhookEntregaFalida   [   4% ] 000/040 VUs  0m13.1s/5m0s  01.22 iters/s

running (11m15.0s), 000/060 VUs, 12913 complete and 0 interrupted iterations
radar                ✓ [ 100% ] 000/060 VUs  5m0s          80.00 iters/s
transferencias       ✓ [ 100% ] 000/040 VUs  5m0s          20.00 iters/s
webhookEntregaFalida   [   5% ] 000/040 VUs  0m14.1s/5m0s  01.23 iters/s

running (11m16.0s), 000/060 VUs, 12914 complete and 0 interrupted iterations
radar                ✓ [ 100% ] 000/060 VUs  5m0s          80.00 iters/s
transferencias       ✓ [ 100% ] 000/040 VUs  5m0s          20.00 iters/s
webhookEntregaFalida   [   5% ] 000/040 VUs  0m15.1s/5m0s  01.24 iters/s

running (11m17.0s), 000/060 VUs, 12916 complete and 0 interrupted iterations
radar                ✓ [ 100% ] 000/060 VUs  5m0s          80.00 iters/s
transferencias       ✓ [ 100% ] 000/040 VUs  5m0s          20.00 iters/s
webhookEntregaFalida   [   5% ] 000/040 VUs  0m16.1s/5m0s  01.27 iters/s

running (11m18.0s), 000/060 VUs, 12917 complete and 0 interrupted iterations
radar                ✓ [ 100% ] 000/060 VUs  5m0s          80.00 iters/s
transferencias       ✓ [ 100% ] 000/040 VUs  5m0s          20.00 iters/s
webhookEntregaFalida   [   6% ] 000/040 VUs  0m17.1s/5m0s  01.28 iters/s

running (11m19.0s), 000/060 VUs, 12918 complete and 0 interrupted iterations
radar                ✓ [ 100% ] 000/060 VUs  5m0s          80.00 iters/s
transferencias       ✓ [ 100% ] 000/040 VUs  5m0s          20.00 iters/s
webhookEntregaFalida   [   6% ] 000/040 VUs  0m18.1s/5m0s  01.30 iters/s

running (11m20.0s), 000/060 VUs, 12920 complete and 0 interrupted iterations
radar                ✓ [ 100% ] 000/060 VUs  5m0s          80.00 iters/s
transferencias       ✓ [ 100% ] 000/040 VUs  5m0s          20.00 iters/s
webhookEntregaFalida   [   6% ] 000/040 VUs  0m19.1s/5m0s  01.32 iters/s

running (11m21.0s), 000/060 VUs, 12921 complete and 0 interrupted iterations
radar                ✓ [ 100% ] 000/060 VUs  5m0s          80.00 iters/s
transferencias       ✓ [ 100% ] 000/040 VUs  5m0s          20.00 iters/s
webhookEntregaFalida   [   7% ] 000/040 VUs  0m20.1s/5m0s  01.34 iters/s

running (11m22.0s), 000/060 VUs, 12922 complete and 0 interrupted iterations
radar                ✓ [ 100% ] 000/060 VUs  5m0s          80.00 iters/s
transferencias       ✓ [ 100% ] 000/040 VUs  5m0s          20.00 iters/s
webhookEntregaFalida   [   7% ] 000/040 VUs  0m21.1s/5m0s  01.35 iters/s

running (11m23.0s), 000/060 VUs, 12924 complete and 0 interrupted iterations
radar                ✓ [ 100% ] 000/060 VUs  5m0s          80.00 iters/s
transferencias       ✓ [ 100% ] 000/040 VUs  5m0s          20.00 iters/s
webhookEntregaFalida   [   7% ] 000/040 VUs  0m22.1s/5m0s  01.37 iters/s

running (11m24.0s), 000/060 VUs, 12925 complete and 0 interrupted iterations
radar                ✓ [ 100% ] 000/060 VUs  5m0s          80.00 iters/s
transferencias       ✓ [ 100% ] 000/040 VUs  5m0s          20.00 iters/s
webhookEntregaFalida   [   8% ] 000/040 VUs  0m23.1s/5m0s  01.38 iters/s

running (11m25.0s), 000/060 VUs, 12926 complete and 0 interrupted iterations
radar                ✓ [ 100% ] 000/060 VUs  5m0s          80.00 iters/s
transferencias       ✓ [ 100% ] 000/040 VUs  5m0s          20.00 iters/s
webhookEntregaFalida   [   8% ] 000/040 VUs  0m24.1s/5m0s  01.40 iters/s

running (11m26.0s), 000/060 VUs, 12928 complete and 0 interrupted iterations
radar                ✓ [ 100% ] 000/060 VUs  5m0s          80.00 iters/s
transferencias       ✓ [ 100% ] 000/040 VUs  5m0s          20.00 iters/s
webhookEntregaFalida   [   8% ] 000/040 VUs  0m25.1s/5m0s  01.42 iters/s

running (11m27.0s), 000/060 VUs, 12929 complete and 0 interrupted iterations
radar                ✓ [ 100% ] 000/060 VUs  5m0s          80.00 iters/s
transferencias       ✓ [ 100% ] 000/040 VUs  5m0s          20.00 iters/s
webhookEntregaFalida   [   9% ] 000/040 VUs  0m26.1s/5m0s  01.43 iters/s

running (11m28.0s), 000/060 VUs, 12931 complete and 0 interrupted iterations
radar                ✓ [ 100% ] 000/060 VUs  5m0s          80.00 iters/s
transferencias       ✓ [ 100% ] 000/040 VUs  5m0s          20.00 iters/s
webhookEntregaFalida   [   9% ] 000/040 VUs  0m27.1s/5m0s  01.45 iters/s

running (11m29.0s), 000/060 VUs, 12932 complete and 0 interrupted iterations
radar                ✓ [ 100% ] 000/060 VUs  5m0s          80.00 iters/s
transferencias       ✓ [ 100% ] 000/040 VUs  5m0s          20.00 iters/s
webhookEntregaFalida   [   9% ] 000/040 VUs  0m28.1s/5m0s  01.47 iters/s

running (11m30.0s), 000/060 VUs, 12934 complete and 0 interrupted iterations
radar                ✓ [ 100% ] 000/060 VUs  5m0s          80.00 iters/s
transferencias       ✓ [ 100% ] 000/040 VUs  5m0s          20.00 iters/s
webhookEntregaFalida   [  10% ] 000/040 VUs  0m29.1s/5m0s  01.49 iters/s

running (11m31.0s), 000/060 VUs, 12935 complete and 0 interrupted iterations
radar                ✓ [ 100% ] 000/060 VUs  5m0s          80.00 iters/s
transferencias       ✓ [ 100% ] 000/040 VUs  5m0s          20.00 iters/s
webhookEntregaFalida   [  10% ] 000/040 VUs  0m30.1s/5m0s  01.50 iters/s

running (11m32.0s), 000/060 VUs, 12937 complete and 0 interrupted iterations
radar                ✓ [ 100% ] 000/060 VUs  5m0s          80.00 iters/s
transferencias       ✓ [ 100% ] 000/040 VUs  5m0s          20.00 iters/s
webhookEntregaFalida   [  10% ] 000/040 VUs  0m31.1s/5m0s  01.52 iters/s

running (11m33.0s), 000/060 VUs, 12938 complete and 0 interrupted iterations
radar                ✓ [ 100% ] 000/060 VUs  5m0s          80.00 iters/s
transferencias       ✓ [ 100% ] 000/040 VUs  5m0s          20.00 iters/s
webhookEntregaFalida   [  11% ] 000/040 VUs  0m32.1s/5m0s  01.53 iters/s

running (11m34.0s), 000/060 VUs, 12940 complete and 0 interrupted iterations
radar                ✓ [ 100% ] 000/060 VUs  5m0s          80.00 iters/s
transferencias       ✓ [ 100% ] 000/040 VUs  5m0s          20.00 iters/s
webhookEntregaFalida   [  11% ] 000/040 VUs  0m33.1s/5m0s  01.55 iters/s

running (11m35.0s), 000/060 VUs, 12941 complete and 0 interrupted iterations
radar                ✓ [ 100% ] 000/060 VUs  5m0s          80.00 iters/s
transferencias       ✓ [ 100% ] 000/040 VUs  5m0s          20.00 iters/s
webhookEntregaFalida   [  11% ] 000/040 VUs  0m34.1s/5m0s  01.57 iters/s

running (11m36.0s), 000/060 VUs, 12943 complete and 0 interrupted iterations
radar                ✓ [ 100% ] 000/060 VUs  5m0s          80.00 iters/s
transferencias       ✓ [ 100% ] 000/040 VUs  5m0s          20.00 iters/s
webhookEntregaFalida   [  12% ] 000/040 VUs  0m35.1s/5m0s  01.59 iters/s

running (11m37.0s), 000/060 VUs, 12944 complete and 0 interrupted iterations
radar                ✓ [ 100% ] 000/060 VUs  5m0s          80.00 iters/s
transferencias       ✓ [ 100% ] 000/040 VUs  5m0s          20.00 iters/s
webhookEntregaFalida   [  12% ] 000/040 VUs  0m36.1s/5m0s  01.60 iters/s

running (11m38.0s), 000/060 VUs, 12946 complete and 0 interrupted iterations
radar                ✓ [ 100% ] 000/060 VUs  5m0s          80.00 iters/s
transferencias       ✓ [ 100% ] 000/040 VUs  5m0s          20.00 iters/s
webhookEntregaFalida   [  12% ] 000/040 VUs  0m37.1s/5m0s  01.62 iters/s

running (11m39.0s), 000/060 VUs, 12948 complete and 0 interrupted iterations
radar                ✓ [ 100% ] 000/060 VUs  5m0s          80.00 iters/s
transferencias       ✓ [ 100% ] 000/040 VUs  5m0s          20.00 iters/s
webhookEntregaFalida   [  13% ] 000/040 VUs  0m38.1s/5m0s  01.64 iters/s

running (11m40.0s), 000/060 VUs, 12949 complete and 0 interrupted iterations
radar                ✓ [ 100% ] 000/060 VUs  5m0s          80.00 iters/s
transferencias       ✓ [ 100% ] 000/040 VUs  5m0s          20.00 iters/s
webhookEntregaFalida   [  13% ] 000/040 VUs  0m39.1s/5m0s  01.65 iters/s

running (11m41.0s), 000/060 VUs, 12951 complete and 0 interrupted iterations
radar                ✓ [ 100% ] 000/060 VUs  5m0s          80.00 iters/s
transferencias       ✓ [ 100% ] 000/040 VUs  5m0s          20.00 iters/s
webhookEntregaFalida   [  13% ] 000/040 VUs  0m40.1s/5m0s  01.67 iters/s

running (11m42.0s), 000/060 VUs, 12953 complete and 0 interrupted iterations
radar                ✓ [ 100% ] 000/060 VUs  5m0s          80.00 iters/s
transferencias       ✓ [ 100% ] 000/040 VUs  5m0s          20.00 iters/s
webhookEntregaFalida   [  14% ] 000/040 VUs  0m41.1s/5m0s  01.69 iters/s

running (11m43.0s), 000/060 VUs, 12954 complete and 0 interrupted iterations
radar                ✓ [ 100% ] 000/060 VUs  5m0s          80.00 iters/s
transferencias       ✓ [ 100% ] 000/040 VUs  5m0s          20.00 iters/s
webhookEntregaFalida   [  14% ] 000/040 VUs  0m42.1s/5m0s  01.70 iters/s

running (11m44.0s), 000/060 VUs, 12956 complete and 0 interrupted iterations
radar                ✓ [ 100% ] 000/060 VUs  5m0s          80.00 iters/s
transferencias       ✓ [ 100% ] 000/040 VUs  5m0s          20.00 iters/s
webhookEntregaFalida   [  14% ] 000/040 VUs  0m43.1s/5m0s  01.72 iters/s

running (11m45.0s), 000/060 VUs, 12958 complete and 0 interrupted iterations
radar                ✓ [ 100% ] 000/060 VUs  5m0s          80.00 iters/s
transferencias       ✓ [ 100% ] 000/040 VUs  5m0s          20.00 iters/s
webhookEntregaFalida   [  15% ] 000/040 VUs  0m44.1s/5m0s  01.74 iters/s

running (11m46.0s), 000/060 VUs, 12960 complete and 0 interrupted iterations
radar                ✓ [ 100% ] 000/060 VUs  5m0s          80.00 iters/s
transferencias       ✓ [ 100% ] 000/040 VUs  5m0s          20.00 iters/s
webhookEntregaFalida   [  15% ] 000/040 VUs  0m45.1s/5m0s  01.76 iters/s

running (11m47.0s), 000/060 VUs, 12961 complete and 0 interrupted iterations
radar                ✓ [ 100% ] 000/060 VUs  5m0s          80.00 iters/s
transferencias       ✓ [ 100% ] 000/040 VUs  5m0s          20.00 iters/s
webhookEntregaFalida   [  15% ] 000/040 VUs  0m46.1s/5m0s  01.77 iters/s

running (11m48.0s), 000/060 VUs, 12963 complete and 0 interrupted iterations
radar                ✓ [ 100% ] 000/060 VUs  5m0s          80.00 iters/s
transferencias       ✓ [ 100% ] 000/040 VUs  5m0s          20.00 iters/s
webhookEntregaFalida   [  16% ] 000/040 VUs  0m47.1s/5m0s  01.78 iters/s

running (11m49.0s), 000/060 VUs, 12965 complete and 0 interrupted iterations
radar                ✓ [ 100% ] 000/060 VUs  5m0s          80.00 iters/s
transferencias       ✓ [ 100% ] 000/040 VUs  5m0s          20.00 iters/s
webhookEntregaFalida   [  16% ] 000/040 VUs  0m48.1s/5m0s  01.80 iters/s

running (11m50.0s), 000/060 VUs, 12967 complete and 0 interrupted iterations
radar                ✓ [ 100% ] 000/060 VUs  5m0s          80.00 iters/s
transferencias       ✓ [ 100% ] 000/040 VUs  5m0s          20.00 iters/s
webhookEntregaFalida   [  16% ] 000/040 VUs  0m49.1s/5m0s  01.82 iters/s

running (11m51.0s), 001/060 VUs, 12968 complete and 0 interrupted iterations
radar                ✓ [ 100% ] 000/060 VUs  5m0s          80.00 iters/s
transferencias       ✓ [ 100% ] 000/040 VUs  5m0s          20.00 iters/s
webhookEntregaFalida   [  17% ] 001/040 VUs  0m50.1s/5m0s  01.84 iters/s

running (11m52.0s), 000/060 VUs, 12970 complete and 0 interrupted iterations
radar                ✓ [ 100% ] 000/060 VUs  5m0s          80.00 iters/s
transferencias       ✓ [ 100% ] 000/040 VUs  5m0s          20.00 iters/s
webhookEntregaFalida   [  17% ] 000/040 VUs  0m51.1s/5m0s  01.85 iters/s

running (11m53.0s), 000/060 VUs, 12972 complete and 0 interrupted iterations
radar                ✓ [ 100% ] 000/060 VUs  5m0s          80.00 iters/s
transferencias       ✓ [ 100% ] 000/040 VUs  5m0s          20.00 iters/s
webhookEntregaFalida   [  17% ] 000/040 VUs  0m52.1s/5m0s  01.87 iters/s

running (11m54.0s), 000/060 VUs, 12974 complete and 0 interrupted iterations
radar                ✓ [ 100% ] 000/060 VUs  5m0s          80.00 iters/s
transferencias       ✓ [ 100% ] 000/040 VUs  5m0s          20.00 iters/s
webhookEntregaFalida   [  18% ] 000/040 VUs  0m53.1s/5m0s  01.88 iters/s

running (11m55.0s), 000/060 VUs, 12976 complete and 0 interrupted iterations
radar                ✓ [ 100% ] 000/060 VUs  5m0s          80.00 iters/s
transferencias       ✓ [ 100% ] 000/040 VUs  5m0s          20.00 iters/s
webhookEntregaFalida   [  18% ] 000/040 VUs  0m54.1s/5m0s  01.90 iters/s

running (11m56.0s), 000/060 VUs, 12978 complete and 0 interrupted iterations
radar                ✓ [ 100% ] 000/060 VUs  5m0s          80.00 iters/s
transferencias       ✓ [ 100% ] 000/040 VUs  5m0s          20.00 iters/s
webhookEntregaFalida   [  18% ] 000/040 VUs  0m55.1s/5m0s  01.92 iters/s

running (11m57.0s), 000/060 VUs, 12980 complete and 0 interrupted iterations
radar                ✓ [ 100% ] 000/060 VUs  5m0s          80.00 iters/s
transferencias       ✓ [ 100% ] 000/040 VUs  5m0s          20.00 iters/s
webhookEntregaFalida   [  19% ] 000/040 VUs  0m56.1s/5m0s  01.94 iters/s

running (11m58.0s), 000/060 VUs, 12982 complete and 0 interrupted iterations
radar                ✓ [ 100% ] 000/060 VUs  5m0s          80.00 iters/s
transferencias       ✓ [ 100% ] 000/040 VUs  5m0s          20.00 iters/s
webhookEntregaFalida   [  19% ] 000/040 VUs  0m57.1s/5m0s  01.95 iters/s

running (11m59.0s), 000/060 VUs, 12984 complete and 0 interrupted iterations
radar                ✓ [ 100% ] 000/060 VUs  5m0s          80.00 iters/s
transferencias       ✓ [ 100% ] 000/040 VUs  5m0s          20.00 iters/s
webhookEntregaFalida   [  19% ] 000/040 VUs  0m58.1s/5m0s  01.97 iters/s

running (12m00.0s), 000/060 VUs, 12986 complete and 0 interrupted iterations
radar                ✓ [ 100% ] 000/060 VUs  5m0s          80.00 iters/s
transferencias       ✓ [ 100% ] 000/040 VUs  5m0s          20.00 iters/s
webhookEntregaFalida   [  20% ] 000/040 VUs  0m59.1s/5m0s  01.99 iters/s

running (12m01.0s), 000/060 VUs, 12988 complete and 0 interrupted iterations
radar                ✓ [ 100% ] 000/060 VUs  5m0s          80.00 iters/s
transferencias       ✓ [ 100% ] 000/040 VUs  5m0s          20.00 iters/s
webhookEntregaFalida   [  20% ] 000/040 VUs  1m00.1s/5m0s  02.01 iters/s

running (12m02.0s), 000/060 VUs, 12990 complete and 0 interrupted iterations
radar                ✓ [ 100% ] 000/060 VUs  5m0s          80.00 iters/s
transferencias       ✓ [ 100% ] 000/040 VUs  5m0s          20.00 iters/s
webhookEntregaFalida   [  20% ] 000/040 VUs  1m01.1s/5m0s  02.04 iters/s

running (12m03.0s), 000/060 VUs, 12992 complete and 0 interrupted iterations
radar                ✓ [ 100% ] 000/060 VUs  5m0s          80.00 iters/s
transferencias       ✓ [ 100% ] 000/040 VUs  5m0s          20.00 iters/s
webhookEntregaFalida   [  21% ] 000/040 VUs  1m02.1s/5m0s  02.07 iters/s

running (12m04.0s), 000/060 VUs, 12994 complete and 0 interrupted iterations
radar                ✓ [ 100% ] 000/060 VUs  5m0s          80.00 iters/s
transferencias       ✓ [ 100% ] 000/040 VUs  5m0s          20.00 iters/s
webhookEntregaFalida   [  21% ] 000/040 VUs  1m03.1s/5m0s  02.11 iters/s

running (12m05.0s), 000/060 VUs, 12996 complete and 0 interrupted iterations
radar                ✓ [ 100% ] 000/060 VUs  5m0s          80.00 iters/s
transferencias       ✓ [ 100% ] 000/040 VUs  5m0s          20.00 iters/s
webhookEntregaFalida   [  21% ] 000/040 VUs  1m04.1s/5m0s  02.14 iters/s

running (12m06.0s), 000/060 VUs, 12998 complete and 0 interrupted iterations
radar                ✓ [ 100% ] 000/060 VUs  5m0s          80.00 iters/s
transferencias       ✓ [ 100% ] 000/040 VUs  5m0s          20.00 iters/s
webhookEntregaFalida   [  22% ] 000/040 VUs  1m05.1s/5m0s  02.17 iters/s

running (12m07.0s), 000/060 VUs, 13000 complete and 0 interrupted iterations
radar                ✓ [ 100% ] 000/060 VUs  5m0s          80.00 iters/s
transferencias       ✓ [ 100% ] 000/040 VUs  5m0s          20.00 iters/s
webhookEntregaFalida   [  22% ] 000/040 VUs  1m06.1s/5m0s  02.20 iters/s

running (12m08.0s), 000/060 VUs, 13003 complete and 0 interrupted iterations
radar                ✓ [ 100% ] 000/060 VUs  5m0s          80.00 iters/s
transferencias       ✓ [ 100% ] 000/040 VUs  5m0s          20.00 iters/s
webhookEntregaFalida   [  22% ] 000/040 VUs  1m07.1s/5m0s  02.24 iters/s

running (12m09.0s), 000/060 VUs, 13005 complete and 0 interrupted iterations
radar                ✓ [ 100% ] 000/060 VUs  5m0s          80.00 iters/s
transferencias       ✓ [ 100% ] 000/040 VUs  5m0s          20.00 iters/s
webhookEntregaFalida   [  23% ] 000/040 VUs  1m08.1s/5m0s  02.27 iters/s

running (12m10.0s), 000/060 VUs, 13007 complete and 0 interrupted iterations
radar                ✓ [ 100% ] 000/060 VUs  5m0s          80.00 iters/s
transferencias       ✓ [ 100% ] 000/040 VUs  5m0s          20.00 iters/s
webhookEntregaFalida   [  23% ] 000/040 VUs  1m09.1s/5m0s  02.30 iters/s

running (12m11.0s), 000/060 VUs, 13009 complete and 0 interrupted iterations
radar                ✓ [ 100% ] 000/060 VUs  5m0s          80.00 iters/s
transferencias       ✓ [ 100% ] 000/040 VUs  5m0s          20.00 iters/s
webhookEntregaFalida   [  23% ] 000/040 VUs  1m10.1s/5m0s  02.33 iters/s

running (12m12.0s), 000/060 VUs, 13012 complete and 0 interrupted iterations
radar                ✓ [ 100% ] 000/060 VUs  5m0s          80.00 iters/s
transferencias       ✓ [ 100% ] 000/040 VUs  5m0s          20.00 iters/s
webhookEntregaFalida   [  24% ] 000/040 VUs  1m11.1s/5m0s  02.37 iters/s

running (12m13.0s), 000/060 VUs, 13014 complete and 0 interrupted iterations
radar                ✓ [ 100% ] 000/060 VUs  5m0s          80.00 iters/s
transferencias       ✓ [ 100% ] 000/040 VUs  5m0s          20.00 iters/s
webhookEntregaFalida   [  24% ] 000/040 VUs  1m12.1s/5m0s  02.40 iters/s

running (12m14.0s), 000/060 VUs, 13017 complete and 0 interrupted iterations
radar                ✓ [ 100% ] 000/060 VUs  5m0s          80.00 iters/s
transferencias       ✓ [ 100% ] 000/040 VUs  5m0s          20.00 iters/s
webhookEntregaFalida   [  24% ] 000/040 VUs  1m13.1s/5m0s  02.44 iters/s

running (12m15.0s), 000/060 VUs, 13019 complete and 0 interrupted iterations
radar                ✓ [ 100% ] 000/060 VUs  5m0s          80.00 iters/s
transferencias       ✓ [ 100% ] 000/040 VUs  5m0s          20.00 iters/s
webhookEntregaFalida   [  25% ] 000/040 VUs  1m14.1s/5m0s  02.47 iters/s

running (12m16.0s), 000/060 VUs, 13021 complete and 0 interrupted iterations
radar                ✓ [ 100% ] 000/060 VUs  5m0s          80.00 iters/s
transferencias       ✓ [ 100% ] 000/040 VUs  5m0s          20.00 iters/s
webhookEntregaFalida   [  25% ] 000/040 VUs  1m15.1s/5m0s  02.50 iters/s

running (12m17.0s), 000/060 VUs, 13024 complete and 0 interrupted iterations
radar                ✓ [ 100% ] 000/060 VUs  5m0s          80.00 iters/s
transferencias       ✓ [ 100% ] 000/040 VUs  5m0s          20.00 iters/s
webhookEntregaFalida   [  25% ] 000/040 VUs  1m16.1s/5m0s  02.54 iters/s

running (12m18.0s), 000/060 VUs, 13027 complete and 0 interrupted iterations
radar                ✓ [ 100% ] 000/060 VUs  5m0s          80.00 iters/s
transferencias       ✓ [ 100% ] 000/040 VUs  5m0s          20.00 iters/s
webhookEntregaFalida   [  26% ] 000/040 VUs  1m17.1s/5m0s  02.58 iters/s

running (12m19.0s), 000/060 VUs, 13029 complete and 0 interrupted iterations
radar                ✓ [ 100% ] 000/060 VUs  5m0s          80.00 iters/s
transferencias       ✓ [ 100% ] 000/040 VUs  5m0s          20.00 iters/s
webhookEntregaFalida   [  26% ] 000/040 VUs  1m18.1s/5m0s  02.60 iters/s

running (12m20.0s), 000/060 VUs, 13032 complete and 0 interrupted iterations
radar                ✓ [ 100% ] 000/060 VUs  5m0s          80.00 iters/s
transferencias       ✓ [ 100% ] 000/040 VUs  5m0s          20.00 iters/s
webhookEntregaFalida   [  26% ] 000/040 VUs  1m19.1s/5m0s  02.64 iters/s

running (12m21.0s), 000/060 VUs, 13034 complete and 0 interrupted iterations
radar                ✓ [ 100% ] 000/060 VUs  5m0s          80.00 iters/s
transferencias       ✓ [ 100% ] 000/040 VUs  5m0s          20.00 iters/s
webhookEntregaFalida   [  27% ] 000/040 VUs  1m20.1s/5m0s  02.66 iters/s

running (12m22.0s), 000/060 VUs, 13037 complete and 0 interrupted iterations
radar                ✓ [ 100% ] 000/060 VUs  5m0s          80.00 iters/s
transferencias       ✓ [ 100% ] 000/040 VUs  5m0s          20.00 iters/s
webhookEntregaFalida   [  27% ] 000/040 VUs  1m21.1s/5m0s  02.70 iters/s

running (12m23.0s), 000/060 VUs, 13040 complete and 0 interrupted iterations
radar                ✓ [ 100% ] 000/060 VUs  5m0s          80.00 iters/s
transferencias       ✓ [ 100% ] 000/040 VUs  5m0s          20.00 iters/s
webhookEntregaFalida   [  27% ] 000/040 VUs  1m22.1s/5m0s  02.74 iters/s

running (12m24.0s), 000/060 VUs, 13043 complete and 0 interrupted iterations
radar                ✓ [ 100% ] 000/060 VUs  5m0s          80.00 iters/s
transferencias       ✓ [ 100% ] 000/040 VUs  5m0s          20.00 iters/s
webhookEntregaFalida   [  28% ] 000/040 VUs  1m23.1s/5m0s  02.77 iters/s

running (12m25.0s), 000/060 VUs, 13045 complete and 0 interrupted iterations
radar                ✓ [ 100% ] 000/060 VUs  5m0s          80.00 iters/s
transferencias       ✓ [ 100% ] 000/040 VUs  5m0s          20.00 iters/s
webhookEntregaFalida   [  28% ] 000/040 VUs  1m24.1s/5m0s  02.80 iters/s

running (12m26.0s), 000/060 VUs, 13048 complete and 0 interrupted iterations
radar                ✓ [ 100% ] 000/060 VUs  5m0s          80.00 iters/s
transferencias       ✓ [ 100% ] 000/040 VUs  5m0s          20.00 iters/s
webhookEntregaFalida   [  28% ] 000/040 VUs  1m25.1s/5m0s  02.83 iters/s

running (12m27.0s), 000/060 VUs, 13051 complete and 0 interrupted iterations
radar                ✓ [ 100% ] 000/060 VUs  5m0s          80.00 iters/s
transferencias       ✓ [ 100% ] 000/040 VUs  5m0s          20.00 iters/s
webhookEntregaFalida   [  29% ] 000/040 VUs  1m26.1s/5m0s  02.87 iters/s

running (12m28.0s), 000/060 VUs, 13054 complete and 0 interrupted iterations
radar                ✓ [ 100% ] 000/060 VUs  5m0s          80.00 iters/s
transferencias       ✓ [ 100% ] 000/040 VUs  5m0s          20.00 iters/s
webhookEntregaFalida   [  29% ] 000/040 VUs  1m27.1s/5m0s  02.90 iters/s

running (12m29.0s), 000/060 VUs, 13057 complete and 0 interrupted iterations
radar                ✓ [ 100% ] 000/060 VUs  5m0s          80.00 iters/s
transferencias       ✓ [ 100% ] 000/040 VUs  5m0s          20.00 iters/s
webhookEntregaFalida   [  29% ] 000/040 VUs  1m28.1s/5m0s  02.94 iters/s

running (12m30.0s), 000/060 VUs, 13060 complete and 0 interrupted iterations
radar                ✓ [ 100% ] 000/060 VUs  5m0s          80.00 iters/s
transferencias       ✓ [ 100% ] 000/040 VUs  5m0s          20.00 iters/s
webhookEntregaFalida   [  30% ] 000/040 VUs  1m29.1s/5m0s  02.97 iters/s

running (12m31.0s), 000/060 VUs, 13063 complete and 0 interrupted iterations
radar                ✓ [ 100% ] 000/060 VUs  5m0s          80.00 iters/s
transferencias       ✓ [ 100% ] 000/040 VUs  5m0s          20.00 iters/s
webhookEntregaFalida   [  30% ] 000/040 VUs  1m30.1s/5m0s  03.01 iters/s

running (12m32.0s), 000/060 VUs, 13066 complete and 0 interrupted iterations
radar                ✓ [ 100% ] 000/060 VUs  5m0s          80.00 iters/s
transferencias       ✓ [ 100% ] 000/040 VUs  5m0s          20.00 iters/s
webhookEntregaFalida   [  30% ] 000/040 VUs  1m31.1s/5m0s  03.04 iters/s

running (12m33.0s), 000/060 VUs, 13069 complete and 0 interrupted iterations
radar                ✓ [ 100% ] 000/060 VUs  5m0s          80.00 iters/s
transferencias       ✓ [ 100% ] 000/040 VUs  5m0s          20.00 iters/s
webhookEntregaFalida   [  31% ] 000/040 VUs  1m32.1s/5m0s  03.07 iters/s

running (12m34.0s), 000/060 VUs, 13072 complete and 0 interrupted iterations
radar                ✓ [ 100% ] 000/060 VUs  5m0s          80.00 iters/s
transferencias       ✓ [ 100% ] 000/040 VUs  5m0s          20.00 iters/s
webhookEntregaFalida   [  31% ] 000/040 VUs  1m33.1s/5m0s  03.10 iters/s

running (12m35.0s), 000/060 VUs, 13075 complete and 0 interrupted iterations
radar                ✓ [ 100% ] 000/060 VUs  5m0s          80.00 iters/s
transferencias       ✓ [ 100% ] 000/040 VUs  5m0s          20.00 iters/s
webhookEntregaFalida   [  31% ] 000/040 VUs  1m34.1s/5m0s  03.14 iters/s

running (12m36.0s), 000/060 VUs, 13078 complete and 0 interrupted iterations
radar                ✓ [ 100% ] 000/060 VUs  5m0s          80.00 iters/s
transferencias       ✓ [ 100% ] 000/040 VUs  5m0s          20.00 iters/s
webhookEntregaFalida   [  32% ] 000/040 VUs  1m35.1s/5m0s  03.17 iters/s

running (12m37.0s), 000/060 VUs, 13081 complete and 0 interrupted iterations
radar                ✓ [ 100% ] 000/060 VUs  5m0s          80.00 iters/s
transferencias       ✓ [ 100% ] 000/040 VUs  5m0s          20.00 iters/s
webhookEntregaFalida   [  32% ] 000/040 VUs  1m36.1s/5m0s  03.20 iters/s

running (12m38.0s), 000/060 VUs, 13085 complete and 0 interrupted iterations
radar                ✓ [ 100% ] 000/060 VUs  5m0s          80.00 iters/s
transferencias       ✓ [ 100% ] 000/040 VUs  5m0s          20.00 iters/s
webhookEntregaFalida   [  32% ] 000/040 VUs  1m37.1s/5m0s  03.24 iters/s

running (12m39.0s), 000/060 VUs, 13088 complete and 0 interrupted iterations
radar                ✓ [ 100% ] 000/060 VUs  5m0s          80.00 iters/s
transferencias       ✓ [ 100% ] 000/040 VUs  5m0s          20.00 iters/s
webhookEntregaFalida   [  33% ] 000/040 VUs  1m38.1s/5m0s  03.27 iters/s

running (12m40.0s), 000/060 VUs, 13091 complete and 0 interrupted iterations
radar                ✓ [ 100% ] 000/060 VUs  5m0s          80.00 iters/s
transferencias       ✓ [ 100% ] 000/040 VUs  5m0s          20.00 iters/s
webhookEntregaFalida   [  33% ] 000/040 VUs  1m39.1s/5m0s  03.30 iters/s

running (12m41.0s), 000/060 VUs, 13094 complete and 0 interrupted iterations
radar                ✓ [ 100% ] 000/060 VUs  5m0s          80.00 iters/s
transferencias       ✓ [ 100% ] 000/040 VUs  5m0s          20.00 iters/s
webhookEntregaFalida   [  33% ] 000/040 VUs  1m40.1s/5m0s  03.33 iters/s

running (12m42.0s), 000/060 VUs, 13098 complete and 0 interrupted iterations
radar                ✓ [ 100% ] 000/060 VUs  5m0s          80.00 iters/s
transferencias       ✓ [ 100% ] 000/040 VUs  5m0s          20.00 iters/s
webhookEntregaFalida   [  34% ] 000/040 VUs  1m41.1s/5m0s  03.37 iters/s

running (12m43.0s), 000/060 VUs, 13101 complete and 0 interrupted iterations
radar                ✓ [ 100% ] 000/060 VUs  5m0s          80.00 iters/s
transferencias       ✓ [ 100% ] 000/040 VUs  5m0s          20.00 iters/s
webhookEntregaFalida   [  34% ] 000/040 VUs  1m42.1s/5m0s  03.40 iters/s

running (12m44.0s), 000/060 VUs, 13105 complete and 0 interrupted iterations
radar                ✓ [ 100% ] 000/060 VUs  5m0s          80.00 iters/s
transferencias       ✓ [ 100% ] 000/040 VUs  5m0s          20.00 iters/s
webhookEntregaFalida   [  34% ] 000/040 VUs  1m43.1s/5m0s  03.44 iters/s

running (12m45.0s), 000/060 VUs, 13108 complete and 0 interrupted iterations
radar                ✓ [ 100% ] 000/060 VUs  5m0s          80.00 iters/s
transferencias       ✓ [ 100% ] 000/040 VUs  5m0s          20.00 iters/s
webhookEntregaFalida   [  35% ] 000/040 VUs  1m44.1s/5m0s  03.47 iters/s

running (12m46.0s), 000/060 VUs, 13112 complete and 0 interrupted iterations
radar                ✓ [ 100% ] 000/060 VUs  5m0s          80.00 iters/s
transferencias       ✓ [ 100% ] 000/040 VUs  5m0s          20.00 iters/s
webhookEntregaFalida   [  35% ] 000/040 VUs  1m45.1s/5m0s  03.51 iters/s

running (12m47.0s), 000/060 VUs, 13115 complete and 0 interrupted iterations
radar                ✓ [ 100% ] 000/060 VUs  5m0s          80.00 iters/s
transferencias       ✓ [ 100% ] 000/040 VUs  5m0s          20.00 iters/s
webhookEntregaFalida   [  35% ] 000/040 VUs  1m46.1s/5m0s  03.54 iters/s

running (12m48.0s), 000/060 VUs, 13119 complete and 0 interrupted iterations
radar                ✓ [ 100% ] 000/060 VUs  5m0s          80.00 iters/s
transferencias       ✓ [ 100% ] 000/040 VUs  5m0s          20.00 iters/s
webhookEntregaFalida   [  36% ] 000/040 VUs  1m47.1s/5m0s  03.57 iters/s

running (12m49.0s), 000/060 VUs, 13122 complete and 0 interrupted iterations
radar                ✓ [ 100% ] 000/060 VUs  5m0s          80.00 iters/s
transferencias       ✓ [ 100% ] 000/040 VUs  5m0s          20.00 iters/s
webhookEntregaFalida   [  36% ] 000/040 VUs  1m48.1s/5m0s  03.60 iters/s

running (12m50.0s), 000/060 VUs, 13126 complete and 0 interrupted iterations
radar                ✓ [ 100% ] 000/060 VUs  5m0s          80.00 iters/s
transferencias       ✓ [ 100% ] 000/040 VUs  5m0s          20.00 iters/s
webhookEntregaFalida   [  36% ] 000/040 VUs  1m49.1s/5m0s  03.64 iters/s

running (12m51.0s), 001/060 VUs, 13129 complete and 0 interrupted iterations
radar                ✓ [ 100% ] 000/060 VUs  5m0s          80.00 iters/s
transferencias       ✓ [ 100% ] 000/040 VUs  5m0s          20.00 iters/s
webhookEntregaFalida   [  37% ] 001/040 VUs  1m50.1s/5m0s  03.67 iters/s

running (12m52.0s), 000/060 VUs, 13133 complete and 0 interrupted iterations
radar                ✓ [ 100% ] 000/060 VUs  5m0s          80.00 iters/s
transferencias       ✓ [ 100% ] 000/040 VUs  5m0s          20.00 iters/s
webhookEntregaFalida   [  37% ] 000/040 VUs  1m51.1s/5m0s  03.70 iters/s

running (12m53.0s), 000/060 VUs, 13137 complete and 0 interrupted iterations
radar                ✓ [ 100% ] 000/060 VUs  5m0s          80.00 iters/s
transferencias       ✓ [ 100% ] 000/040 VUs  5m0s          20.00 iters/s
webhookEntregaFalida   [  37% ] 000/040 VUs  1m52.1s/5m0s  03.74 iters/s

running (12m54.0s), 000/060 VUs, 13141 complete and 0 interrupted iterations
radar                ✓ [ 100% ] 000/060 VUs  5m0s          80.00 iters/s
transferencias       ✓ [ 100% ] 000/040 VUs  5m0s          20.00 iters/s
webhookEntregaFalida   [  38% ] 000/040 VUs  1m53.1s/5m0s  03.77 iters/s

running (12m55.0s), 000/060 VUs, 13144 complete and 0 interrupted iterations
radar                ✓ [ 100% ] 000/060 VUs  5m0s          80.00 iters/s
transferencias       ✓ [ 100% ] 000/040 VUs  5m0s          20.00 iters/s
webhookEntregaFalida   [  38% ] 000/040 VUs  1m54.1s/5m0s  03.80 iters/s

running (12m56.0s), 000/060 VUs, 13148 complete and 0 interrupted iterations
radar                ✓ [ 100% ] 000/060 VUs  5m0s          80.00 iters/s
transferencias       ✓ [ 100% ] 000/040 VUs  5m0s          20.00 iters/s
webhookEntregaFalida   [  38% ] 000/040 VUs  1m55.1s/5m0s  03.83 iters/s

running (12m57.0s), 000/060 VUs, 13152 complete and 0 interrupted iterations
radar                ✓ [ 100% ] 000/060 VUs  5m0s          80.00 iters/s
transferencias       ✓ [ 100% ] 000/040 VUs  5m0s          20.00 iters/s
webhookEntregaFalida   [  39% ] 000/040 VUs  1m56.1s/5m0s  03.87 iters/s

running (12m58.0s), 000/060 VUs, 13156 complete and 0 interrupted iterations
radar                ✓ [ 100% ] 000/060 VUs  5m0s          80.00 iters/s
transferencias       ✓ [ 100% ] 000/040 VUs  5m0s          20.00 iters/s
webhookEntregaFalida   [  39% ] 000/040 VUs  1m57.1s/5m0s  03.90 iters/s

running (12m59.0s), 000/060 VUs, 13160 complete and 0 interrupted iterations
radar                ✓ [ 100% ] 000/060 VUs  5m0s          80.00 iters/s
transferencias       ✓ [ 100% ] 000/040 VUs  5m0s          20.00 iters/s
webhookEntregaFalida   [  39% ] 000/040 VUs  1m58.1s/5m0s  03.94 iters/s

running (13m00.0s), 000/060 VUs, 13164 complete and 0 interrupted iterations
radar                ✓ [ 100% ] 000/060 VUs  5m0s          80.00 iters/s
transferencias       ✓ [ 100% ] 000/040 VUs  5m0s          20.00 iters/s
webhookEntregaFalida   [  40% ] 000/040 VUs  1m59.1s/5m0s  03.97 iters/s

running (13m01.0s), 000/060 VUs, 13168 complete and 0 interrupted iterations
radar                ✓ [ 100% ] 000/060 VUs  5m0s          80.00 iters/s
transferencias       ✓ [ 100% ] 000/040 VUs  5m0s          20.00 iters/s
webhookEntregaFalida   [  40% ] 000/040 VUs  2m00.1s/5m0s  04.01 iters/s

running (13m02.0s), 000/060 VUs, 13172 complete and 0 interrupted iterations
radar                ✓ [ 100% ] 000/060 VUs  5m0s          80.00 iters/s
transferencias       ✓ [ 100% ] 000/040 VUs  5m0s          20.00 iters/s
webhookEntregaFalida   [  40% ] 000/040 VUs  2m01.1s/5m0s  04.07 iters/s

running (13m03.0s), 000/060 VUs, 13176 complete and 0 interrupted iterations
radar                ✓ [ 100% ] 000/060 VUs  5m0s          80.00 iters/s
transferencias       ✓ [ 100% ] 000/040 VUs  5m0s          20.00 iters/s
webhookEntregaFalida   [  41% ] 000/040 VUs  2m02.1s/5m0s  04.14 iters/s

running (13m04.0s), 000/060 VUs, 13180 complete and 0 interrupted iterations
radar                ✓ [ 100% ] 000/060 VUs  5m0s          80.00 iters/s
transferencias       ✓ [ 100% ] 000/040 VUs  5m0s          20.00 iters/s
webhookEntregaFalida   [  41% ] 000/040 VUs  2m03.1s/5m0s  04.20 iters/s

running (13m05.0s), 000/060 VUs, 13184 complete and 0 interrupted iterations
radar                ✓ [ 100% ] 000/060 VUs  5m0s          80.00 iters/s
transferencias       ✓ [ 100% ] 000/040 VUs  5m0s          20.00 iters/s
webhookEntregaFalida   [  41% ] 000/040 VUs  2m04.1s/5m0s  04.27 iters/s

running (13m06.0s), 000/060 VUs, 13189 complete and 0 interrupted iterations
radar                ✓ [ 100% ] 000/060 VUs  5m0s          80.00 iters/s
transferencias       ✓ [ 100% ] 000/040 VUs  5m0s          20.00 iters/s
webhookEntregaFalida   [  42% ] 000/040 VUs  2m05.1s/5m0s  04.34 iters/s

running (13m07.0s), 000/060 VUs, 13193 complete and 0 interrupted iterations
radar                ✓ [ 100% ] 000/060 VUs  5m0s          80.00 iters/s
transferencias       ✓ [ 100% ] 000/040 VUs  5m0s          20.00 iters/s
webhookEntregaFalida   [  42% ] 000/040 VUs  2m06.1s/5m0s  04.40 iters/s

running (13m08.0s), 000/060 VUs, 13198 complete and 0 interrupted iterations
radar                ✓ [ 100% ] 000/060 VUs  5m0s          80.00 iters/s
transferencias       ✓ [ 100% ] 000/040 VUs  5m0s          20.00 iters/s
webhookEntregaFalida   [  42% ] 000/040 VUs  2m07.1s/5m0s  04.48 iters/s

running (13m09.0s), 000/060 VUs, 13202 complete and 0 interrupted iterations
radar                ✓ [ 100% ] 000/060 VUs  5m0s          80.00 iters/s
transferencias       ✓ [ 100% ] 000/040 VUs  5m0s          20.00 iters/s
webhookEntregaFalida   [  43% ] 000/040 VUs  2m08.1s/5m0s  04.54 iters/s

running (13m10.0s), 000/060 VUs, 13207 complete and 0 interrupted iterations
radar                ✓ [ 100% ] 000/060 VUs  5m0s          80.00 iters/s
transferencias       ✓ [ 100% ] 000/040 VUs  5m0s          20.00 iters/s
webhookEntregaFalida   [  43% ] 000/040 VUs  2m09.1s/5m0s  04.61 iters/s

running (13m11.0s), 000/060 VUs, 13211 complete and 0 interrupted iterations
radar                ✓ [ 100% ] 000/060 VUs  5m0s          80.00 iters/s
transferencias       ✓ [ 100% ] 000/040 VUs  5m0s          20.00 iters/s
webhookEntregaFalida   [  43% ] 000/040 VUs  2m10.1s/5m0s  04.67 iters/s

running (13m12.0s), 000/060 VUs, 13216 complete and 0 interrupted iterations
radar                ✓ [ 100% ] 000/060 VUs  5m0s          80.00 iters/s
transferencias       ✓ [ 100% ] 000/040 VUs  5m0s          20.00 iters/s
webhookEntregaFalida   [  44% ] 000/040 VUs  2m11.1s/5m0s  04.74 iters/s

running (13m13.0s), 000/060 VUs, 13221 complete and 0 interrupted iterations
radar                ✓ [ 100% ] 000/060 VUs  5m0s          80.00 iters/s
transferencias       ✓ [ 100% ] 000/040 VUs  5m0s          20.00 iters/s
webhookEntregaFalida   [  44% ] 000/040 VUs  2m12.1s/5m0s  04.81 iters/s

running (13m14.0s), 000/060 VUs, 13226 complete and 0 interrupted iterations
radar                ✓ [ 100% ] 000/060 VUs  5m0s          80.00 iters/s
transferencias       ✓ [ 100% ] 000/040 VUs  5m0s          20.00 iters/s
webhookEntregaFalida   [  44% ] 000/040 VUs  2m13.1s/5m0s  04.88 iters/s

running (13m15.0s), 001/060 VUs, 13230 complete and 0 interrupted iterations
radar                ✓ [ 100% ] 000/060 VUs  5m0s          80.00 iters/s
transferencias       ✓ [ 100% ] 000/040 VUs  5m0s          20.00 iters/s
webhookEntregaFalida   [  45% ] 001/040 VUs  2m14.1s/5m0s  04.95 iters/s

running (13m16.0s), 000/060 VUs, 13235 complete and 0 interrupted iterations
radar                ✓ [ 100% ] 000/060 VUs  5m0s          80.00 iters/s
transferencias       ✓ [ 100% ] 000/040 VUs  5m0s          20.00 iters/s
webhookEntregaFalida   [  45% ] 000/040 VUs  2m15.1s/5m0s  05.00 iters/s

running (13m17.0s), 001/060 VUs, 13240 complete and 0 interrupted iterations
radar                ✓ [ 100% ] 000/060 VUs  5m0s          80.00 iters/s
transferencias       ✓ [ 100% ] 000/040 VUs  5m0s          20.00 iters/s
webhookEntregaFalida   [  45% ] 001/040 VUs  2m16.1s/5m0s  05.08 iters/s

running (13m18.0s), 000/060 VUs, 13246 complete and 0 interrupted iterations
radar                ✓ [ 100% ] 000/060 VUs  5m0s          80.00 iters/s
transferencias       ✓ [ 100% ] 000/040 VUs  5m0s          20.00 iters/s
webhookEntregaFalida   [  46% ] 000/040 VUs  2m17.1s/5m0s  05.14 iters/s

running (13m19.0s), 000/060 VUs, 13251 complete and 0 interrupted iterations
radar                ✓ [ 100% ] 000/060 VUs  5m0s          80.00 iters/s
transferencias       ✓ [ 100% ] 000/040 VUs  5m0s          20.00 iters/s
webhookEntregaFalida   [  46% ] 000/040 VUs  2m18.1s/5m0s  05.21 iters/s

running (13m20.0s), 000/060 VUs, 13256 complete and 0 interrupted iterations
radar                ✓ [ 100% ] 000/060 VUs  5m0s          80.00 iters/s
transferencias       ✓ [ 100% ] 000/040 VUs  5m0s          20.00 iters/s
webhookEntregaFalida   [  46% ] 000/040 VUs  2m19.1s/5m0s  05.27 iters/s

running (13m21.0s), 000/060 VUs, 13261 complete and 0 interrupted iterations
radar                ✓ [ 100% ] 000/060 VUs  5m0s          80.00 iters/s
transferencias       ✓ [ 100% ] 000/040 VUs  5m0s          20.00 iters/s
webhookEntregaFalida   [  47% ] 000/040 VUs  2m20.1s/5m0s  05.34 iters/s

running (13m22.0s), 000/060 VUs, 13267 complete and 0 interrupted iterations
radar                ✓ [ 100% ] 000/060 VUs  5m0s          80.00 iters/s
transferencias       ✓ [ 100% ] 000/040 VUs  5m0s          20.00 iters/s
webhookEntregaFalida   [  47% ] 000/040 VUs  2m21.1s/5m0s  05.41 iters/s

running (13m23.0s), 000/060 VUs, 13272 complete and 0 interrupted iterations
radar                ✓ [ 100% ] 000/060 VUs  5m0s          80.00 iters/s
transferencias       ✓ [ 100% ] 000/040 VUs  5m0s          20.00 iters/s
webhookEntregaFalida   [  47% ] 000/040 VUs  2m22.1s/5m0s  05.47 iters/s

running (13m24.0s), 000/060 VUs, 13278 complete and 0 interrupted iterations
radar                ✓ [ 100% ] 000/060 VUs  5m0s          80.00 iters/s
transferencias       ✓ [ 100% ] 000/040 VUs  5m0s          20.00 iters/s
webhookEntregaFalida   [  48% ] 000/040 VUs  2m23.1s/5m0s  05.54 iters/s

running (13m25.0s), 000/060 VUs, 13283 complete and 0 interrupted iterations
radar                ✓ [ 100% ] 000/060 VUs  5m0s          80.00 iters/s
transferencias       ✓ [ 100% ] 000/040 VUs  5m0s          20.00 iters/s
webhookEntregaFalida   [  48% ] 000/040 VUs  2m24.1s/5m0s  05.60 iters/s

running (13m26.0s), 000/060 VUs, 13289 complete and 0 interrupted iterations
radar                ✓ [ 100% ] 000/060 VUs  5m0s          80.00 iters/s
transferencias       ✓ [ 100% ] 000/040 VUs  5m0s          20.00 iters/s
webhookEntregaFalida   [  48% ] 000/040 VUs  2m25.1s/5m0s  05.67 iters/s

running (13m27.0s), 000/060 VUs, 13295 complete and 0 interrupted iterations
radar                ✓ [ 100% ] 000/060 VUs  5m0s          80.00 iters/s
transferencias       ✓ [ 100% ] 000/040 VUs  5m0s          20.00 iters/s
webhookEntregaFalida   [  49% ] 000/040 VUs  2m26.1s/5m0s  05.74 iters/s

running (13m28.0s), 000/060 VUs, 13300 complete and 0 interrupted iterations
radar                ✓ [ 100% ] 000/060 VUs  5m0s          80.00 iters/s
transferencias       ✓ [ 100% ] 000/040 VUs  5m0s          20.00 iters/s
webhookEntregaFalida   [  49% ] 000/040 VUs  2m27.1s/5m0s  05.80 iters/s

running (13m29.0s), 000/060 VUs, 13306 complete and 0 interrupted iterations
radar                ✓ [ 100% ] 000/060 VUs  5m0s          80.00 iters/s
transferencias       ✓ [ 100% ] 000/040 VUs  5m0s          20.00 iters/s
webhookEntregaFalida   [  49% ] 000/040 VUs  2m28.1s/5m0s  05.87 iters/s

running (13m30.0s), 000/060 VUs, 13312 complete and 0 interrupted iterations
radar                ✓ [ 100% ] 000/060 VUs  5m0s          80.00 iters/s
transferencias       ✓ [ 100% ] 000/040 VUs  5m0s          20.00 iters/s
webhookEntregaFalida   [  50% ] 000/040 VUs  2m29.1s/5m0s  05.94 iters/s

running (13m31.0s), 000/060 VUs, 13318 complete and 0 interrupted iterations
radar                ✓ [ 100% ] 000/060 VUs  5m0s          80.00 iters/s
transferencias       ✓ [ 100% ] 000/040 VUs  5m0s          20.00 iters/s
webhookEntregaFalida   [  50% ] 000/040 VUs  2m30.1s/5m0s  06.01 iters/s

running (13m32.0s), 000/060 VUs, 13324 complete and 0 interrupted iterations
radar                ✓ [ 100% ] 000/060 VUs  5m0s          80.00 iters/s
transferencias       ✓ [ 100% ] 000/040 VUs  5m0s          20.00 iters/s
webhookEntregaFalida   [  50% ] 000/040 VUs  2m31.1s/5m0s  06.07 iters/s

running (13m33.0s), 000/060 VUs, 13330 complete and 0 interrupted iterations
radar                ✓ [ 100% ] 000/060 VUs  5m0s          80.00 iters/s
transferencias       ✓ [ 100% ] 000/040 VUs  5m0s          20.00 iters/s
webhookEntregaFalida   [  51% ] 000/040 VUs  2m32.1s/5m0s  06.14 iters/s

running (13m34.0s), 000/060 VUs, 13336 complete and 0 interrupted iterations
radar                ✓ [ 100% ] 000/060 VUs  5m0s          80.00 iters/s
transferencias       ✓ [ 100% ] 000/040 VUs  5m0s          20.00 iters/s
webhookEntregaFalida   [  51% ] 000/040 VUs  2m33.1s/5m0s  06.20 iters/s

running (13m35.0s), 000/060 VUs, 13343 complete and 0 interrupted iterations
radar                ✓ [ 100% ] 000/060 VUs  5m0s          80.00 iters/s
transferencias       ✓ [ 100% ] 000/040 VUs  5m0s          20.00 iters/s
webhookEntregaFalida   [  51% ] 000/040 VUs  2m34.1s/5m0s  06.28 iters/s

running (13m36.0s), 000/060 VUs, 13349 complete and 0 interrupted iterations
radar                ✓ [ 100% ] 000/060 VUs  5m0s          80.00 iters/s
transferencias       ✓ [ 100% ] 000/040 VUs  5m0s          20.00 iters/s
webhookEntregaFalida   [  52% ] 000/040 VUs  2m35.1s/5m0s  06.34 iters/s

running (13m37.0s), 000/060 VUs, 13355 complete and 0 interrupted iterations
radar                ✓ [ 100% ] 000/060 VUs  5m0s          80.00 iters/s
transferencias       ✓ [ 100% ] 000/040 VUs  5m0s          20.00 iters/s
webhookEntregaFalida   [  52% ] 000/040 VUs  2m36.1s/5m0s  06.40 iters/s

running (13m38.0s), 000/060 VUs, 13362 complete and 0 interrupted iterations
radar                ✓ [ 100% ] 000/060 VUs  5m0s          80.00 iters/s
transferencias       ✓ [ 100% ] 000/040 VUs  5m0s          20.00 iters/s
webhookEntregaFalida   [  52% ] 000/040 VUs  2m37.1s/5m0s  06.48 iters/s

running (13m39.0s), 000/060 VUs, 13368 complete and 0 interrupted iterations
radar                ✓ [ 100% ] 000/060 VUs  5m0s          80.00 iters/s
transferencias       ✓ [ 100% ] 000/040 VUs  5m0s          20.00 iters/s
webhookEntregaFalida   [  53% ] 000/040 VUs  2m38.1s/5m0s  06.54 iters/s

running (13m40.0s), 000/060 VUs, 13375 complete and 0 interrupted iterations
radar                ✓ [ 100% ] 000/060 VUs  5m0s          80.00 iters/s
transferencias       ✓ [ 100% ] 000/040 VUs  5m0s          20.00 iters/s
webhookEntregaFalida   [  53% ] 000/040 VUs  2m39.1s/5m0s  06.61 iters/s

running (13m41.0s), 000/060 VUs, 13381 complete and 0 interrupted iterations
radar                ✓ [ 100% ] 000/060 VUs  5m0s          80.00 iters/s
transferencias       ✓ [ 100% ] 000/040 VUs  5m0s          20.00 iters/s
webhookEntregaFalida   [  53% ] 000/040 VUs  2m40.1s/5m0s  06.67 iters/s

running (13m42.0s), 000/060 VUs, 13388 complete and 0 interrupted iterations
radar                ✓ [ 100% ] 000/060 VUs  5m0s          80.00 iters/s
transferencias       ✓ [ 100% ] 000/040 VUs  5m0s          20.00 iters/s
webhookEntregaFalida   [  54% ] 000/040 VUs  2m41.1s/5m0s  06.74 iters/s

running (13m43.0s), 000/060 VUs, 13395 complete and 0 interrupted iterations
radar                ✓ [ 100% ] 000/060 VUs  5m0s          80.00 iters/s
transferencias       ✓ [ 100% ] 000/040 VUs  5m0s          20.00 iters/s
webhookEntregaFalida   [  54% ] 000/040 VUs  2m42.1s/5m0s  06.81 iters/s

running (13m44.0s), 000/060 VUs, 13402 complete and 0 interrupted iterations
radar                ✓ [ 100% ] 000/060 VUs  5m0s          80.00 iters/s
transferencias       ✓ [ 100% ] 000/040 VUs  5m0s          20.00 iters/s
webhookEntregaFalida   [  54% ] 000/040 VUs  2m43.1s/5m0s  06.88 iters/s

running (13m45.0s), 000/060 VUs, 13409 complete and 0 interrupted iterations
radar                ✓ [ 100% ] 000/060 VUs  5m0s          80.00 iters/s
transferencias       ✓ [ 100% ] 000/040 VUs  5m0s          20.00 iters/s
webhookEntregaFalida   [  55% ] 000/040 VUs  2m44.1s/5m0s  06.94 iters/s

running (13m46.0s), 000/060 VUs, 13416 complete and 0 interrupted iterations
radar                ✓ [ 100% ] 000/060 VUs  5m0s          80.00 iters/s
transferencias       ✓ [ 100% ] 000/040 VUs  5m0s          20.00 iters/s
webhookEntregaFalida   [  55% ] 000/040 VUs  2m45.1s/5m0s  07.01 iters/s

running (13m47.0s), 000/060 VUs, 13423 complete and 0 interrupted iterations
radar                ✓ [ 100% ] 000/060 VUs  5m0s          80.00 iters/s
transferencias       ✓ [ 100% ] 000/040 VUs  5m0s          20.00 iters/s
webhookEntregaFalida   [  55% ] 000/040 VUs  2m46.1s/5m0s  07.08 iters/s

running (13m48.0s), 000/060 VUs, 13430 complete and 0 interrupted iterations
radar                ✓ [ 100% ] 000/060 VUs  5m0s          80.00 iters/s
transferencias       ✓ [ 100% ] 000/040 VUs  5m0s          20.00 iters/s
webhookEntregaFalida   [  56% ] 000/040 VUs  2m47.1s/5m0s  07.14 iters/s

running (13m49.0s), 000/060 VUs, 13437 complete and 0 interrupted iterations
radar                ✓ [ 100% ] 000/060 VUs  5m0s          80.00 iters/s
transferencias       ✓ [ 100% ] 000/040 VUs  5m0s          20.00 iters/s
webhookEntregaFalida   [  56% ] 000/040 VUs  2m48.1s/5m0s  07.21 iters/s

running (13m50.0s), 000/060 VUs, 13444 complete and 0 interrupted iterations
radar                ✓ [ 100% ] 000/060 VUs  5m0s          80.00 iters/s
transferencias       ✓ [ 100% ] 000/040 VUs  5m0s          20.00 iters/s
webhookEntregaFalida   [  56% ] 000/040 VUs  2m49.1s/5m0s  07.27 iters/s

running (13m51.0s), 000/060 VUs, 13452 complete and 0 interrupted iterations
radar                ✓ [ 100% ] 000/060 VUs  5m0s          80.00 iters/s
transferencias       ✓ [ 100% ] 000/040 VUs  5m0s          20.00 iters/s
webhookEntregaFalida   [  57% ] 000/040 VUs  2m50.1s/5m0s  07.34 iters/s

running (13m52.0s), 000/060 VUs, 13459 complete and 0 interrupted iterations
radar                ✓ [ 100% ] 000/060 VUs  5m0s          80.00 iters/s
transferencias       ✓ [ 100% ] 000/040 VUs  5m0s          20.00 iters/s
webhookEntregaFalida   [  57% ] 000/040 VUs  2m51.1s/5m0s  07.41 iters/s

running (13m53.0s), 000/060 VUs, 13466 complete and 0 interrupted iterations
radar                ✓ [ 100% ] 000/060 VUs  5m0s          80.00 iters/s
transferencias       ✓ [ 100% ] 000/040 VUs  5m0s          20.00 iters/s
webhookEntregaFalida   [  57% ] 000/040 VUs  2m52.1s/5m0s  07.47 iters/s

running (13m54.0s), 000/060 VUs, 13474 complete and 0 interrupted iterations
radar                ✓ [ 100% ] 000/060 VUs  5m0s          80.00 iters/s
transferencias       ✓ [ 100% ] 000/040 VUs  5m0s          20.00 iters/s
webhookEntregaFalida   [  58% ] 000/040 VUs  2m53.1s/5m0s  07.54 iters/s

running (13m55.0s), 000/060 VUs, 13481 complete and 0 interrupted iterations
radar                ✓ [ 100% ] 000/060 VUs  5m0s          80.00 iters/s
transferencias       ✓ [ 100% ] 000/040 VUs  5m0s          20.00 iters/s
webhookEntregaFalida   [  58% ] 000/040 VUs  2m54.1s/5m0s  07.60 iters/s

running (13m56.0s), 000/060 VUs, 13489 complete and 0 interrupted iterations
radar                ✓ [ 100% ] 000/060 VUs  5m0s          80.00 iters/s
transferencias       ✓ [ 100% ] 000/040 VUs  5m0s          20.00 iters/s
webhookEntregaFalida   [  58% ] 000/040 VUs  2m55.1s/5m0s  07.67 iters/s

running (13m57.0s), 000/060 VUs, 13497 complete and 0 interrupted iterations
radar                ✓ [ 100% ] 000/060 VUs  5m0s          80.00 iters/s
transferencias       ✓ [ 100% ] 000/040 VUs  5m0s          20.00 iters/s
webhookEntregaFalida   [  59% ] 000/040 VUs  2m56.1s/5m0s  07.74 iters/s

running (13m58.0s), 001/060 VUs, 13504 complete and 0 interrupted iterations
radar                ✓ [ 100% ] 000/060 VUs  5m0s          80.00 iters/s
transferencias       ✓ [ 100% ] 000/040 VUs  5m0s          20.00 iters/s
webhookEntregaFalida   [  59% ] 001/040 VUs  2m57.1s/5m0s  07.81 iters/s

running (13m59.0s), 000/060 VUs, 13512 complete and 0 interrupted iterations
radar                ✓ [ 100% ] 000/060 VUs  5m0s          80.00 iters/s
transferencias       ✓ [ 100% ] 000/040 VUs  5m0s          20.00 iters/s
webhookEntregaFalida   [  59% ] 000/040 VUs  2m58.1s/5m0s  07.87 iters/s

running (14m00.0s), 000/060 VUs, 13520 complete and 0 interrupted iterations
radar                ✓ [ 100% ] 000/060 VUs  5m0s          80.00 iters/s
transferencias       ✓ [ 100% ] 000/040 VUs  5m0s          20.00 iters/s
webhookEntregaFalida   [  60% ] 000/040 VUs  2m59.1s/5m0s  07.94 iters/s

running (14m01.0s), 000/060 VUs, 13528 complete and 0 interrupted iterations
radar                ✓ [ 100% ] 000/060 VUs  5m0s          80.00 iters/s
transferencias       ✓ [ 100% ] 000/040 VUs  5m0s          20.00 iters/s
webhookEntregaFalida   [  60% ] 000/040 VUs  3m00.1s/5m0s  08.00 iters/s

running (14m02.0s), 000/060 VUs, 13536 complete and 0 interrupted iterations
radar                ✓ [ 100% ] 000/060 VUs  5m0s          80.00 iters/s
transferencias       ✓ [ 100% ] 000/040 VUs  5m0s          20.00 iters/s
webhookEntregaFalida   [  60% ] 000/040 VUs  3m01.1s/5m0s  08.07 iters/s

running (14m03.0s), 000/060 VUs, 13544 complete and 0 interrupted iterations
radar                ✓ [ 100% ] 000/060 VUs  5m0s          80.00 iters/s
transferencias       ✓ [ 100% ] 000/040 VUs  5m0s          20.00 iters/s
webhookEntregaFalida   [  61% ] 000/040 VUs  3m02.1s/5m0s  08.14 iters/s

running (14m04.0s), 000/060 VUs, 13553 complete and 0 interrupted iterations
radar                ✓ [ 100% ] 000/060 VUs  5m0s          80.00 iters/s
transferencias       ✓ [ 100% ] 000/040 VUs  5m0s          20.00 iters/s
webhookEntregaFalida   [  61% ] 000/040 VUs  3m03.1s/5m0s  08.21 iters/s

running (14m05.0s), 000/060 VUs, 13561 complete and 0 interrupted iterations
radar                ✓ [ 100% ] 000/060 VUs  5m0s          80.00 iters/s
transferencias       ✓ [ 100% ] 000/040 VUs  5m0s          20.00 iters/s
webhookEntregaFalida   [  61% ] 000/040 VUs  3m04.1s/5m0s  08.27 iters/s

running (14m06.0s), 000/060 VUs, 13569 complete and 0 interrupted iterations
radar                ✓ [ 100% ] 000/060 VUs  5m0s          80.00 iters/s
transferencias       ✓ [ 100% ] 000/040 VUs  5m0s          20.00 iters/s
webhookEntregaFalida   [  62% ] 000/040 VUs  3m05.1s/5m0s  08.34 iters/s

running (14m07.0s), 001/060 VUs, 13577 complete and 0 interrupted iterations
radar                ✓ [ 100% ] 000/060 VUs  5m0s          80.00 iters/s
transferencias       ✓ [ 100% ] 000/040 VUs  5m0s          20.00 iters/s
webhookEntregaFalida   [  62% ] 001/040 VUs  3m06.1s/5m0s  08.41 iters/s

running (14m08.0s), 000/060 VUs, 13586 complete and 0 interrupted iterations
radar                ✓ [ 100% ] 000/060 VUs  5m0s          80.00 iters/s
transferencias       ✓ [ 100% ] 000/040 VUs  5m0s          20.00 iters/s
webhookEntregaFalida   [  62% ] 000/040 VUs  3m07.1s/5m0s  08.47 iters/s

running (14m09.0s), 000/060 VUs, 13594 complete and 0 interrupted iterations
radar                ✓ [ 100% ] 000/060 VUs  5m0s          80.00 iters/s
transferencias       ✓ [ 100% ] 000/040 VUs  5m0s          20.00 iters/s
webhookEntregaFalida   [  63% ] 000/040 VUs  3m08.1s/5m0s  08.54 iters/s

running (14m10.0s), 000/060 VUs, 13603 complete and 0 interrupted iterations
radar                ✓ [ 100% ] 000/060 VUs  5m0s          80.00 iters/s
transferencias       ✓ [ 100% ] 000/040 VUs  5m0s          20.00 iters/s
webhookEntregaFalida   [  63% ] 000/040 VUs  3m09.1s/5m0s  08.61 iters/s

running (14m11.0s), 000/060 VUs, 13612 complete and 0 interrupted iterations
radar                ✓ [ 100% ] 000/060 VUs  5m0s          80.00 iters/s
transferencias       ✓ [ 100% ] 000/040 VUs  5m0s          20.00 iters/s
webhookEntregaFalida   [  63% ] 000/040 VUs  3m10.1s/5m0s  08.68 iters/s

running (14m12.0s), 000/060 VUs, 13620 complete and 0 interrupted iterations
radar                ✓ [ 100% ] 000/060 VUs  5m0s          80.00 iters/s
transferencias       ✓ [ 100% ] 000/040 VUs  5m0s          20.00 iters/s
webhookEntregaFalida   [  64% ] 000/040 VUs  3m11.1s/5m0s  08.74 iters/s

running (14m13.0s), 000/060 VUs, 13629 complete and 0 interrupted iterations
radar                ✓ [ 100% ] 000/060 VUs  5m0s          80.00 iters/s
transferencias       ✓ [ 100% ] 000/040 VUs  5m0s          20.00 iters/s
webhookEntregaFalida   [  64% ] 000/040 VUs  3m12.1s/5m0s  08.81 iters/s

running (14m14.0s), 000/060 VUs, 13638 complete and 0 interrupted iterations
radar                ✓ [ 100% ] 000/060 VUs  5m0s          80.00 iters/s
transferencias       ✓ [ 100% ] 000/040 VUs  5m0s          20.00 iters/s
webhookEntregaFalida   [  64% ] 000/040 VUs  3m13.1s/5m0s  08.87 iters/s

running (14m15.0s), 000/060 VUs, 13647 complete and 0 interrupted iterations
radar                ✓ [ 100% ] 000/060 VUs  5m0s          80.00 iters/s
transferencias       ✓ [ 100% ] 000/040 VUs  5m0s          20.00 iters/s
webhookEntregaFalida   [  65% ] 000/040 VUs  3m14.1s/5m0s  08.94 iters/s

running (14m16.0s), 000/060 VUs, 13656 complete and 0 interrupted iterations
radar                ✓ [ 100% ] 000/060 VUs  5m0s          80.00 iters/s
transferencias       ✓ [ 100% ] 000/040 VUs  5m0s          20.00 iters/s
webhookEntregaFalida   [  65% ] 000/040 VUs  3m15.1s/5m0s  09.01 iters/s

running (14m17.0s), 000/060 VUs, 13665 complete and 0 interrupted iterations
radar                ✓ [ 100% ] 000/060 VUs  5m0s          80.00 iters/s
transferencias       ✓ [ 100% ] 000/040 VUs  5m0s          20.00 iters/s
webhookEntregaFalida   [  65% ] 000/040 VUs  3m16.1s/5m0s  09.07 iters/s

running (14m18.0s), 000/060 VUs, 13674 complete and 0 interrupted iterations
radar                ✓ [ 100% ] 000/060 VUs  5m0s          80.00 iters/s
transferencias       ✓ [ 100% ] 000/040 VUs  5m0s          20.00 iters/s
webhookEntregaFalida   [  66% ] 000/040 VUs  3m17.1s/5m0s  09.14 iters/s

running (14m19.0s), 000/060 VUs, 13683 complete and 0 interrupted iterations
radar                ✓ [ 100% ] 000/060 VUs  5m0s          80.00 iters/s
transferencias       ✓ [ 100% ] 000/040 VUs  5m0s          20.00 iters/s
webhookEntregaFalida   [  66% ] 000/040 VUs  3m18.1s/5m0s  09.21 iters/s

running (14m20.0s), 000/060 VUs, 13692 complete and 0 interrupted iterations
radar                ✓ [ 100% ] 000/060 VUs  5m0s          80.00 iters/s
transferencias       ✓ [ 100% ] 000/040 VUs  5m0s          20.00 iters/s
webhookEntregaFalida   [  66% ] 000/040 VUs  3m19.1s/5m0s  09.27 iters/s

running (14m21.0s), 000/060 VUs, 13702 complete and 0 interrupted iterations
radar                ✓ [ 100% ] 000/060 VUs  5m0s          80.00 iters/s
transferencias       ✓ [ 100% ] 000/040 VUs  5m0s          20.00 iters/s
webhookEntregaFalida   [  67% ] 000/040 VUs  3m20.1s/5m0s  09.34 iters/s

running (14m22.0s), 000/060 VUs, 13711 complete and 0 interrupted iterations
radar                ✓ [ 100% ] 000/060 VUs  5m0s          80.00 iters/s
transferencias       ✓ [ 100% ] 000/040 VUs  5m0s          20.00 iters/s
webhookEntregaFalida   [  67% ] 000/040 VUs  3m21.1s/5m0s  09.41 iters/s

running (14m23.0s), 001/060 VUs, 13720 complete and 0 interrupted iterations
radar                ✓ [ 100% ] 000/060 VUs  5m0s          80.00 iters/s
transferencias       ✓ [ 100% ] 000/040 VUs  5m0s          20.00 iters/s
webhookEntregaFalida   [  67% ] 001/040 VUs  3m22.1s/5m0s  09.48 iters/s

running (14m24.0s), 000/060 VUs, 13730 complete and 0 interrupted iterations
radar                ✓ [ 100% ] 000/060 VUs  5m0s          80.00 iters/s
transferencias       ✓ [ 100% ] 000/040 VUs  5m0s          20.00 iters/s
webhookEntregaFalida   [  68% ] 000/040 VUs  3m23.1s/5m0s  09.54 iters/s

running (14m25.0s), 000/060 VUs, 13740 complete and 0 interrupted iterations
radar                ✓ [ 100% ] 000/060 VUs  5m0s          80.00 iters/s
transferencias       ✓ [ 100% ] 000/040 VUs  5m0s          20.00 iters/s
webhookEntregaFalida   [  68% ] 000/040 VUs  3m24.1s/5m0s  09.61 iters/s

running (14m26.0s), 000/060 VUs, 13749 complete and 0 interrupted iterations
radar                ✓ [ 100% ] 000/060 VUs  5m0s          80.00 iters/s
transferencias       ✓ [ 100% ] 000/040 VUs  5m0s          20.00 iters/s
webhookEntregaFalida   [  68% ] 000/040 VUs  3m25.1s/5m0s  09.67 iters/s

running (14m27.0s), 000/060 VUs, 13759 complete and 0 interrupted iterations
radar                ✓ [ 100% ] 000/060 VUs  5m0s          80.00 iters/s
transferencias       ✓ [ 100% ] 000/040 VUs  5m0s          20.00 iters/s
webhookEntregaFalida   [  69% ] 000/040 VUs  3m26.1s/5m0s  09.74 iters/s

running (14m28.0s), 000/060 VUs, 13769 complete and 0 interrupted iterations
radar                ✓ [ 100% ] 000/060 VUs  5m0s          80.00 iters/s
transferencias       ✓ [ 100% ] 000/040 VUs  5m0s          20.00 iters/s
webhookEntregaFalida   [  69% ] 000/040 VUs  3m27.1s/5m0s  09.81 iters/s

running (14m29.0s), 000/060 VUs, 13779 complete and 0 interrupted iterations
radar                ✓ [ 100% ] 000/060 VUs  5m0s          80.00 iters/s
transferencias       ✓ [ 100% ] 000/040 VUs  5m0s          20.00 iters/s
webhookEntregaFalida   [  69% ] 000/040 VUs  3m28.1s/5m0s  09.88 iters/s

running (14m30.0s), 001/060 VUs, 13788 complete and 0 interrupted iterations
radar                ✓ [ 100% ] 000/060 VUs  5m0s          80.00 iters/s
transferencias       ✓ [ 100% ] 000/040 VUs  5m0s          20.00 iters/s
webhookEntregaFalida   [  70% ] 001/040 VUs  3m29.1s/5m0s  09.94 iters/s

running (14m31.0s), 000/060 VUs, 13798 complete and 0 interrupted iterations
radar                ✓ [ 100% ] 000/060 VUs  5m0s          80.00 iters/s
transferencias       ✓ [ 100% ] 000/040 VUs  5m0s          20.00 iters/s
webhookEntregaFalida   [  70% ] 000/040 VUs  3m30.1s/5m0s  10.00 iters/s

running (14m32.0s), 001/060 VUs, 13808 complete and 0 interrupted iterations
radar                ✓ [ 100% ] 000/060 VUs  5m0s          80.00 iters/s
transferencias       ✓ [ 100% ] 000/040 VUs  5m0s          20.00 iters/s
webhookEntregaFalida   [  70% ] 001/040 VUs  3m31.1s/5m0s  10.08 iters/s

running (14m33.0s), 000/060 VUs, 13819 complete and 0 interrupted iterations
radar                ✓ [ 100% ] 000/060 VUs  5m0s          80.00 iters/s
transferencias       ✓ [ 100% ] 000/040 VUs  5m0s          20.00 iters/s
webhookEntregaFalida   [  71% ] 000/040 VUs  3m32.1s/5m0s  10.14 iters/s

running (14m34.0s), 000/060 VUs, 13829 complete and 0 interrupted iterations
radar                ✓ [ 100% ] 000/060 VUs  5m0s          80.00 iters/s
transferencias       ✓ [ 100% ] 000/040 VUs  5m0s          20.00 iters/s
webhookEntregaFalida   [  71% ] 000/040 VUs  3m33.1s/5m0s  10.21 iters/s

running (14m35.0s), 000/060 VUs, 13839 complete and 0 interrupted iterations
radar                ✓ [ 100% ] 000/060 VUs  5m0s          80.00 iters/s
transferencias       ✓ [ 100% ] 000/040 VUs  5m0s          20.00 iters/s
webhookEntregaFalida   [  71% ] 000/040 VUs  3m34.1s/5m0s  10.27 iters/s

running (14m36.0s), 000/060 VUs, 13849 complete and 0 interrupted iterations
radar                ✓ [ 100% ] 000/060 VUs  5m0s          80.00 iters/s
transferencias       ✓ [ 100% ] 000/040 VUs  5m0s          20.00 iters/s
webhookEntregaFalida   [  72% ] 000/040 VUs  3m35.1s/5m0s  10.34 iters/s

running (14m37.0s), 000/060 VUs, 13860 complete and 0 interrupted iterations
radar                ✓ [ 100% ] 000/060 VUs  5m0s          80.00 iters/s
transferencias       ✓ [ 100% ] 000/040 VUs  5m0s          20.00 iters/s
webhookEntregaFalida   [  72% ] 000/040 VUs  3m36.1s/5m0s  10.41 iters/s

running (14m38.0s), 000/060 VUs, 13870 complete and 0 interrupted iterations
radar                ✓ [ 100% ] 000/060 VUs  5m0s          80.00 iters/s
transferencias       ✓ [ 100% ] 000/040 VUs  5m0s          20.00 iters/s
webhookEntregaFalida   [  72% ] 000/040 VUs  3m37.1s/5m0s  10.47 iters/s

running (14m39.0s), 000/060 VUs, 13881 complete and 0 interrupted iterations
radar                ✓ [ 100% ] 000/060 VUs  5m0s          80.00 iters/s
transferencias       ✓ [ 100% ] 000/040 VUs  5m0s          20.00 iters/s
webhookEntregaFalida   [  73% ] 000/040 VUs  3m38.1s/5m0s  10.54 iters/s

running (14m40.0s), 000/060 VUs, 13891 complete and 0 interrupted iterations
radar                ✓ [ 100% ] 000/060 VUs  5m0s          80.00 iters/s
transferencias       ✓ [ 100% ] 000/040 VUs  5m0s          20.00 iters/s
webhookEntregaFalida   [  73% ] 000/040 VUs  3m39.1s/5m0s  10.61 iters/s

running (14m41.0s), 000/060 VUs, 13902 complete and 0 interrupted iterations
radar                ✓ [ 100% ] 000/060 VUs  5m0s          80.00 iters/s
transferencias       ✓ [ 100% ] 000/040 VUs  5m0s          20.00 iters/s
webhookEntregaFalida   [  73% ] 000/040 VUs  3m40.1s/5m0s  10.67 iters/s

running (14m42.0s), 001/060 VUs, 13912 complete and 0 interrupted iterations
radar                ✓ [ 100% ] 000/060 VUs  5m0s          80.00 iters/s
transferencias       ✓ [ 100% ] 000/040 VUs  5m0s          20.00 iters/s
webhookEntregaFalida   [  74% ] 001/040 VUs  3m41.1s/5m0s  10.74 iters/s

running (14m43.0s), 000/060 VUs, 13923 complete and 0 interrupted iterations
radar                ✓ [ 100% ] 000/060 VUs  5m0s          80.00 iters/s
transferencias       ✓ [ 100% ] 000/040 VUs  5m0s          20.00 iters/s
webhookEntregaFalida   [  74% ] 000/040 VUs  3m42.1s/5m0s  10.80 iters/s

running (14m44.0s), 000/060 VUs, 13934 complete and 0 interrupted iterations
radar                ✓ [ 100% ] 000/060 VUs  5m0s          80.00 iters/s
transferencias       ✓ [ 100% ] 000/040 VUs  5m0s          20.00 iters/s
webhookEntregaFalida   [  74% ] 000/040 VUs  3m43.1s/5m0s  10.87 iters/s

running (14m45.0s), 000/060 VUs, 13945 complete and 0 interrupted iterations
radar                ✓ [ 100% ] 000/060 VUs  5m0s          80.00 iters/s
transferencias       ✓ [ 100% ] 000/040 VUs  5m0s          20.00 iters/s
webhookEntregaFalida   [  75% ] 000/040 VUs  3m44.1s/5m0s  10.94 iters/s

running (14m46.0s), 000/060 VUs, 13956 complete and 0 interrupted iterations
radar                ✓ [ 100% ] 000/060 VUs  5m0s          80.00 iters/s
transferencias       ✓ [ 100% ] 000/040 VUs  5m0s          20.00 iters/s
webhookEntregaFalida   [  75% ] 000/040 VUs  3m45.1s/5m0s  11.01 iters/s

running (14m47.0s), 000/060 VUs, 13967 complete and 0 interrupted iterations
radar                ✓ [ 100% ] 000/060 VUs  5m0s          80.00 iters/s
transferencias       ✓ [ 100% ] 000/040 VUs  5m0s          20.00 iters/s
webhookEntregaFalida   [  75% ] 000/040 VUs  3m46.1s/5m0s  11.07 iters/s

running (14m48.0s), 000/060 VUs, 13978 complete and 0 interrupted iterations
radar                ✓ [ 100% ] 000/060 VUs  5m0s          80.00 iters/s
transferencias       ✓ [ 100% ] 000/040 VUs  5m0s          20.00 iters/s
webhookEntregaFalida   [  76% ] 000/040 VUs  3m47.1s/5m0s  11.14 iters/s

running (14m49.0s), 000/060 VUs, 13989 complete and 0 interrupted iterations
radar                ✓ [ 100% ] 000/060 VUs  5m0s          80.00 iters/s
transferencias       ✓ [ 100% ] 000/040 VUs  5m0s          20.00 iters/s
webhookEntregaFalida   [  76% ] 000/040 VUs  3m48.1s/5m0s  11.20 iters/s

running (14m50.0s), 000/060 VUs, 14001 complete and 0 interrupted iterations
radar                ✓ [ 100% ] 000/060 VUs  5m0s          80.00 iters/s
transferencias       ✓ [ 100% ] 000/040 VUs  5m0s          20.00 iters/s
webhookEntregaFalida   [  76% ] 000/040 VUs  3m49.1s/5m0s  11.28 iters/s

running (14m51.0s), 000/060 VUs, 14012 complete and 0 interrupted iterations
radar                ✓ [ 100% ] 000/060 VUs  5m0s          80.00 iters/s
transferencias       ✓ [ 100% ] 000/040 VUs  5m0s          20.00 iters/s
webhookEntregaFalida   [  77% ] 000/040 VUs  3m50.1s/5m0s  11.34 iters/s

running (14m52.0s), 000/060 VUs, 14023 complete and 0 interrupted iterations
radar                ✓ [ 100% ] 000/060 VUs  5m0s          80.00 iters/s
transferencias       ✓ [ 100% ] 000/040 VUs  5m0s          20.00 iters/s
webhookEntregaFalida   [  77% ] 000/040 VUs  3m51.1s/5m0s  11.40 iters/s

running (14m53.0s), 000/060 VUs, 14035 complete and 0 interrupted iterations
radar                ✓ [ 100% ] 000/060 VUs  5m0s          80.00 iters/s
transferencias       ✓ [ 100% ] 000/040 VUs  5m0s          20.00 iters/s
webhookEntregaFalida   [  77% ] 000/040 VUs  3m52.1s/5m0s  11.47 iters/s

running (14m54.0s), 000/060 VUs, 14046 complete and 0 interrupted iterations
radar                ✓ [ 100% ] 000/060 VUs  5m0s          80.00 iters/s
transferencias       ✓ [ 100% ] 000/040 VUs  5m0s          20.00 iters/s
webhookEntregaFalida   [  78% ] 000/040 VUs  3m53.1s/5m0s  11.54 iters/s

running (14m55.0s), 000/060 VUs, 14058 complete and 0 interrupted iterations
radar                ✓ [ 100% ] 000/060 VUs  5m0s          80.00 iters/s
transferencias       ✓ [ 100% ] 000/040 VUs  5m0s          20.00 iters/s
webhookEntregaFalida   [  78% ] 000/040 VUs  3m54.1s/5m0s  11.61 iters/s

running (14m56.0s), 000/060 VUs, 14069 complete and 0 interrupted iterations
radar                ✓ [ 100% ] 000/060 VUs  5m0s          80.00 iters/s
transferencias       ✓ [ 100% ] 000/040 VUs  5m0s          20.00 iters/s
webhookEntregaFalida   [  78% ] 000/040 VUs  3m55.1s/5m0s  11.67 iters/s

running (14m57.0s), 000/060 VUs, 14081 complete and 0 interrupted iterations
radar                ✓ [ 100% ] 000/060 VUs  5m0s          80.00 iters/s
transferencias       ✓ [ 100% ] 000/040 VUs  5m0s          20.00 iters/s
webhookEntregaFalida   [  79% ] 000/040 VUs  3m56.1s/5m0s  11.74 iters/s

running (14m58.0s), 000/060 VUs, 14093 complete and 0 interrupted iterations
radar                ✓ [ 100% ] 000/060 VUs  5m0s          80.00 iters/s
transferencias       ✓ [ 100% ] 000/040 VUs  5m0s          20.00 iters/s
webhookEntregaFalida   [  79% ] 000/040 VUs  3m57.1s/5m0s  11.81 iters/s

running (14m59.0s), 000/060 VUs, 14105 complete and 0 interrupted iterations
radar                ✓ [ 100% ] 000/060 VUs  5m0s          80.00 iters/s
transferencias       ✓ [ 100% ] 000/040 VUs  5m0s          20.00 iters/s
webhookEntregaFalida   [  79% ] 000/040 VUs  3m58.1s/5m0s  11.87 iters/s

running (15m00.0s), 000/060 VUs, 14117 complete and 0 interrupted iterations
radar                ✓ [ 100% ] 000/060 VUs  5m0s          80.00 iters/s
transferencias       ✓ [ 100% ] 000/040 VUs  5m0s          20.00 iters/s
webhookEntregaFalida   [  80% ] 000/040 VUs  3m59.1s/5m0s  11.94 iters/s

running (15m01.0s), 000/060 VUs, 14129 complete and 0 interrupted iterations
radar                ✓ [ 100% ] 000/060 VUs  5m0s          80.00 iters/s
transferencias       ✓ [ 100% ] 000/040 VUs  5m0s          20.00 iters/s
webhookEntregaFalida   [  80% ] 000/040 VUs  4m00.1s/5m0s  12.01 iters/s

running (15m02.0s), 000/060 VUs, 14141 complete and 0 interrupted iterations
radar                ✓ [ 100% ] 000/060 VUs  5m0s          80.00 iters/s
transferencias       ✓ [ 100% ] 000/040 VUs  5m0s          20.00 iters/s
webhookEntregaFalida   [  80% ] 000/040 VUs  4m01.1s/5m0s  12.07 iters/s

running (15m03.0s), 000/060 VUs, 14153 complete and 0 interrupted iterations
radar                ✓ [ 100% ] 000/060 VUs  5m0s          80.00 iters/s
transferencias       ✓ [ 100% ] 000/040 VUs  5m0s          20.00 iters/s
webhookEntregaFalida   [  81% ] 000/040 VUs  4m02.1s/5m0s  12.14 iters/s

running (15m04.0s), 000/060 VUs, 14165 complete and 0 interrupted iterations
radar                ✓ [ 100% ] 000/060 VUs  5m0s          80.00 iters/s
transferencias       ✓ [ 100% ] 000/040 VUs  5m0s          20.00 iters/s
webhookEntregaFalida   [  81% ] 000/040 VUs  4m03.1s/5m0s  12.21 iters/s

running (15m05.0s), 000/060 VUs, 14177 complete and 0 interrupted iterations
radar                ✓ [ 100% ] 000/060 VUs  5m0s          80.00 iters/s
transferencias       ✓ [ 100% ] 000/040 VUs  5m0s          20.00 iters/s
webhookEntregaFalida   [  81% ] 000/040 VUs  4m04.1s/5m0s  12.27 iters/s

running (15m06.0s), 000/060 VUs, 14190 complete and 0 interrupted iterations
radar                ✓ [ 100% ] 000/060 VUs  5m0s          80.00 iters/s
transferencias       ✓ [ 100% ] 000/040 VUs  5m0s          20.00 iters/s
webhookEntregaFalida   [  82% ] 000/040 VUs  4m05.1s/5m0s  12.34 iters/s

running (15m07.0s), 000/060 VUs, 14202 complete and 0 interrupted iterations
radar                ✓ [ 100% ] 000/060 VUs  5m0s          80.00 iters/s
transferencias       ✓ [ 100% ] 000/040 VUs  5m0s          20.00 iters/s
webhookEntregaFalida   [  82% ] 000/040 VUs  4m06.1s/5m0s  12.41 iters/s

running (15m08.0s), 000/060 VUs, 14214 complete and 0 interrupted iterations
radar                ✓ [ 100% ] 000/060 VUs  5m0s          80.00 iters/s
transferencias       ✓ [ 100% ] 000/040 VUs  5m0s          20.00 iters/s
webhookEntregaFalida   [  82% ] 000/040 VUs  4m07.1s/5m0s  12.47 iters/s

running (15m09.0s), 000/060 VUs, 14227 complete and 0 interrupted iterations
radar                ✓ [ 100% ] 000/060 VUs  5m0s          80.00 iters/s
transferencias       ✓ [ 100% ] 000/040 VUs  5m0s          20.00 iters/s
webhookEntregaFalida   [  83% ] 000/040 VUs  4m08.1s/5m0s  12.54 iters/s

running (15m10.0s), 000/060 VUs, 14239 complete and 0 interrupted iterations
radar                ✓ [ 100% ] 000/060 VUs  5m0s          80.00 iters/s
transferencias       ✓ [ 100% ] 000/040 VUs  5m0s          20.00 iters/s
webhookEntregaFalida   [  83% ] 000/040 VUs  4m09.1s/5m0s  12.60 iters/s

running (15m11.0s), 000/060 VUs, 14252 complete and 0 interrupted iterations
radar                ✓ [ 100% ] 000/060 VUs  5m0s          80.00 iters/s
transferencias       ✓ [ 100% ] 000/040 VUs  5m0s          20.00 iters/s
webhookEntregaFalida   [  83% ] 000/040 VUs  4m10.1s/5m0s  12.67 iters/s

running (15m12.0s), 000/060 VUs, 14265 complete and 0 interrupted iterations
radar                ✓ [ 100% ] 000/060 VUs  5m0s          80.00 iters/s
transferencias       ✓ [ 100% ] 000/040 VUs  5m0s          20.00 iters/s
webhookEntregaFalida   [  84% ] 000/040 VUs  4m11.1s/5m0s  12.74 iters/s

running (15m13.0s), 000/060 VUs, 14278 complete and 0 interrupted iterations
radar                ✓ [ 100% ] 000/060 VUs  5m0s          80.00 iters/s
transferencias       ✓ [ 100% ] 000/040 VUs  5m0s          20.00 iters/s
webhookEntregaFalida   [  84% ] 000/040 VUs  4m12.1s/5m0s  12.81 iters/s

running (15m14.0s), 000/060 VUs, 14290 complete and 0 interrupted iterations
radar                ✓ [ 100% ] 000/060 VUs  5m0s          80.00 iters/s
transferencias       ✓ [ 100% ] 000/040 VUs  5m0s          20.00 iters/s
webhookEntregaFalida   [  84% ] 000/040 VUs  4m13.1s/5m0s  12.87 iters/s

running (15m15.0s), 000/060 VUs, 14303 complete and 0 interrupted iterations
radar                ✓ [ 100% ] 000/060 VUs  5m0s          80.00 iters/s
transferencias       ✓ [ 100% ] 000/040 VUs  5m0s          20.00 iters/s
webhookEntregaFalida   [  85% ] 000/040 VUs  4m14.1s/5m0s  12.94 iters/s

running (15m16.0s), 000/060 VUs, 14316 complete and 0 interrupted iterations
radar                ✓ [ 100% ] 000/060 VUs  5m0s          80.00 iters/s
transferencias       ✓ [ 100% ] 000/040 VUs  5m0s          20.00 iters/s
webhookEntregaFalida   [  85% ] 000/040 VUs  4m15.1s/5m0s  13.01 iters/s

running (15m17.0s), 000/060 VUs, 14329 complete and 0 interrupted iterations
radar                ✓ [ 100% ] 000/060 VUs  5m0s          80.00 iters/s
transferencias       ✓ [ 100% ] 000/040 VUs  5m0s          20.00 iters/s
webhookEntregaFalida   [  85% ] 000/040 VUs  4m16.1s/5m0s  13.07 iters/s

running (15m18.0s), 000/060 VUs, 14342 complete and 0 interrupted iterations
radar                ✓ [ 100% ] 000/060 VUs  5m0s          80.00 iters/s
transferencias       ✓ [ 100% ] 000/040 VUs  5m0s          20.00 iters/s
webhookEntregaFalida   [  86% ] 000/040 VUs  4m17.1s/5m0s  13.14 iters/s

running (15m19.0s), 000/060 VUs, 14356 complete and 0 interrupted iterations
radar                ✓ [ 100% ] 000/060 VUs  5m0s          80.00 iters/s
transferencias       ✓ [ 100% ] 000/040 VUs  5m0s          20.00 iters/s
webhookEntregaFalida   [  86% ] 000/040 VUs  4m18.1s/5m0s  13.21 iters/s

running (15m20.0s), 000/060 VUs, 14369 complete and 0 interrupted iterations
radar                ✓ [ 100% ] 000/060 VUs  5m0s          80.00 iters/s
transferencias       ✓ [ 100% ] 000/040 VUs  5m0s          20.00 iters/s
webhookEntregaFalida   [  86% ] 000/040 VUs  4m19.1s/5m0s  13.27 iters/s

running (15m21.0s), 000/060 VUs, 14382 complete and 0 interrupted iterations
radar                ✓ [ 100% ] 000/060 VUs  5m0s          80.00 iters/s
transferencias       ✓ [ 100% ] 000/040 VUs  5m0s          20.00 iters/s
webhookEntregaFalida   [  87% ] 000/040 VUs  4m20.1s/5m0s  13.34 iters/s

running (15m22.0s), 001/060 VUs, 14395 complete and 0 interrupted iterations
radar                ✓ [ 100% ] 000/060 VUs  5m0s          80.00 iters/s
transferencias       ✓ [ 100% ] 000/040 VUs  5m0s          20.00 iters/s
webhookEntregaFalida   [  87% ] 001/040 VUs  4m21.1s/5m0s  13.41 iters/s

running (15m23.0s), 000/060 VUs, 14409 complete and 0 interrupted iterations
radar                ✓ [ 100% ] 000/060 VUs  5m0s          80.00 iters/s
transferencias       ✓ [ 100% ] 000/040 VUs  5m0s          20.00 iters/s
webhookEntregaFalida   [  87% ] 000/040 VUs  4m22.1s/5m0s  13.47 iters/s

running (15m24.0s), 000/060 VUs, 14422 complete and 0 interrupted iterations
radar                ✓ [ 100% ] 000/060 VUs  5m0s          80.00 iters/s
transferencias       ✓ [ 100% ] 000/040 VUs  5m0s          20.00 iters/s
webhookEntregaFalida   [  88% ] 000/040 VUs  4m23.1s/5m0s  13.54 iters/s

running (15m25.0s), 000/060 VUs, 14436 complete and 0 interrupted iterations
radar                ✓ [ 100% ] 000/060 VUs  5m0s          80.00 iters/s
transferencias       ✓ [ 100% ] 000/040 VUs  5m0s          20.00 iters/s
webhookEntregaFalida   [  88% ] 000/040 VUs  4m24.1s/5m0s  13.61 iters/s

running (15m26.0s), 000/060 VUs, 14450 complete and 0 interrupted iterations
radar                ✓ [ 100% ] 000/060 VUs  5m0s          80.00 iters/s
transferencias       ✓ [ 100% ] 000/040 VUs  5m0s          20.00 iters/s
webhookEntregaFalida   [  88% ] 000/040 VUs  4m25.1s/5m0s  13.67 iters/s

running (15m27.0s), 000/060 VUs, 14463 complete and 0 interrupted iterations
radar                ✓ [ 100% ] 000/060 VUs  5m0s          80.00 iters/s
transferencias       ✓ [ 100% ] 000/040 VUs  5m0s          20.00 iters/s
webhookEntregaFalida   [  89% ] 000/040 VUs  4m26.1s/5m0s  13.74 iters/s

running (15m28.0s), 000/060 VUs, 14477 complete and 0 interrupted iterations
radar                ✓ [ 100% ] 000/060 VUs  5m0s          80.00 iters/s
transferencias       ✓ [ 100% ] 000/040 VUs  5m0s          20.00 iters/s
webhookEntregaFalida   [  89% ] 000/040 VUs  4m27.1s/5m0s  13.81 iters/s

running (15m29.0s), 000/060 VUs, 14491 complete and 0 interrupted iterations
radar                ✓ [ 100% ] 000/060 VUs  5m0s          80.00 iters/s
transferencias       ✓ [ 100% ] 000/040 VUs  5m0s          20.00 iters/s
webhookEntregaFalida   [  89% ] 000/040 VUs  4m28.1s/5m0s  13.87 iters/s

running (15m30.0s), 000/060 VUs, 14505 complete and 0 interrupted iterations
radar                ✓ [ 100% ] 000/060 VUs  5m0s          80.00 iters/s
transferencias       ✓ [ 100% ] 000/040 VUs  5m0s          20.00 iters/s
webhookEntregaFalida   [  90% ] 000/040 VUs  4m29.1s/5m0s  13.94 iters/s

running (15m31.0s), 000/060 VUs, 14519 complete and 0 interrupted iterations
radar                ✓ [ 100% ] 000/060 VUs  5m0s          80.00 iters/s
transferencias       ✓ [ 100% ] 000/040 VUs  5m0s          20.00 iters/s
webhookEntregaFalida   [  90% ] 000/040 VUs  4m30.1s/5m0s  14.01 iters/s

running (15m32.0s), 000/060 VUs, 14533 complete and 0 interrupted iterations
radar                ✓ [ 100% ] 000/060 VUs  5m0s          80.00 iters/s
transferencias       ✓ [ 100% ] 000/040 VUs  5m0s          20.00 iters/s
webhookEntregaFalida   [  90% ] 000/040 VUs  4m31.1s/5m0s  14.07 iters/s

running (15m33.0s), 000/060 VUs, 14547 complete and 0 interrupted iterations
radar                ✓ [ 100% ] 000/060 VUs  5m0s          80.00 iters/s
transferencias       ✓ [ 100% ] 000/040 VUs  5m0s          20.00 iters/s
webhookEntregaFalida   [  91% ] 000/040 VUs  4m32.1s/5m0s  14.14 iters/s

running (15m34.0s), 000/060 VUs, 14561 complete and 0 interrupted iterations
radar                ✓ [ 100% ] 000/060 VUs  5m0s          80.00 iters/s
transferencias       ✓ [ 100% ] 000/040 VUs  5m0s          20.00 iters/s
webhookEntregaFalida   [  91% ] 000/040 VUs  4m33.1s/5m0s  14.21 iters/s

running (15m35.0s), 000/060 VUs, 14575 complete and 0 interrupted iterations
radar                ✓ [ 100% ] 000/060 VUs  5m0s          80.00 iters/s
transferencias       ✓ [ 100% ] 000/040 VUs  5m0s          20.00 iters/s
webhookEntregaFalida   [  91% ] 000/040 VUs  4m34.1s/5m0s  14.27 iters/s

running (15m36.0s), 000/060 VUs, 14590 complete and 0 interrupted iterations
radar                ✓ [ 100% ] 000/060 VUs  5m0s          80.00 iters/s
transferencias       ✓ [ 100% ] 000/040 VUs  5m0s          20.00 iters/s
webhookEntregaFalida   [  92% ] 000/040 VUs  4m35.1s/5m0s  14.34 iters/s

running (15m37.0s), 000/060 VUs, 14604 complete and 0 interrupted iterations
radar                ✓ [ 100% ] 000/060 VUs  5m0s          80.00 iters/s
transferencias       ✓ [ 100% ] 000/040 VUs  5m0s          20.00 iters/s
webhookEntregaFalida   [  92% ] 000/040 VUs  4m36.1s/5m0s  14.41 iters/s

running (15m38.0s), 000/060 VUs, 14619 complete and 0 interrupted iterations
radar                ✓ [ 100% ] 000/060 VUs  5m0s          80.00 iters/s
transferencias       ✓ [ 100% ] 000/040 VUs  5m0s          20.00 iters/s
webhookEntregaFalida   [  92% ] 000/040 VUs  4m37.1s/5m0s  14.48 iters/s

running (15m39.0s), 000/060 VUs, 14633 complete and 0 interrupted iterations
radar                ✓ [ 100% ] 000/060 VUs  5m0s          80.00 iters/s
transferencias       ✓ [ 100% ] 000/040 VUs  5m0s          20.00 iters/s
webhookEntregaFalida   [  93% ] 000/040 VUs  4m38.1s/5m0s  14.54 iters/s

running (15m40.0s), 000/060 VUs, 14648 complete and 0 interrupted iterations
radar                ✓ [ 100% ] 000/060 VUs  5m0s          80.00 iters/s
transferencias       ✓ [ 100% ] 000/040 VUs  5m0s          20.00 iters/s
webhookEntregaFalida   [  93% ] 000/040 VUs  4m39.1s/5m0s  14.61 iters/s

running (15m41.0s), 000/060 VUs, 14662 complete and 0 interrupted iterations
radar                ✓ [ 100% ] 000/060 VUs  5m0s          80.00 iters/s
transferencias       ✓ [ 100% ] 000/040 VUs  5m0s          20.00 iters/s
webhookEntregaFalida   [  93% ] 000/040 VUs  4m40.1s/5m0s  14.67 iters/s

running (15m42.0s), 000/060 VUs, 14677 complete and 0 interrupted iterations
radar                ✓ [ 100% ] 000/060 VUs  5m0s          80.00 iters/s
transferencias       ✓ [ 100% ] 000/040 VUs  5m0s          20.00 iters/s
webhookEntregaFalida   [  94% ] 000/040 VUs  4m41.1s/5m0s  14.74 iters/s

running (15m43.0s), 000/060 VUs, 14692 complete and 0 interrupted iterations
radar                ✓ [ 100% ] 000/060 VUs  5m0s          80.00 iters/s
transferencias       ✓ [ 100% ] 000/040 VUs  5m0s          20.00 iters/s
webhookEntregaFalida   [  94% ] 000/040 VUs  4m42.1s/5m0s  14.81 iters/s

running (15m44.0s), 000/060 VUs, 14707 complete and 0 interrupted iterations
radar                ✓ [ 100% ] 000/060 VUs  5m0s          80.00 iters/s
transferencias       ✓ [ 100% ] 000/040 VUs  5m0s          20.00 iters/s
webhookEntregaFalida   [  94% ] 000/040 VUs  4m43.1s/5m0s  14.88 iters/s

running (15m45.0s), 001/060 VUs, 14721 complete and 0 interrupted iterations
radar                ✓ [ 100% ] 000/060 VUs  5m0s          80.00 iters/s
transferencias       ✓ [ 100% ] 000/040 VUs  5m0s          20.00 iters/s
webhookEntregaFalida   [  95% ] 001/040 VUs  4m44.1s/5m0s  14.94 iters/s

running (15m46.0s), 000/060 VUs, 14736 complete and 0 interrupted iterations
radar                ✓ [ 100% ] 000/060 VUs  5m0s          80.00 iters/s
transferencias       ✓ [ 100% ] 000/040 VUs  5m0s          20.00 iters/s
webhookEntregaFalida   [  95% ] 000/040 VUs  4m45.1s/5m0s  15.00 iters/s

running (15m47.0s), 000/060 VUs, 14752 complete and 0 interrupted iterations
radar                ✓ [ 100% ] 000/060 VUs  5m0s          80.00 iters/s
transferencias       ✓ [ 100% ] 000/040 VUs  5m0s          20.00 iters/s
webhookEntregaFalida   [  95% ] 000/040 VUs  4m46.1s/5m0s  15.08 iters/s

running (15m48.0s), 000/060 VUs, 14767 complete and 0 interrupted iterations
radar                ✓ [ 100% ] 000/060 VUs  5m0s          80.00 iters/s
transferencias       ✓ [ 100% ] 000/040 VUs  5m0s          20.00 iters/s
webhookEntregaFalida   [  96% ] 000/040 VUs  4m47.1s/5m0s  15.14 iters/s

running (15m49.0s), 000/060 VUs, 14782 complete and 0 interrupted iterations
radar                ✓ [ 100% ] 000/060 VUs  5m0s          80.00 iters/s
transferencias       ✓ [ 100% ] 000/040 VUs  5m0s          20.00 iters/s
webhookEntregaFalida   [  96% ] 000/040 VUs  4m48.1s/5m0s  15.21 iters/s

running (15m50.0s), 000/060 VUs, 14797 complete and 0 interrupted iterations
radar                ✓ [ 100% ] 000/060 VUs  5m0s          80.00 iters/s
transferencias       ✓ [ 100% ] 000/040 VUs  5m0s          20.00 iters/s
webhookEntregaFalida   [  96% ] 000/040 VUs  4m49.1s/5m0s  15.27 iters/s

running (15m51.0s), 000/060 VUs, 14812 complete and 0 interrupted iterations
radar                ✓ [ 100% ] 000/060 VUs  5m0s          80.00 iters/s
transferencias       ✓ [ 100% ] 000/040 VUs  5m0s          20.00 iters/s
webhookEntregaFalida   [  97% ] 000/040 VUs  4m50.1s/5m0s  15.34 iters/s

running (15m52.0s), 000/060 VUs, 14828 complete and 0 interrupted iterations
radar                ✓ [ 100% ] 000/060 VUs  5m0s          80.00 iters/s
transferencias       ✓ [ 100% ] 000/040 VUs  5m0s          20.00 iters/s
webhookEntregaFalida   [  97% ] 000/040 VUs  4m51.1s/5m0s  15.41 iters/s

running (15m53.0s), 000/060 VUs, 14843 complete and 0 interrupted iterations
radar                ✓ [ 100% ] 000/060 VUs  5m0s          80.00 iters/s
transferencias       ✓ [ 100% ] 000/040 VUs  5m0s          20.00 iters/s
webhookEntregaFalida   [  97% ] 000/040 VUs  4m52.1s/5m0s  15.47 iters/s

running (15m54.0s), 000/060 VUs, 14859 complete and 0 interrupted iterations
radar                ✓ [ 100% ] 000/060 VUs  5m0s          80.00 iters/s
transferencias       ✓ [ 100% ] 000/040 VUs  5m0s          20.00 iters/s
webhookEntregaFalida   [  98% ] 000/040 VUs  4m53.1s/5m0s  15.54 iters/s

running (15m55.0s), 000/060 VUs, 14874 complete and 0 interrupted iterations
radar                ✓ [ 100% ] 000/060 VUs  5m0s          80.00 iters/s
transferencias       ✓ [ 100% ] 000/040 VUs  5m0s          20.00 iters/s
webhookEntregaFalida   [  98% ] 000/040 VUs  4m54.1s/5m0s  15.61 iters/s

running (15m56.0s), 000/060 VUs, 14890 complete and 0 interrupted iterations
radar                ✓ [ 100% ] 000/060 VUs  5m0s          80.00 iters/s
transferencias       ✓ [ 100% ] 000/040 VUs  5m0s          20.00 iters/s
webhookEntregaFalida   [  98% ] 000/040 VUs  4m55.1s/5m0s  15.67 iters/s

running (15m57.0s), 000/060 VUs, 14906 complete and 0 interrupted iterations
radar                ✓ [ 100% ] 000/060 VUs  5m0s          80.00 iters/s
transferencias       ✓ [ 100% ] 000/040 VUs  5m0s          20.00 iters/s
webhookEntregaFalida   [  99% ] 000/040 VUs  4m56.1s/5m0s  15.74 iters/s

running (15m58.0s), 000/060 VUs, 14921 complete and 0 interrupted iterations
radar                ✓ [ 100% ] 000/060 VUs  5m0s          80.00 iters/s
transferencias       ✓ [ 100% ] 000/040 VUs  5m0s          20.00 iters/s
webhookEntregaFalida   [  99% ] 000/040 VUs  4m57.1s/5m0s  15.81 iters/s

running (15m59.0s), 000/060 VUs, 14937 complete and 0 interrupted iterations
radar                ✓ [ 100% ] 000/060 VUs  5m0s          80.00 iters/s
transferencias       ✓ [ 100% ] 000/040 VUs  5m0s          20.00 iters/s
webhookEntregaFalida   [  99% ] 000/040 VUs  4m58.1s/5m0s  15.87 iters/s

running (16m00.0s), 000/060 VUs, 14953 complete and 0 interrupted iterations
radar                ✓ [ 100% ] 000/060 VUs  5m0s          80.00 iters/s
transferencias       ✓ [ 100% ] 000/040 VUs  5m0s          20.00 iters/s
webhookEntregaFalida   [ 100% ] 000/040 VUs  4m59.1s/5m0s  15.94 iters/s


  █ TOTAL RESULTS 

    checks_total.......: 14967   15.576363/s
    checks_succeeded...: 100.00% 14967 out of 14967
    checks_failed......: 0.00%   0 out of 14967

    ✓ radar 200 ou 429
    ✓ transferência 201/422/429
    ✓ webhook 200 ou 429

    CUSTOM
    erros_inesperados..............: 0.00%  0 out of 14967
    radar_cache_frio_ms............: avg=3.97ms  min=1.76ms   med=3.43ms max=68.23ms  p(90)=5.12ms  p(95)=8.79ms 
    radar_cache_quente_ms..........: avg=2.54ms  min=1.51ms   med=2.01ms max=414.67ms p(90)=3.04ms  p(95)=6.68ms 
    respostas_422..................: 269    0.279952/s
    respostas_429..................: 2456   2.555993/s
    transferencia_ms...............: avg=9.59ms  min=6.17ms   med=9.24ms max=105.58ms p(90)=11.58ms p(95)=12.25ms
    webhook_convertida.............: 57     0.059321/s
    webhook_ms.....................: avg=10.61ms min=4.44ms   med=7.95ms max=1.26s    p(90)=9.99ms  p(95)=13.17ms
    webhook_recusada...............: 631    0.65669/s

    HTTP
    http_req_duration..............: avg=3.81ms  min=360.15µs med=2.48ms max=1.26s    p(90)=8.42ms  p(95)=10.07ms
      { expected_response:true }...: avg=4.36ms  min=1.51ms   med=2.88ms max=1.26s    p(90)=8.83ms  p(95)=10.59ms
    http_req_failed................: 18.19% 2725 out of 14976
    http_reqs......................: 14976  15.58573/s

    EXECUTION
    iteration_duration.............: avg=3.92ms  min=483.64µs med=2.61ms max=1.26s    p(90)=8.66ms  p(95)=10.3ms 
    iterations.....................: 14967  15.576363/s
    vus............................: 0      min=0             max=2 
    vus_max........................: 60     min=60            max=60

    NETWORK
    data_received..................: 50 MB  52 kB/s
    data_sent......................: 13 MB  14 kB/s




running (16m00.9s), 000/060 VUs, 14967 complete and 0 interrupted iterations
radar                ✓ [ 100% ] 000/060 VUs  5m0s  80.00 iters/s
transferencias       ✓ [ 100% ] 000/040 VUs  5m0s  20.00 iters/s
webhookEntregaFalida ✓ [ 100% ] 000/040 VUs  5m0s  16.00 iters/s
